run_id,target_line,run_number,depth_max,xdepth_max,mul_total,relin_total,mod_switch_total,he_add_total,rotate_total,rotation_keys,relin_keys,execution_time_ms,noise,llm_benchmark_compile_time_ms
1,3448,1,10,3,9,9,9,9,9,1,1,286.816,42,1045.14
2,3448,2,10,3,9,9,9,9,9,1,1,286.421,41,748.795
3,3448,3,10,3,9,9,9,9,9,1,1,286.636,42,744.865
4,3449,1,9,3,9,9,9,9,9,2,1,286.266,42,258.015
5,3449,2,9,3,9,9,9,9,9,2,1,286.522,42,252.485
6,3449,3,9,3,9,9,9,9,9,2,1,286.374,42,251.718
7,3450,1,9,2,30,30,30,30,30,0,1,286.431,42,402.892
8,3450,2,9,2,30,30,30,30,30,0,1,286.082,41,414.607
9,3450,3,9,2,30,30,30,30,30,0,1,286.225,42,400.014
10,3451,1,6,1,24,24,24,24,24,0,1,286.3,41,144.044
11,3451,2,6,1,24,24,24,24,24,0,1,286.063,41,148.658
12,3451,3,6,1,24,24,24,24,24,0,1,286.531,42,146.15
13,3452,1,9,3,8,8,8,8,8,0,1,286.132,41,7445.42
14,3452,2,9,3,8,8,8,8,8,0,1,285.744,42,7409.93
15,3452,3,9,3,8,8,8,8,8,0,1,285.712,42,7380.25
16,3453,1,7,3,11,11,11,11,11,1,1,286.691,42,165.068
17,3453,2,7,3,12,12,12,12,12,1,1,286.314,41,169.716
18,3453,3,7,3,12,12,12,12,12,1,1,286.526,42,180.239
19,3454,1,4,1,3,3,3,3,3,1,1,285.77,42,140.776
20,3454,2,4,1,3,3,3,3,3,1,1,286.16,42,145.362
21,3454,3,4,1,3,3,3,3,3,1,1,286.128,42,139.945
22,3455,1,5,2,10,10,10,10,10,0,1,287.081,42,151.718
23,3455,2,5,2,10,10,10,10,10,0,1,286.556,42,153.13
24,3455,3,5,2,10,10,10,10,10,0,1,286.741,42,154.674
25,3456,1,8,3,4,4,4,4,4,1,1,286.647,41,207.747
26,3456,2,8,3,4,4,4,4,4,1,1,285.671,42,207.953
27,3456,3,8,3,4,4,4,4,4,1,1,286.619,42,204.41
28,3457,1,3,1,3,3,3,3,3,0,1,286.355,42,145.5
29,3457,2,3,1,3,3,3,3,3,0,1,286.781,42,144.906
30,3457,3,3,1,3,3,3,3,3,0,1,285.915,42,144.23
31,3458,1,4,2,4,4,4,4,4,0,1,285.641,41,149.246
32,3458,2,4,2,4,4,4,4,4,0,1,286.515,42,143.641
33,3458,3,4,2,4,4,4,4,4,0,1,286.32,41,155.49
34,3459,1,5,2,4,4,4,4,4,1,1,285.571,42,144.458
35,3459,2,5,2,4,4,4,4,4,1,1,286.625,42,147.882
36,3459,3,5,2,4,4,4,4,4,1,1,285.811,42,143.814
37,3460,1,8,2,5,5,5,5,5,1,1,286.329,42,205.606
38,3460,2,8,2,5,5,5,5,5,1,1,285.544,41,202.58
39,3460,3,8,2,5,5,5,5,5,1,1,286.377,42,202.643
40,3461,1,5,2,3,3,3,3,3,1,1,285.729,41,145.699
41,3461,2,5,2,3,3,3,3,3,1,1,285.867,42,143.514
42,3461,3,5,2,3,3,3,3,3,1,1,286.623,42,148.082
43,3462,1,6,2,8,8,8,8,8,0,1,286.612,41,176.101
44,3462,2,6,2,8,8,8,8,8,0,1,285.89,42,174.586
45,3462,3,6,2,8,8,8,8,8,0,1,287.266,42,178.974
46,3463,1,5,2,3,3,3,3,3,1,1,286.439,41,161.084
47,3463,2,5,2,3,3,3,3,3,1,1,285.78,41,162.592
48,3463,3,5,2,3,3,3,3,3,1,1,286.363,42,177.21
49,3464,1,7,3,9,9,9,9,9,0,1,286.308,42,260.389
50,3464,2,7,3,9,9,9,9,9,0,1,286.36,42,264.705
51,3464,3,7,3,9,9,9,9,9,0,1,286.252,42,260.292
52,3465,1,5,1,10,10,10,10,10,0,1,286.463,42,147.226
53,3465,2,5,1,10,10,10,10,10,0,1,286.294,42,144.838
54,3465,3,5,1,10,10,10,10,10,0,1,286.616,41,146.079
55,3466,1,3,2,2,2,2,2,2,0,1,285.484,41,155.141
56,3466,2,3,2,2,2,2,2,2,0,1,286.498,42,153.175
57,3466,3,3,2,2,2,2,2,2,0,1,286.319,42,150.884
58,3467,1,6,1,26,26,26,26,26,0,1,286.697,41,148.123
59,3467,2,6,1,26,26,26,26,26,0,1,285.952,41,145.715
60,3467,3,6,1,26,26,26,26,26,0,1,285.893,42,145.284
61,3468,1,5,2,3,3,3,3,3,3,1,285.779,42,147.871
62,3468,2,5,2,3,3,3,3,3,3,1,286.31,42,146.598
63,3468,3,5,2,3,3,3,3,3,3,1,286.472,41,161.513
64,3469,1,7,4,9,9,9,9,9,1,1,285.676,41,173.386
65,3469,2,7,4,9,9,9,9,9,1,1,286.266,42,177.34
66,3469,3,7,4,9,9,9,9,9,1,1,285.784,42,176.891
67,3470,1,7,2,5,5,5,5,5,2,1,286.107,42,223.1
68,3470,2,7,2,5,5,5,5,5,2,1,286.534,42,156.12
69,3470,3,7,2,5,5,5,5,5,2,1,285.604,41,156.221
70,3471,1,3,1,2,2,2,2,2,0,1,286.413,42,156.84
71,3471,2,3,1,2,2,2,2,2,0,1,286.6,42,154.465
72,3471,3,3,1,2,2,2,2,2,0,1,286.305,42,155.881
73,3472,1,4,2,2,2,2,2,2,1,1,287.014,42,145.903
74,3472,2,4,2,2,2,2,2,2,1,1,286.612,41,146.006
75,3472,3,4,2,2,2,2,2,2,1,1,287.049,42,145.982
76,3473,1,6,2,13,13,13,13,13,0,1,286.741,42,150.81
77,3473,2,6,2,13,13,13,13,13,0,1,286.48,42,155.637
78,3473,3,6,2,13,13,13,13,13,0,1,287.212,41,163.035
79,3474,1,5,1,11,11,11,11,11,0,1,286.748,41,158.806
80,3474,2,5,1,11,11,11,11,11,0,1,287.422,41,162.197
81,3474,3,5,1,11,11,11,11,11,0,1,286.994,42,159.257
82,3475,1,4,1,3,3,3,3,3,1,1,286.749,42,193.481
83,3475,2,4,1,3,3,3,3,3,1,1,287.093,42,191.46
84,3475,3,4,1,3,3,3,3,3,1,1,286.514,42,195.347
85,3476,1,6,2,4,4,4,4,4,0,1,285.777,41,290.085
86,3476,2,6,2,4,4,4,4,4,0,1,286.296,42,291.691
87,3476,3,6,2,4,4,4,4,4,0,1,286.333,41,294.305
88,3477,1,6,2,7,7,7,7,7,1,1,286.77,42,2512.79
89,3477,2,6,2,7,7,7,7,7,1,1,286.72,42,2496.84
90,3477,3,6,2,7,7,7,7,7,1,1,286.652,42,2503.93
91,3478,1,4,2,3,3,3,3,3,1,1,286.653,41,153.0
92,3478,2,4,2,3,3,3,3,3,1,1,286.728,42,142.005
93,3478,3,5,2,3,3,3,3,3,1,1,286.976,42,148.438
94,3479,1,6,2,5,5,5,5,5,1,1,286.459,41,150.904
95,3479,2,6,2,5,5,5,5,5,1,1,286.75,42,150.992
96,3479,3,6,2,5,5,5,5,5,1,1,286.153,41,150.934
97,3480,1,4,1,7,7,7,7,7,0,1,286.567,41,144.053
98,3480,2,4,1,7,7,7,7,7,0,1,285.726,41,145.869
99,3480,3,4,1,7,7,7,7,7,0,1,286.827,41,145.296
100,3481,1,6,2,4,4,4,4,4,1,1,286.355,42,691.405
101,3481,2,6,2,4,4,4,4,4,1,1,286.499,42,687.328
102,3481,3,6,2,4,4,4,4,4,1,1,285.985,42,694.044
103,3482,1,7,2,25,25,25,25,25,0,1,286.142,41,150.366
104,3482,2,7,2,25,25,25,25,25,0,1,286.346,42,145.224
105,3482,3,7,2,25,25,25,25,25,0,1,286.613,42,147.975
106,3483,1,7,3,11,11,11,11,11,1,1,285.88,41,179.836
107,3483,2,7,3,11,11,11,11,11,1,1,286.139,42,168.415
108,3483,3,7,3,11,11,11,11,11,1,1,286.373,42,170.387
109,3484,1,4,1,2,2,2,2,2,1,1,285.935,42,181.418
110,3484,2,4,1,2,2,2,2,2,1,1,286.358,41,184.336
111,3484,3,4,1,2,2,2,2,2,1,1,286.09,42,182.872
112,3485,1,6,2,10,10,10,10,10,0,1,286.255,42,2732.77
113,3485,2,6,2,10,10,10,10,10,0,1,286.007,41,2703.66
114,3485,3,6,2,10,10,10,10,10,0,1,286.613,41,2717.81
115,3486,1,5,2,2,2,2,2,2,1,1,286.522,42,187.453
116,3486,2,5,2,2,2,2,2,2,1,1,285.717,42,185.578
117,3486,3,5,2,2,2,2,2,2,1,1,286.495,42,183.405
118,3487,1,4,1,7,7,7,7,7,0,1,286.55,42,157.551
119,3487,2,4,1,7,7,7,7,7,0,1,285.635,42,165.463
120,3487,3,4,1,7,7,7,7,7,0,1,286.074,42,154.324
121,3488,1,7,3,11,11,11,11,11,0,1,285.844,42,1956.37
122,3488,2,7,3,11,11,11,11,11,0,1,285.947,42,1961.77
123,3488,3,7,3,11,11,11,11,11,0,1,286.332,42,1974.57
124,3489,1,9,2,7,7,7,7,7,2,1,286.403,41,254.414
125,3489,2,9,2,7,7,7,7,7,2,1,285.797,41,255.009
126,3489,3,9,2,7,7,7,7,7,2,1,286.645,42,253.457
127,3490,1,4,2,6,6,6,6,6,0,1,286.235,42,167.653
128,3490,2,4,2,6,6,6,6,6,0,1,286.771,41,169.288
129,3490,3,4,2,6,6,6,6,6,0,1,286.357,41,169.65
130,3491,1,6,2,11,11,11,11,11,0,1,286.486,42,176.476
131,3491,2,6,2,11,11,11,11,11,0,1,287.464,41,170.305
132,3491,3,6,2,11,11,11,11,11,0,1,287.054,42,172.178
133,3492,1,6,3,11,11,11,11,11,0,1,286.432,41,297.211
134,3492,2,6,3,11,11,11,11,11,0,1,286.811,41,287.658
135,3492,3,6,3,11,11,11,11,11,0,1,286.808,42,289.876
136,3493,1,5,2,2,2,2,2,2,1,1,286.472,42,271.065
137,3493,2,5,2,2,2,2,2,2,1,1,286.539,42,271.781
138,3493,3,5,2,2,2,2,2,2,1,1,286.862,42,271.269
139,3494,1,8,3,4,4,4,4,4,1,1,286.711,42,482.93
140,3494,2,8,3,4,4,4,4,4,1,1,287.054,42,488.66
141,3494,3,8,3,4,4,4,4,4,1,1,286.755,42,486.533
142,3495,1,8,3,10,10,10,10,10,0,1,286.996,42,7446.76
143,3495,2,8,3,10,10,10,10,10,0,1,286.866,41,7434.39
144,3495,3,8,3,10,10,10,10,10,0,1,287.072,42,7395.76
145,3496,1,5,2,3,3,3,3,3,1,1,286.168,42,148.077
146,3496,2,5,2,3,3,3,3,3,1,1,286.485,41,144.397
147,3496,3,5,2,3,3,3,3,3,1,1,286.805,41,145.139
148,3497,1,3,1,4,4,4,4,4,0,1,287.479,42,157.404
149,3497,2,3,1,4,4,4,4,4,0,1,286.455,42,159.941
150,3497,3,3,1,4,4,4,4,4,0,1,286.641,41,157.501
151,3498,1,6,2,3,3,3,3,3,2,1,286.63,41,149.163
152,3498,2,6,2,3,3,3,3,3,2,1,287.138,41,148.796
153,3498,3,6,2,3,3,3,3,3,2,1,286.595,41,149.932
154,3499,1,7,2,7,7,7,7,7,1,1,286.819,42,165.655
155,3499,2,7,2,7,7,7,7,7,1,1,286.387,41,165.429
156,3499,3,7,2,7,7,7,7,7,1,1,286.559,42,167.508
157,3500,1,6,2,4,4,4,4,4,1,1,286.294,41,148.708
158,3500,2,5,2,4,4,4,4,4,1,1,286.87,42,159.629
159,3500,3,5,2,4,4,4,4,4,1,1,286.462,42,146.033
160,3501,1,5,3,8,8,8,8,8,0,1,286.755,42,280.459
161,3501,2,5,3,8,8,8,8,8,0,1,286.357,42,278.972
162,3501,3,5,3,8,8,8,8,8,0,1,286.441,42,282.64
163,3502,1,5,2,7,7,7,7,7,0,1,286.544,42,196.829
164,3502,2,5,2,7,7,7,7,7,0,1,286.378,42,198.515
165,3502,3,5,2,7,7,7,7,7,0,1,286.516,42,194.891
166,3503,1,6,2,10,10,10,10,10,1,1,286.228,42,185.313
167,3503,2,6,2,10,10,10,10,10,1,1,286.436,42,185.854
168,3503,3,6,2,10,10,10,10,10,1,1,286.836,41,187.399
169,3504,1,8,3,9,9,9,9,9,0,1,286.618,42,2481.57
170,3504,2,8,3,9,9,9,9,9,0,1,286.8,41,2480.3
171,3504,3,8,3,9,9,9,9,9,0,1,286.831,42,2523.39
172,3505,1,7,3,14,14,14,14,14,1,1,286.484,42,182.144
173,3505,2,7,3,14,14,14,14,14,1,1,286.208,41,171.135
174,3505,3,7,3,14,14,14,14,14,1,1,286.768,42,165.767
175,3506,1,5,2,2,2,2,2,2,1,1,286.828,42,578.411
176,3506,2,5,2,2,2,2,2,2,1,1,286.993,41,581.621
177,3506,3,5,2,2,2,2,2,2,1,1,286.443,42,570.384
178,3507,1,6,2,7,7,7,7,7,0,1,287.151,42,187.811
179,3507,2,6,2,7,7,7,7,7,0,1,286.648,42,189.369
180,3507,3,6,2,7,7,7,7,7,0,1,286.85,42,189.48
181,3508,1,5,2,4,4,4,4,4,1,1,286.499,42,505.248
182,3508,2,5,2,4,4,4,4,4,1,1,286.954,42,502.903
183,3508,3,5,2,4,4,4,4,4,1,1,286.484,42,502.585
184,3509,1,4,1,7,7,7,7,7,0,1,286.437,41,147.035
185,3509,2,4,1,7,7,7,7,7,0,1,286.214,42,147.126
186,3509,3,4,1,7,7,7,7,7,0,1,286.822,42,146.305
187,3510,1,4,3,7,7,7,7,7,0,1,286.733,41,188.73
188,3510,2,4,3,7,7,7,7,7,0,1,286.711,42,184.532
189,3510,3,4,3,7,7,7,7,7,0,1,287.014,41,281.605
190,3511,1,5,2,6,6,6,6,6,0,1,286.144,42,165.013
191,3511,2,5,2,6,6,6,6,6,0,1,286.517,41,166.317
192,3511,3,5,2,6,6,6,6,6,0,1,286.72,41,169.281
193,3512,1,7,3,5,5,5,5,5,2,1,286.702,41,158.461
194,3512,2,7,3,5,5,5,5,5,2,1,286.628,42,156.436
195,3512,3,7,3,5,5,5,5,5,2,1,286.868,42,157.594
196,3513,1,7,3,13,13,13,13,13,0,1,288.117,42,586.822
197,3513,2,7,3,13,13,13,13,13,0,1,286.333,41,583.073
198,3513,3,7,3,13,13,13,13,13,0,1,285.976,42,592.507
199,3514,1,7,3,13,13,13,13,13,0,1,286.641,41,292.061
200,3514,2,7,3,13,13,13,13,13,0,1,287.484,42,291.41
201,3514,3,7,3,13,13,13,13,13,0,1,287.043,41,295.805
202,3515,1,4,3,4,4,4,4,4,0,1,286.403,41,156.131
203,3515,2,4,3,4,4,4,4,4,0,1,286.867,42,149.415
204,3515,3,4,3,4,4,4,4,4,0,1,286.768,42,144.323
205,3516,1,3,2,3,3,3,3,3,0,1,286.437,41,153.867
206,3516,2,3,2,3,3,3,3,3,0,1,288.236,42,157.105
207,3516,3,3,2,3,3,3,3,3,0,1,287.45,42,154.87
208,3517,1,10,4,36,36,36,36,36,0,1,286.609,42,18778.0
209,3517,2,10,4,36,36,36,36,36,0,1,286.843,41,19089.6
210,3517,3,10,4,36,36,36,36,36,0,1,286.413,42,19103.4
211,3518,1,6,1,31,31,31,31,31,0,1,286.016,41,146.959
212,3518,2,6,1,31,31,31,31,31,0,1,285.78,41,147.629
213,3518,3,6,1,31,31,31,31,31,0,1,286.403,42,148.685
214,3519,1,4,1,7,7,7,7,7,0,1,285.676,42,158.4
215,3519,2,4,1,7,7,7,7,7,0,1,286.407,42,162.141
216,3519,3,4,1,7,7,7,7,7,0,1,286.77,42,162.791
217,3520,1,4,1,2,2,2,2,2,1,1,286.47,42,192.901
218,3520,2,4,1,2,2,2,2,2,1,1,285.096,42,191.513
219,3520,3,4,1,2,2,2,2,2,1,1,286.212,42,188.269
220,3521,1,6,2,3,3,3,3,3,1,1,286.732,41,801.785
221,3521,2,6,2,3,3,3,3,3,1,1,286.283,41,819.579
222,3521,3,6,2,3,3,3,3,3,1,1,286.424,42,805.336
223,3522,1,5,2,5,5,5,5,5,0,1,285.919,42,160.291
224,3522,2,5,2,5,5,5,5,5,0,1,286.173,42,158.431
225,3522,3,5,2,5,5,5,5,5,0,1,286.726,42,160.574
226,3523,1,6,2,21,21,21,21,21,0,1,286.432,42,154.592
227,3523,2,6,2,21,21,21,21,21,0,1,285.793,41,154.134
228,3523,3,6,2,21,21,21,21,21,0,1,286.154,42,153.89
229,3524,1,6,2,30,30,30,30,30,0,1,285.85,42,150.838
230,3524,2,6,2,30,30,30,30,30,0,1,286.4,42,147.024
231,3524,3,6,2,30,30,30,30,30,0,1,286.478,41,148.316
232,3525,1,7,3,3,3,3,3,3,1,1,286.049,41,9039.47
233,3525,2,7,3,3,3,3,3,3,1,1,286.627,42,9049.42
234,3525,3,7,3,3,3,3,3,3,1,1,286.497,41,9098.64
235,3526,1,7,3,9,9,9,9,9,0,1,286.621,42,485.242
236,3526,2,7,3,9,9,9,9,9,0,1,286.594,42,487.972
237,3526,3,7,3,9,9,9,9,9,0,1,286.577,42,482.488
238,3527,1,7,3,15,15,15,15,15,0,1,286.57,42,1819.12
239,3527,2,7,3,15,15,15,15,15,0,1,286.078,41,1809.94
240,3527,3,7,3,15,15,15,15,15,0,1,286.745,42,1819.59
241,3528,1,6,2,3,3,3,3,3,1,1,287.592,42,2480.07
242,3528,2,6,2,3,3,3,3,3,1,1,285.742,42,2433.61
243,3528,3,6,2,3,3,3,3,3,1,1,286.51,42,2401.51
244,3529,1,8,4,14,14,14,14,14,0,1,286.436,42,2060.55
245,3529,2,8,4,14,14,14,14,14,0,1,286.387,42,2066.3
246,3529,3,8,4,14,14,14,14,14,0,1,286.61,42,2079.17
247,3530,1,6,2,4,4,4,4,4,1,1,286.737,41,262.862
248,3530,2,6,2,4,4,4,4,4,1,1,286.376,41,258.571
249,3530,3,6,2,4,4,4,4,4,1,1,286.652,42,261.388
250,3531,1,5,2,6,6,6,6,6,1,1,286.434,42,147.878
251,3531,2,5,2,6,6,6,6,6,1,1,285.776,41,147.778
252,3531,3,6,2,6,6,6,6,6,1,1,285.659,41,152.439
253,3532,1,6,1,6,6,6,6,6,1,1,286.232,42,467.033
254,3532,2,6,1,6,6,6,6,6,1,1,286.401,41,469.175
255,3532,3,6,1,6,6,6,6,6,1,1,286.217,41,467.179
256,3533,1,6,3,6,6,6,6,6,1,1,287.241,41,150.251
257,3533,2,6,3,6,6,6,6,6,1,1,286.46,42,148.737
258,3533,3,6,3,6,6,6,6,6,1,1,285.877,42,165.686
259,3534,1,6,3,5,5,5,5,5,3,1,286.13,42,154.823
260,3534,2,6,3,5,5,5,5,5,3,1,286.795,41,156.722
261,3534,3,6,3,5,5,5,5,5,3,1,286.803,42,155.454
262,3535,1,7,2,13,13,13,13,13,0,1,286.559,41,470.744
263,3535,2,7,2,13,13,13,13,13,0,1,286.426,42,470.28
264,3535,3,7,2,13,13,13,13,13,0,1,286.465,42,460.645
265,3536,1,5,1,5,5,5,5,5,1,1,286.415,42,146.581
266,3536,2,5,1,5,5,5,5,5,1,1,286.698,42,144.651
267,3536,3,5,1,5,5,5,5,5,1,1,286.62,42,143.199
268,3537,1,6,2,3,3,3,3,3,1,1,286.771,42,152.981
269,3537,2,6,2,3,3,3,3,3,1,1,287.23,41,153.589
270,3537,3,6,2,3,3,3,3,3,1,1,286.818,41,152.74
271,3538,1,5,2,6,6,6,6,6,1,1,287.306,41,147.217
272,3538,2,5,2,6,6,6,6,6,1,1,286.378,42,147.339
273,3538,3,5,2,6,6,6,6,6,1,1,286.739,42,158.126
274,3539,1,4,1,5,5,5,5,5,0,1,286.51,41,162.176
275,3539,2,4,1,5,5,5,5,5,0,1,286.769,42,163.202
276,3539,3,4,1,5,5,5,5,5,0,1,286.638,42,163.267
277,3540,1,5,2,3,3,3,3,3,1,1,286.831,41,580.545
278,3540,2,5,2,3,3,3,3,3,1,1,286.605,42,576.333
279,3540,3,5,2,3,3,3,3,3,1,1,286.536,42,574.258
280,3541,1,5,1,7,7,7,7,7,0,1,286.133,41,2367.34
281,3541,2,5,1,7,7,7,7,7,0,1,286.226,42,2345.48
282,3541,3,5,1,7,7,7,7,7,0,1,287.742,42,2357.53
283,3542,1,8,2,12,12,12,12,12,0,1,286.297,42,658.929
284,3542,2,8,2,12,12,12,12,12,0,1,286.572,42,664.908
285,3542,3,8,2,12,12,12,12,12,0,1,286.944,42,659.774
286,3543,1,5,2,8,8,8,8,8,0,1,286.286,42,178.05
287,3543,2,5,2,8,8,8,8,8,0,1,286.854,41,164.407
288,3543,3,5,2,8,8,8,8,8,0,1,286.234,42,163.892
289,3544,1,5,2,4,4,4,4,4,1,1,286.659,42,272.187
290,3544,2,5,2,4,4,4,4,4,1,1,286.597,41,268.191
291,3544,3,5,2,4,4,4,4,4,1,1,286.203,42,268.544
292,3545,1,6,2,6,6,6,6,6,1,1,287.043,42,151.607
293,3545,2,6,2,6,6,6,6,6,1,1,286.67,42,150.481
294,3545,3,6,2,6,6,6,6,6,1,1,287.028,42,150.642
295,3546,1,5,2,14,14,14,14,14,0,1,286.577,41,188.216
296,3546,2,5,2,14,14,14,14,14,0,1,286.994,42,189.219
297,3546,3,5,2,14,14,14,14,14,0,1,287.298,41,189.751
298,3547,1,5,1,6,6,6,6,6,0,1,286.863,42,179.338
299,3547,2,5,1,6,6,6,6,6,0,1,286.795,41,182.142
300,3547,3,5,1,6,6,6,6,6,0,1,287.465,42,182.528
301,3548,1,6,2,4,4,4,4,4,1,1,287.002,41,180.081
302,3548,2,6,2,4,4,4,4,4,1,1,287.082,41,165.787
303,3548,3,6,2,4,4,4,4,4,1,1,286.28,42,170.909
304,3549,1,5,2,4,4,4,4,4,1,1,286.285,42,181.971
305,3549,2,5,2,4,4,4,4,4,1,1,287.07,42,179.402
306,3549,3,5,2,4,4,4,4,4,1,1,287.438,42,181.793
307,3550,1,9,3,13,13,13,13,13,1,1,286.798,42,17690.6
308,3550,2,9,3,13,13,13,13,13,1,1,286.23,42,17793.2
309,3550,3,9,3,13,13,13,13,13,1,1,286.412,41,17850.7
310,3551,1,7,2,5,5,5,5,5,3,1,286.971,41,196.958
311,3551,2,7,2,5,5,5,5,5,3,1,286.82,41,197.723
312,3551,3,7,2,5,5,5,5,5,3,1,286.944,42,201.033
313,3552,1,7,2,35,35,35,35,35,0,1,287.129,42,150.941
314,3552,2,7,2,35,35,35,35,35,0,1,286.276,42,150.077
315,3552,3,7,2,35,35,35,35,35,0,1,286.414,42,148.824
316,3553,1,13,5,12,12,12,12,12,1,1,286.279,42,37934.1
317,3553,2,13,5,12,12,12,12,12,1,1,286.494,42,38881.3
318,3553,3,13,5,12,12,12,12,12,1,1,286.815,42,38979.9
319,3554,1,5,2,7,7,7,7,7,0,1,286.15,42,177.124
320,3554,2,5,2,7,7,7,7,7,0,1,287.098,42,163.232
321,3554,3,5,2,7,7,7,7,7,0,1,286.298,42,163.039
322,3555,1,5,2,9,9,9,9,9,0,1,286.458,41,171.165
323,3555,2,5,2,9,9,9,9,9,0,1,286.679,42,171.373
324,3555,3,5,2,9,9,9,9,9,0,1,286.458,42,168.772
325,3556,1,6,1,24,24,24,24,24,0,1,285.69,42,146.581
326,3556,2,6,1,24,24,24,24,24,0,1,286.328,42,150.353
327,3556,3,6,1,24,24,24,24,24,0,1,286.647,42,146.182
328,3557,1,3,2,2,2,2,2,2,0,1,286.597,42,141.18
329,3557,2,3,2,2,2,2,2,2,0,1,286.372,41,143.95
330,3557,3,3,2,2,2,2,2,2,0,1,285.833,42,142.208
331,3558,1,7,1,26,26,26,26,26,0,1,285.816,42,145.776
332,3558,2,7,1,26,26,26,26,26,0,1,285.881,41,146.636
333,3558,3,7,1,26,26,26,26,26,0,1,286.454,41,147.113
334,3559,1,11,5,19,19,19,19,19,0,1,285.981,42,26708.1
335,3559,2,11,5,19,19,19,19,19,0,1,286.552,42,26506.1
336,3559,3,11,5,19,19,19,19,19,0,1,286.615,41,26094.9
337,3560,1,7,3,17,17,17,17,17,0,1,286.314,42,9554.87
338,3560,2,7,3,17,17,17,17,17,0,1,286.969,42,9506.85
339,3560,3,7,3,17,17,17,17,17,0,1,286.578,42,9607.76
340,3561,1,5,2,4,4,4,4,4,1,1,286.405,41,161.115
341,3561,2,5,2,4,4,4,4,4,1,1,286.55,41,145.089
342,3561,3,5,2,4,4,4,4,4,1,1,287.444,42,146.466
343,3562,1,3,1,3,3,3,3,3,0,1,286.809,42,148.841
344,3562,2,3,1,3,3,3,3,3,0,1,286.858,42,150.87
345,3562,3,3,1,3,3,3,3,3,0,1,286.682,42,149.264
346,3563,1,6,1,22,22,22,22,22,0,1,286.985,42,146.705
347,3563,2,6,1,22,22,22,22,22,0,1,287.032,42,144.677
348,3563,3,6,1,22,22,22,22,22,0,1,286.899,42,143.492
349,3564,1,3,1,2,2,2,2,2,0,1,286.536,42,193.396
350,3564,2,3,1,2,2,2,2,2,0,1,286.412,41,193.923
351,3564,3,3,1,2,2,2,2,2,0,1,286.823,42,194.749
352,3565,1,5,1,4,4,4,4,4,1,1,287.109,42,660.777
353,3565,2,5,1,4,4,4,4,4,1,1,286.864,42,654.769
354,3565,3,5,1,4,4,4,4,4,1,1,287.557,42,658.676
355,3566,1,4,2,3,3,3,3,3,0,1,286.91,42,220.619
356,3566,2,4,2,3,3,3,3,3,0,1,286.597,42,210.924
357,3566,3,4,2,3,3,3,3,3,0,1,286.843,41,206.177
358,3567,1,5,2,3,3,3,3,3,1,1,286.988,41,539.728
359,3567,2,5,2,3,3,3,3,3,1,1,287.248,41,540.563
360,3567,3,5,2,3,3,3,3,3,1,1,286.936,42,539.213
361,3568,1,4,1,4,4,4,4,4,0,1,286.809,42,170.308
362,3568,2,4,1,4,4,4,4,4,0,1,286.545,41,171.972
363,3568,3,4,1,4,4,4,4,4,0,1,288.139,42,171.236
364,3569,1,7,3,8,8,8,8,8,0,1,286.93,42,271.613
365,3569,2,7,3,8,8,8,8,8,0,1,286.147,41,270.478
366,3569,3,7,3,8,8,8,8,8,0,1,286.202,42,269.487
367,3570,1,6,2,7,7,7,7,7,0,1,286.527,42,286.098
368,3570,2,6,2,7,7,7,7,7,0,1,286.426,41,285.947
369,3570,3,6,2,7,7,7,7,7,0,1,286.944,41,283.892
370,3571,1,7,2,9,9,9,9,9,1,1,286.834,42,1450.45
371,3571,2,7,2,9,9,9,9,9,1,1,286.151,42,1439.0
372,3571,3,7,2,9,9,9,9,9,1,1,286.487,41,1444.13
373,3572,1,7,3,9,9,9,9,9,1,1,286.639,41,259.377
374,3572,2,7,3,9,9,9,9,9,1,1,286.715,42,262.59
375,3572,3,7,3,9,9,9,9,9,1,1,287.052,42,261.241
376,3573,1,6,2,8,8,8,8,8,1,1,286.919,42,154.515
377,3573,2,6,2,9,9,9,9,9,1,1,286.776,42,155.133
378,3573,3,6,2,9,9,9,9,9,1,1,285.841,42,152.944
379,3574,1,4,2,3,3,3,3,3,0,1,286.119,42,206.234
380,3574,2,4,2,3,3,3,3,3,0,1,286.559,41,202.042
381,3574,3,4,2,3,3,3,3,3,0,1,285.789,42,204.098
382,3575,1,4,1,6,6,6,6,6,0,1,285.83,41,169.768
383,3575,2,4,1,6,6,6,6,6,0,1,286.934,41,167.357
384,3575,3,4,1,6,6,6,6,6,0,1,286.414,42,184.31
385,3576,1,8,3,8,8,8,8,8,2,1,287.505,42,186.82
386,3576,2,8,3,8,8,8,8,8,2,1,286.234,41,186.611
387,3576,3,8,3,8,8,8,8,8,2,1,286.495,42,186.048
388,3577,1,6,2,21,21,21,21,21,0,1,286.45,42,148.898
389,3577,2,6,2,21,21,21,21,21,0,1,287.423,41,147.341
390,3577,3,6,2,21,21,21,21,21,0,1,286.881,41,148.662
391,3578,1,7,3,7,7,7,7,7,0,1,287.395,41,310.855
392,3578,2,7,3,7,7,7,7,7,0,1,286.252,42,310.647
393,3578,3,7,3,7,7,7,7,7,0,1,285.916,42,310.79
394,3579,1,4,2,4,4,4,4,4,1,1,286.511,42,144.797
395,3579,2,4,2,4,4,4,4,4,1,1,286.55,42,145.996
396,3579,3,4,2,4,4,4,4,4,1,1,286.497,42,147.301
397,3580,1,5,2,6,6,6,6,6,0,1,287.992,42,282.42
398,3580,2,5,2,6,6,6,6,6,0,1,286.36,42,280.214
399,3580,3,5,2,6,6,6,6,6,0,1,285.844,41,298.224
400,3581,1,8,3,7,7,7,7,7,1,1,286.261,42,276.494
401,3581,2,8,3,7,7,7,7,7,1,1,286.53,42,203.516
402,3581,3,8,3,7,7,7,7,7,1,1,286.511,42,207.61
403,3582,1,7,1,26,26,26,26,26,0,1,287.152,41,145.617
404,3582,2,7,1,26,26,26,26,26,0,1,286.807,41,146.835
405,3582,3,7,1,26,26,26,26,26,0,1,287.154,41,147.785
406,3583,1,6,3,7,7,7,7,7,0,1,286.718,42,290.592
407,3583,2,6,3,7,7,7,7,7,0,1,286.794,41,292.044
408,3583,3,6,3,7,7,7,7,7,0,1,286.851,42,292.456
409,3584,1,6,2,4,4,4,4,4,1,1,288.036,41,155.073
410,3584,2,6,2,4,4,4,4,4,1,1,288.303,41,154.796
411,3584,3,6,2,4,4,4,4,4,1,1,287.515,42,154.851
412,3585,1,7,3,15,15,15,15,15,0,1,287.656,42,583.822
413,3585,2,7,3,15,15,15,15,15,0,1,286.507,42,584.38
414,3585,3,7,3,15,15,15,15,15,0,1,286.518,42,603.542
415,3586,1,9,3,17,17,17,17,17,0,1,286.426,42,9459.97
416,3586,2,9,3,17,17,17,17,17,0,1,286.305,42,9827.52
417,3586,3,9,3,17,17,17,17,17,0,1,286.541,42,9697.26
418,3587,1,9,3,12,12,12,12,12,0,1,286.857,41,6388.43
419,3587,2,9,3,12,12,12,12,12,0,1,286.391,42,6272.0
420,3587,3,9,3,12,12,12,12,12,0,1,286.394,41,6403.62
421,3588,1,4,1,11,11,11,11,11,0,1,286.135,42,184.773
422,3588,2,4,1,11,11,11,11,11,0,1,286.547,42,185.625
423,3588,3,4,1,11,11,11,11,11,0,1,286.974,42,187.549
424,3589,1,4,1,7,7,7,7,7,0,1,286.296,42,151.606
425,3589,2,4,1,7,7,7,7,7,0,1,286.247,42,148.074
426,3589,3,4,1,7,7,7,7,7,0,1,285.621,42,146.512
427,3590,1,11,4,19,19,19,19,19,0,1,285.609,42,30312.7
428,3590,2,11,4,19,19,19,19,19,0,1,285.519,41,29651.7
429,3590,3,11,4,19,19,19,19,19,0,1,286.399,41,30083.4
430,3591,1,6,1,19,19,19,19,19,0,1,285.921,42,163.238
431,3591,2,6,1,19,19,19,19,19,0,1,286.368,42,144.69
432,3591,3,6,1,19,19,19,19,19,0,1,285.983,42,146.061
433,3592,1,4,2,7,7,7,7,7,0,1,286.807,42,318.998
434,3592,2,4,2,7,7,7,7,7,0,1,285.824,42,315.457
435,3592,3,4,2,7,7,7,7,7,0,1,286.285,42,310.795
436,3593,1,7,1,16,16,16,16,16,0,1,286.334,42,150.952
437,3593,2,7,1,16,16,16,16,16,0,1,285.765,42,150.849
438,3593,3,7,1,16,16,16,16,16,0,1,286.308,41,151.885
439,3594,1,5,2,3,3,3,3,3,1,1,286.385,41,702.103
440,3594,2,5,2,3,3,3,3,3,1,1,285.982,41,705.199
441,3594,3,5,2,3,3,3,3,3,1,1,286.088,42,698.308
442,3595,1,7,2,7,7,7,7,7,2,1,285.832,42,160.346
443,3595,2,7,2,7,7,7,7,7,2,1,286.437,42,163.67
444,3595,3,7,2,7,7,7,7,7,2,1,286.488,42,161.075
445,3596,1,8,3,5,5,5,5,5,1,1,286.479,42,225.888
446,3596,2,8,3,5,5,5,5,5,1,1,286.628,42,207.826
447,3596,3,8,3,5,5,5,5,5,1,1,285.846,41,210.046
448,3597,1,8,3,8,8,8,8,8,1,1,286.495,42,212.562
449,3597,2,8,3,8,8,8,8,8,1,1,286.225,42,213.827
450,3597,3,8,3,8,8,8,8,8,1,1,286.591,41,214.473
451,3598,1,5,2,9,9,9,9,9,0,1,285.708,42,167.77
452,3598,2,5,2,9,9,9,9,9,0,1,285.681,42,167.32
453,3598,3,5,2,9,9,9,9,9,0,1,285.663,42,166.197
454,3599,1,4,1,3,3,3,3,3,1,1,286.508,41,265.003
455,3599,2,4,1,3,3,3,3,3,1,1,285.736,42,264.642
456,3599,3,4,1,3,3,3,3,3,1,1,286.296,41,266.811
457,3600,1,6,2,6,6,6,6,6,1,1,286.558,42,151.252
458,3600,2,6,2,6,6,6,6,6,1,1,286.799,42,152.69
459,3600,3,6,2,6,6,6,6,6,1,1,286.365,42,152.53
460,3601,1,8,3,10,10,10,10,10,1,1,286.271,41,220.299
461,3601,2,8,3,10,10,10,10,10,1,1,286.628,42,204.188
462,3601,3,8,3,10,10,10,10,10,1,1,286.503,42,203.55
463,3602,1,7,3,9,9,9,9,9,1,1,285.815,42,565.528
464,3602,2,7,3,9,9,9,9,9,1,1,285.714,42,563.497
465,3602,3,7,3,9,9,9,9,9,1,1,287.121,42,565.038
466,3603,1,3,2,4,4,4,4,4,0,1,285.92,41,158.85
467,3603,2,3,2,4,4,4,4,4,0,1,286.172,42,156.529
468,3603,3,3,2,4,4,4,4,4,0,1,286.02,41,157.136
469,3604,1,3,2,3,3,3,3,3,0,1,286.45,42,167.621
470,3604,2,3,2,3,3,3,3,3,0,1,286.861,42,166.124
471,3604,3,3,2,3,3,3,3,3,0,1,285.649,42,167.936
472,3605,1,4,1,7,7,7,7,7,0,1,286.442,42,152.83
473,3605,2,4,1,7,7,7,7,7,0,1,286.347,42,156.612
474,3605,3,4,1,7,7,7,7,7,0,1,286.314,41,154.684
475,3606,1,4,2,3,3,3,3,3,1,1,286.392,41,165.172
476,3606,2,6,2,3,3,3,3,3,1,1,286.084,42,152.247
477,3606,3,6,2,3,3,3,3,3,1,1,285.705,41,149.449
478,3607,1,5,1,12,12,12,12,12,0,1,286.361,42,144.575
479,3607,2,5,1,12,12,12,12,12,0,1,285.825,42,145.516
480,3607,3,5,1,12,12,12,12,12,0,1,286.586,42,146.592
481,3608,1,6,1,22,22,22,22,22,0,1,286.418,42,150.729
482,3608,2,6,1,22,22,22,22,22,0,1,285.605,41,147.064
483,3608,3,6,1,22,22,22,22,22,0,1,286.661,42,143.705
484,3609,1,3,1,2,2,2,2,2,0,1,286.312,42,153.584
485,3609,2,3,1,2,2,2,2,2,0,1,285.644,41,156.852
486,3609,3,3,1,2,2,2,2,2,0,1,286.604,42,155.339
487,3610,1,5,2,8,8,8,8,8,0,1,285.969,42,283.834
488,3610,2,5,2,8,8,8,8,8,0,1,285.812,42,282.109
489,3610,3,5,2,8,8,8,8,8,0,1,286.47,41,280.859
490,3611,1,5,2,3,3,3,3,3,3,1,286.687,41,164.942
491,3611,2,5,2,3,3,3,3,3,3,1,285.569,41,148.092
492,3611,3,5,2,3,3,3,3,3,3,1,286.267,41,145.308
493,3612,1,5,2,7,7,7,7,7,0,1,286.391,41,187.699
494,3612,2,5,2,7,7,7,7,7,0,1,286.277,42,189.472
495,3612,3,5,2,7,7,7,7,7,0,1,285.823,41,188.96
496,3613,1,6,2,3,3,3,3,3,1,1,285.91,41,1738.26
497,3613,2,6,2,3,3,3,3,3,1,1,285.655,42,1717.96
498,3613,3,6,2,3,3,3,3,3,1,1,285.63,41,1931.07
499,3614,1,6,2,4,4,4,4,4,1,1,286.509,42,539.282
500,3614,2,6,2,4,4,4,4,4,1,1,286.589,42,534.312
501,3614,3,6,2,4,4,4,4,4,1,1,286.396,42,540.058
502,3615,1,9,3,5,5,5,5,5,1,1,286.418,42,19064.0
503,3615,2,9,3,5,5,5,5,5,1,1,286.303,42,19155.9
504,3615,3,9,3,5,5,5,5,5,1,1,286.043,42,18760.4
505,3616,1,6,2,6,6,6,6,6,1,1,286.189,42,153.85
506,3616,2,6,2,6,6,6,6,6,1,1,286.29,42,149.326
507,3616,3,6,2,6,6,6,6,6,1,1,286.469,41,149.238
508,3617,1,6,2,12,12,12,12,12,0,1,285.69,42,145.572
509,3617,2,6,2,12,12,12,12,12,0,1,286.512,41,160.268
510,3617,3,6,2,12,12,12,12,12,0,1,285.768,41,159.491
511,3618,1,4,1,3,3,3,3,3,1,1,285.85,42,293.008
512,3618,2,4,1,3,3,3,3,3,1,1,285.742,42,298.203
513,3618,3,4,1,3,3,3,3,3,1,1,285.656,42,295.023
514,3619,1,4,1,8,8,8,8,8,0,1,286.675,41,149.896
515,3619,2,4,1,8,8,8,8,8,0,1,286.773,42,146.452
516,3619,3,4,1,8,8,8,8,8,0,1,286.73,42,149.281
517,3620,1,6,2,3,3,3,3,3,1,1,286.39,41,183.727
518,3620,2,6,2,3,3,3,3,3,1,1,286.561,41,181.887
519,3620,3,6,2,3,3,3,3,3,1,1,286.73,42,183.571
520,3621,1,24,10,13,13,13,13,13,1,1,286.758,42,89027.0
521,3621,2,24,10,13,13,13,13,13,1,1,285.985,42,87874.5
522,3621,3,24,10,13,13,13,13,13,1,1,285.861,41,86459.5
523,3622,1,7,3,14,14,14,14,14,0,1,286.37,42,2050.59
524,3622,2,7,3,14,14,14,14,14,0,1,285.697,42,1967.25
525,3622,3,7,3,14,14,14,14,14,0,1,285.624,41,1948.18
526,3623,1,5,2,6,6,6,6,6,0,1,286.44,41,164.266
527,3623,2,5,2,6,6,6,6,6,0,1,285.779,42,165.864
528,3623,3,5,2,6,6,6,6,6,0,1,286.975,42,165.952
529,3624,1,8,3,11,11,11,11,11,0,1,286.678,41,1873.31
530,3624,2,8,3,11,11,11,11,11,0,1,285.793,41,1884.96
531,3624,3,8,3,11,11,11,11,11,0,1,285.833,42,1877.2
532,3625,1,8,4,17,17,17,17,17,0,1,285.886,42,1425.46
533,3625,2,8,4,17,17,17,17,17,0,1,285.828,41,1407.65
534,3625,3,8,4,17,17,17,17,17,0,1,285.671,41,1408.07
535,3626,1,5,1,3,3,3,3,3,1,1,286.56,42,270.66
536,3626,2,5,1,3,3,3,3,3,1,1,286.284,42,251.908
537,3626,3,5,1,3,3,3,3,3,1,1,286.262,42,252.164
538,3627,1,7,3,13,13,13,13,13,0,1,286.213,42,652.685
539,3627,2,7,3,13,13,13,13,13,0,1,286.687,42,657.139
540,3627,3,7,3,13,13,13,13,13,0,1,285.786,41,658.378
541,3628,1,4,2,9,9,9,9,9,0,1,286.1,41,147.123
542,3628,2,4,2,9,9,9,9,9,0,1,286.35,41,146.333
543,3628,3,4,2,9,9,9,9,9,0,1,285.57,41,146.876
544,3629,1,8,3,6,6,6,6,6,2,1,286.495,42,185.729
545,3629,2,8,3,6,6,6,6,6,2,1,286.384,42,185.306
546,3629,3,8,3,6,6,6,6,6,2,1,286.041,42,185.959
547,3630,1,4,1,7,7,7,7,7,0,1,286.1,42,192.705
548,3630,2,4,1,7,7,7,7,7,0,1,286.29,41,193.804
549,3630,3,4,1,7,7,7,7,7,0,1,286.209,41,193.218
550,3631,1,10,3,128,128,128,128,128,0,1,285.898,41,201.725
551,3631,2,10,3,128,128,128,128,128,0,1,286.314,42,187.236
552,3631,3,10,3,128,128,128,128,128,0,1,286.414,42,187.533
553,3632,1,7,3,12,12,12,12,12,0,1,286.589,42,317.85
554,3632,2,7,3,12,12,12,12,12,0,1,286.869,41,321.68
555,3632,3,7,3,12,12,12,12,12,0,1,286.508,42,320.14
556,3633,1,8,2,38,38,38,38,38,0,1,286.793,42,157.487
557,3633,2,8,2,38,38,38,38,38,0,1,286.85,41,160.215
558,3633,3,8,2,38,38,38,38,38,0,1,286.339,41,156.121
559,3634,1,5,2,7,7,7,7,7,0,1,286.968,42,160.765
560,3634,2,5,2,7,7,7,7,7,0,1,285.893,42,165.019
561,3634,3,5,2,7,7,7,7,7,0,1,297.342,42,160.39
562,3635,1,6,2,6,6,6,6,6,0,1,286.717,42,954.958
563,3635,2,6,2,6,6,6,6,6,0,1,287.019,41,713.196
564,3635,3,6,2,6,6,6,6,6,0,1,286.743,41,683.572
565,3636,1,5,2,5,5,5,5,5,0,1,287.181,42,199.883
566,3636,2,5,2,5,5,5,5,5,0,1,287.14,42,199.942
567,3636,3,5,2,5,5,5,5,5,0,1,287.334,42,197.107
568,3637,1,6,1,7,7,7,7,7,1,1,287.28,42,149.201
569,3637,2,6,1,7,7,7,7,7,1,1,287.035,41,152.935
570,3637,3,6,1,7,7,7,7,7,1,1,287.49,41,148.07
571,3638,1,6,2,6,6,6,6,6,1,1,286.935,42,159.637
572,3638,2,6,2,6,6,6,6,6,1,1,287.242,42,157.433
573,3638,3,6,2,6,6,6,6,6,1,1,286.691,41,155.23
574,3639,1,7,2,38,38,38,38,38,0,1,287.654,41,158.485
575,3639,2,7,2,38,38,38,38,38,0,1,287.324,42,158.113
576,3639,3,7,2,38,38,38,38,38,0,1,287.278,42,157.248
577,3640,1,4,1,4,4,4,4,4,0,1,287.194,42,167.584
578,3640,2,4,1,4,4,4,4,4,0,1,286.682,41,152.544
579,3640,3,4,1,4,4,4,4,4,0,1,287.461,42,153.075
580,3641,1,5,2,4,4,4,4,4,1,1,286.324,42,151.995
581,3641,2,5,2,4,4,4,4,4,1,1,286.181,41,146.762
582,3641,3,5,2,4,4,4,4,4,1,1,286.11,41,147.185
583,3642,1,4,1,2,2,2,2,2,1,1,285.941,41,256.866
584,3642,2,4,1,2,2,2,2,2,1,1,286.963,41,259.774
585,3642,3,4,1,2,2,2,2,2,1,1,286.437,41,259.749
586,3643,1,5,2,4,4,4,4,4,1,1,286.151,42,147.694
587,3643,2,5,2,4,4,4,4,4,1,1,286.95,42,148.669
588,3643,3,5,2,4,4,4,4,4,1,1,286.183,42,148.265
589,3644,1,3,2,3,3,3,3,3,0,1,286.757,41,207.009
590,3644,2,3,2,3,3,3,3,3,0,1,286.343,42,202.575
591,3644,3,3,2,3,3,3,3,3,0,1,286.377,42,209.774
592,3645,1,5,2,4,4,4,4,4,1,1,286.632,42,164.543
593,3645,2,5,2,4,4,4,4,4,1,1,286.615,41,149.03
594,3645,3,5,2,4,4,4,4,4,1,1,286.724,42,146.778
595,3646,1,4,2,6,6,6,6,6,0,1,286.128,41,329.588
596,3646,2,4,2,6,6,6,6,6,0,1,286.783,42,329.753
597,3646,3,4,2,6,6,6,6,6,0,1,286.491,42,330.553
598,3647,1,4,1,7,7,7,7,7,0,1,286.546,41,157.876
599,3647,2,4,1,7,7,7,7,7,0,1,286.618,41,159.684
600,3647,3,4,1,7,7,7,7,7,0,1,286.368,42,159.856
601,3648,1,11,4,9,9,9,9,9,1,1,286.856,42,4943.88
602,3648,2,11,4,9,9,9,9,9,1,1,286.612,42,4872.55
603,3648,3,11,4,9,9,9,9,9,1,1,286.007,42,4881.77
604,3649,1,5,2,2,2,2,2,2,1,1,286.817,41,203.948
605,3649,2,5,2,2,2,2,2,2,1,1,286.678,41,189.457
606,3649,3,5,2,2,2,2,2,2,1,1,286.163,41,188.107
607,3650,1,5,2,8,8,8,8,8,0,1,286.732,42,154.513
608,3650,2,5,2,8,8,8,8,8,0,1,286.008,41,154.743
609,3650,3,5,2,8,8,8,8,8,0,1,286.332,42,155.582
610,3651,1,3,1,3,3,3,3,3,0,1,286.462,41,159.409
611,3651,2,3,1,3,3,3,3,3,0,1,286.1,42,162.366
612,3651,3,3,1,3,3,3,3,3,0,1,286.656,41,157.935
613,3652,1,7,2,24,24,24,24,24,0,1,286.734,41,149.159
614,3652,2,7,2,24,24,24,24,24,0,1,286.594,41,150.345
615,3652,3,7,2,24,24,24,24,24,0,1,286.443,41,151.906
616,3653,1,7,3,8,8,8,8,8,0,1,286.743,41,327.018
617,3653,2,7,3,8,8,8,8,8,0,1,286.787,42,274.891
618,3653,3,7,3,8,8,8,8,8,0,1,286.063,42,277.37
619,3654,1,4,1,5,5,5,5,5,0,1,286.08,42,172.283
620,3654,2,4,1,5,5,5,5,5,0,1,285.916,42,158.469
621,3654,3,4,1,5,5,5,5,5,0,1,286.442,42,155.189
622,3655,1,6,3,3,3,3,3,3,1,1,286.052,42,190.637
623,3655,2,6,3,3,3,3,3,3,1,1,286.969,42,190.662
624,3655,3,6,3,3,3,3,3,3,1,1,286.141,42,192.143
625,3656,1,7,3,5,5,5,5,5,2,1,286.198,42,253.048
626,3656,2,7,3,5,5,5,5,5,2,1,286.499,42,253.19
627,3656,3,7,3,5,5,5,5,5,2,1,286.732,42,253.491
628,3657,1,5,2,6,6,6,6,6,0,1,286.699,42,200.62
629,3657,2,5,2,6,6,6,6,6,0,1,286.006,42,210.745
630,3657,3,5,2,6,6,6,6,6,0,1,286.234,42,198.245
631,3658,1,5,2,4,4,4,4,4,1,1,286.452,41,147.128
632,3658,2,6,2,4,4,4,4,4,1,1,286.386,42,154.256
633,3658,3,5,2,4,4,4,4,4,1,1,286.89,41,146.556
634,3659,1,6,2,8,8,8,8,8,0,1,286.581,41,202.247
635,3659,2,6,2,8,8,8,8,8,0,1,285.783,42,188.05
636,3659,3,6,2,8,8,8,8,8,0,1,286.901,41,185.338
637,3660,1,4,1,5,5,5,5,5,0,1,286.949,41,151.852
638,3660,2,4,1,5,5,5,5,5,0,1,286.551,42,152.739
639,3660,3,4,1,5,5,5,5,5,0,1,287.376,41,149.2
640,3661,1,6,1,22,22,22,22,22,0,1,286.811,42,149.183
641,3661,2,6,1,22,22,22,22,22,0,1,286.987,42,148.696
642,3661,3,6,1,22,22,22,22,22,0,1,286.734,42,150.191
643,3662,1,5,3,4,4,4,4,4,1,1,286.078,42,303.078
644,3662,2,5,3,4,4,4,4,4,1,1,286.047,42,337.944
645,3662,3,5,3,4,4,4,4,4,1,1,286.198,42,303.137
646,3663,1,5,2,5,5,5,5,5,0,1,286.504,42,686.57
647,3663,2,5,2,5,5,5,5,5,0,1,286.563,42,697.224
648,3663,3,5,2,5,5,5,5,5,0,1,286.867,42,688.587
649,3664,1,3,1,4,4,4,4,4,0,1,287.039,42,178.778
650,3664,2,3,1,4,4,4,4,4,0,1,285.999,42,162.705
651,3664,3,3,1,4,4,4,4,4,0,1,286.593,42,156.941
652,3665,1,5,1,4,4,4,4,4,1,1,286.114,42,282.047
653,3665,2,5,1,4,4,4,4,4,1,1,285.99,42,281.91
654,3665,3,5,1,5,5,5,5,5,1,1,286.538,42,261.53
655,3666,1,7,2,11,11,11,11,11,0,1,287.44,41,1449.55
656,3666,2,7,2,11,11,11,11,11,0,1,286.157,42,1474.19
657,3666,3,7,2,11,11,11,11,11,0,1,285.92,41,1468.32
658,3667,1,8,3,6,6,6,6,6,1,1,286.896,42,188.729
659,3667,2,8,3,6,6,6,6,6,1,1,286.468,41,189.912
660,3667,3,8,3,6,6,6,6,6,1,1,286.211,41,193.832
661,3668,1,7,2,5,5,5,5,5,1,1,286.645,42,175.887
662,3668,2,7,2,5,5,5,5,5,1,1,286.282,41,174.596
663,3668,3,7,2,5,5,5,5,5,1,1,286.427,42,190.318
664,3669,1,6,2,4,4,4,4,4,1,1,286.716,42,167.906
665,3669,2,6,2,4,4,4,4,4,1,1,287.233,42,170.069
666,3669,3,6,2,4,4,4,4,4,1,1,285.91,42,170.697
667,3670,1,3,1,3,3,3,3,3,0,1,286.022,42,160.4
668,3670,2,3,1,3,3,3,3,3,0,1,285.976,42,164.926
669,3670,3,3,1,3,3,3,3,3,0,1,286.667,42,158.461
670,3671,1,5,1,18,18,18,18,18,0,1,286.623,42,157.656
671,3671,2,5,1,18,18,18,18,18,0,1,285.984,42,161.044
672,3671,3,5,1,18,18,18,18,18,0,1,286.161,42,156.843
673,3672,1,4,2,8,8,8,8,8,0,1,286.543,41,158.339
674,3672,2,4,2,8,8,8,8,8,0,1,286.86,42,160.244
675,3672,3,4,2,8,8,8,8,8,0,1,286.018,42,158.529
676,3673,1,7,3,11,11,11,11,11,0,1,286.815,41,749.848
677,3673,2,7,3,11,11,11,11,11,0,1,286.073,41,737.175
678,3673,3,7,3,11,11,11,11,11,0,1,287.789,41,757.217
679,3674,1,7,1,23,23,23,23,23,0,1,286.709,42,148.307
680,3674,2,7,1,23,23,23,23,23,0,1,286.748,42,148.96
681,3674,3,7,1,23,23,23,23,23,0,1,285.973,42,151.397
682,3675,1,6,1,24,24,24,24,24,0,1,286.044,42,151.639
683,3675,2,6,1,24,24,24,24,24,0,1,286.872,42,150.747
684,3675,3,6,1,24,24,24,24,24,0,1,286.494,42,151.617
685,3676,1,5,2,3,3,3,3,3,1,1,286.776,41,154.094
686,3676,2,5,2,3,3,3,3,3,1,1,286.712,42,147.993
687,3676,3,5,2,3,3,3,3,3,1,1,286.25,41,147.841
688,3677,1,4,2,9,9,9,9,9,0,1,286.068,42,162.268
689,3677,2,4,2,9,9,9,9,9,0,1,286.305,41,162.47
690,3677,3,4,2,9,9,9,9,9,0,1,286.208,42,163.234
691,3678,1,4,2,10,10,10,10,10,0,1,286.812,41,164.947
692,3678,2,4,2,10,10,10,10,10,0,1,286.709,42,160.259
693,3678,3,4,2,10,10,10,10,10,0,1,286.387,42,178.675
694,3679,1,5,1,12,12,12,12,12,0,1,286.078,42,150.477
695,3679,2,5,1,12,12,12,12,12,0,1,286.065,42,150.844
696,3679,3,5,1,12,12,12,12,12,0,1,286.916,42,150.02
697,3680,1,7,3,5,5,5,5,5,1,1,286.006,42,163.417
698,3680,2,7,3,5,5,5,5,5,1,1,286.181,41,161.932
699,3680,3,7,3,5,5,5,5,5,1,1,285.924,41,162.238
700,3681,1,6,2,4,4,4,4,4,1,1,286.205,41,152.793
701,3681,2,6,2,4,4,4,4,4,1,1,285.881,41,154.331
702,3681,3,6,2,4,4,4,4,4,1,1,286.153,42,155.493
703,3682,1,6,2,6,6,6,6,6,1,1,286.657,41,159.462
704,3682,2,6,2,6,6,6,6,6,1,1,286.024,42,157.274
705,3682,3,6,2,6,6,6,6,6,1,1,286.8,42,156.594
706,3683,1,4,1,11,11,11,11,11,0,1,286.167,42,146.877
707,3683,2,4,1,11,11,11,11,11,0,1,286.783,42,145.49
708,3683,3,4,1,11,11,11,11,11,0,1,285.931,41,168.258
709,3684,1,10,4,12,12,12,12,12,0,1,286.734,41,13545.5
710,3684,2,10,4,12,12,12,12,12,0,1,286.065,42,13768.0
711,3684,3,10,4,12,12,12,12,12,0,1,286.918,42,13653.3
712,3685,1,7,3,9,9,9,9,9,0,1,286.388,42,310.121
713,3685,2,7,3,9,9,9,9,9,0,1,286.507,42,324.171
714,3685,3,7,3,9,9,9,9,9,0,1,286.199,42,303.438
715,3686,1,9,4,12,12,12,12,12,0,1,286.085,42,8129.12
716,3686,2,9,4,12,12,12,12,12,0,1,286.325,41,8112.73
717,3686,3,9,4,12,12,12,12,12,0,1,286.241,41,8186.11
718,3687,1,5,2,13,13,13,13,13,0,1,285.887,41,161.402
719,3687,2,5,2,13,13,13,13,13,0,1,286.574,41,161.686
720,3687,3,5,2,13,13,13,13,13,0,1,286.169,41,159.352
721,3688,1,8,3,7,7,7,7,7,1,1,286.636,41,183.478
722,3688,2,8,3,7,7,7,7,7,1,1,286.473,41,199.924
723,3688,3,8,3,7,7,7,7,7,1,1,286.088,42,182.639
724,3689,1,4,1,5,5,5,5,5,0,1,286.961,42,160.579
725,3689,2,4,1,5,5,5,5,5,0,1,286.714,42,160.618
726,3689,3,4,1,5,5,5,5,5,0,1,286.727,41,161.061
727,3690,1,6,2,4,4,4,4,4,1,1,285.913,41,151.744
728,3690,2,6,2,4,4,4,4,4,1,1,286.178,41,151.453
729,3690,3,6,2,4,4,4,4,4,1,1,286.607,42,150.395
730,3691,1,5,2,5,5,5,5,5,1,1,286.734,42,148.491
731,3691,2,5,2,5,5,5,5,5,1,1,286.498,41,147.709
732,3691,3,5,2,5,5,5,5,5,1,1,285.98,42,148.514
733,3692,1,6,2,5,5,5,5,5,1,1,286.03,42,2489.49
734,3692,2,6,2,5,5,5,5,5,1,1,286.323,42,2488.78
735,3692,3,6,2,5,5,5,5,5,1,1,286.2,42,2504.69
736,3693,1,7,3,5,5,5,5,5,1,1,286.219,42,181.997
737,3693,2,7,3,5,5,5,5,5,1,1,286.076,42,165.607
738,3693,3,7,3,5,5,5,5,5,1,1,286.715,41,167.046
739,3694,1,7,2,8,8,8,8,8,1,1,285.994,42,166.924
740,3694,2,7,2,8,8,8,8,8,1,1,286.716,41,168.219
741,3694,3,7,2,8,8,8,8,8,1,1,286.677,42,166.522
742,3695,1,7,3,3,3,3,3,3,1,1,286.685,41,161.827
743,3695,2,7,3,3,3,3,3,3,1,1,286.816,42,163.812
744,3695,3,7,3,3,3,3,3,3,1,1,286.73,42,167.258
745,3696,1,10,4,10,10,10,10,10,1,1,286.731,42,5448.21
746,3696,2,10,4,10,10,10,10,10,1,1,286.438,42,5528.9
747,3696,3,10,4,10,10,10,10,10,1,1,286.834,41,5525.95
748,3697,1,4,2,5,5,5,5,5,0,1,286.739,42,195.12
749,3697,2,4,2,5,5,5,5,5,0,1,286.353,42,180.191
750,3697,3,4,2,5,5,5,5,5,0,1,286.026,42,180.374
751,3698,1,6,2,17,17,17,17,17,1,1,286.423,41,300.916
752,3698,2,6,2,17,17,17,17,17,1,1,286.379,41,297.931
753,3698,3,6,2,17,17,17,17,17,1,1,286.379,42,305.403
754,3699,1,8,2,7,7,7,7,7,2,1,286.954,41,252.836
755,3699,2,8,2,7,7,7,7,7,2,1,286.674,42,183.778
756,3699,3,8,2,7,7,7,7,7,2,1,286.048,42,187.924
757,3700,1,5,2,4,4,4,4,4,1,1,286.057,42,153.894
758,3700,2,5,2,4,4,4,4,4,1,1,286.497,41,153.053
759,3700,3,5,2,4,4,4,4,4,1,1,286.633,42,150.58
760,3701,1,4,2,8,8,8,8,8,0,1,286.651,42,174.859
761,3701,2,4,2,8,8,8,8,8,0,1,286.904,41,180.012
762,3701,3,4,2,8,8,8,8,8,0,1,286.818,41,179.398
763,3702,1,11,3,7,7,7,7,7,1,1,285.915,42,3796.88
764,3702,2,11,3,7,7,7,7,7,1,1,286.11,42,3804.35
765,3702,3,11,3,7,7,7,7,7,1,1,286.111,42,3719.46
766,3703,1,8,3,12,12,12,12,12,0,1,286.639,41,18348.5
767,3703,2,8,3,12,12,12,12,12,0,1,286.359,41,18714.9
768,3703,3,8,3,12,12,12,12,12,0,1,286.116,42,18282.5
769,3704,1,5,2,3,3,3,3,3,1,1,286.972,42,307.909
770,3704,2,5,2,3,3,3,3,3,1,1,287.123,41,310.612
771,3704,3,5,2,3,3,3,3,3,1,1,286.635,42,303.277
772,3705,1,7,3,17,17,17,17,17,0,1,286.82,42,750.097
773,3705,2,7,3,17,17,17,17,17,0,1,286.882,42,743.617
774,3705,3,7,3,17,17,17,17,17,0,1,286.97,42,743.754
775,3706,1,3,2,3,3,3,3,3,0,1,286.171,42,257.087
776,3706,2,3,2,3,3,3,3,3,0,1,286.68,42,250.739
777,3706,3,3,2,3,3,3,3,3,0,1,287.324,41,153.764
778,3707,1,3,1,3,3,3,3,3,0,1,286.176,42,184.124
779,3707,2,3,1,3,3,3,3,3,0,1,286.107,42,169.533
780,3707,3,3,1,3,3,3,3,3,0,1,286.462,42,169.301
781,3708,1,10,3,9,9,9,9,9,2,1,286.077,42,444.151
782,3708,2,10,3,9,9,9,9,9,2,1,286.552,42,437.948
783,3708,3,10,3,9,9,9,9,9,2,1,286.921,41,443.921
784,3709,1,7,3,10,10,10,10,10,0,1,286.509,42,700.299
785,3709,2,7,3,10,10,10,10,10,0,1,286.679,42,704.456
786,3709,3,7,3,10,10,10,10,10,0,1,286.577,42,696.337
787,3710,1,4,2,4,4,4,4,4,0,1,286.584,42,195.527
788,3710,2,4,2,4,4,4,4,4,0,1,286.216,42,196.85
789,3710,3,4,2,4,4,4,4,4,0,1,286.163,42,194.804
790,3711,1,3,1,4,4,4,4,4,0,1,286.06,42,179.015
791,3711,2,3,1,4,4,4,4,4,0,1,286.169,42,173.765
792,3711,3,3,1,4,4,4,4,4,0,1,286.196,42,173.645
793,3712,1,7,2,7,7,7,7,7,1,1,287.009,42,8131.17
794,3712,2,7,2,7,7,7,7,7,1,1,286.684,41,7908.3
795,3712,3,7,2,7,7,7,7,7,1,1,286.635,42,8022.88
796,3713,1,9,3,18,18,18,18,18,0,1,286.443,42,8044.31
797,3713,2,9,3,18,18,18,18,18,0,1,286.875,42,8097.92
798,3713,3,9,3,18,18,18,18,18,0,1,287.614,42,8061.82
799,3714,1,15,5,12,12,12,12,12,0,1,287.055,41,43903.9
800,3714,2,15,5,12,12,12,12,12,0,1,287.1,42,43825.1
801,3714,3,15,5,12,12,12,12,12,0,1,286.835,41,42654.7
802,3715,1,7,2,5,5,5,5,5,1,1,286.558,42,193.81
803,3715,2,7,2,5,5,5,5,5,1,1,287.05,42,193.023
804,3715,3,7,2,5,5,5,5,5,1,1,286.584,42,192.436
805,3716,1,6,2,9,9,9,9,9,0,1,287.799,42,268.896
806,3716,2,6,2,9,9,9,9,9,0,1,287.483,42,285.959
807,3716,3,6,2,9,9,9,9,9,0,1,286.587,41,271.765
808,3717,1,9,4,16,16,16,16,16,0,1,286.848,41,10473.4
809,3717,2,9,4,16,16,16,16,16,0,1,286.687,42,10628.8
810,3717,3,9,4,16,16,16,16,16,0,1,287.05,41,10567.9
811,3718,1,5,2,9,9,9,9,9,0,1,286.569,41,204.285
812,3718,2,5,2,9,9,9,9,9,0,1,287.156,41,202.889
813,3718,3,5,2,9,9,9,9,9,0,1,287.021,41,201.414
814,3719,1,8,2,7,7,7,7,7,2,1,286.653,41,196.745
815,3719,2,8,2,7,7,7,7,7,2,1,286.761,41,182.016
816,3719,3,8,2,7,7,7,7,7,2,1,287.066,42,181.131
817,3720,1,3,2,2,2,2,2,2,0,1,286.916,41,169.175
818,3720,2,3,2,2,2,2,2,2,0,1,286.521,42,170.541
819,3720,3,3,2,2,2,2,2,2,0,1,287.154,41,170.44
820,3721,1,8,3,13,13,13,13,13,2,1,286.673,41,189.927
821,3721,2,8,3,13,13,13,13,13,2,1,286.427,42,191.779
822,3721,3,8,3,13,13,13,13,13,2,1,287.219,42,190.352
823,3722,1,6,3,7,7,7,7,7,0,1,286.902,42,206.02
824,3722,2,6,3,7,7,7,7,7,0,1,286.731,42,208.338
825,3722,3,6,3,7,7,7,7,7,0,1,286.999,41,207.204
826,3723,1,5,2,4,4,4,4,4,1,1,286.684,41,149.748
827,3723,2,5,2,4,4,4,4,4,1,1,286.634,42,149.215
828,3723,3,5,2,4,4,4,4,4,1,1,286.263,42,148.332
829,3724,1,5,2,6,6,6,6,6,0,1,286.047,42,189.412
830,3724,2,5,2,6,6,6,6,6,0,1,286.167,42,173.802
831,3724,3,5,2,6,6,6,6,6,0,1,288.167,42,171.745
832,3725,1,7,2,5,5,5,5,5,0,1,286.387,42,617.389
833,3725,2,7,2,5,5,5,5,5,0,1,286.642,42,627.211
834,3725,3,7,2,5,5,5,5,5,0,1,287.578,42,618.402
835,3726,1,3,1,2,2,2,2,2,0,1,287.302,41,147.481
836,3726,2,3,1,2,2,2,2,2,0,1,287.204,42,146.169
837,3726,3,3,1,2,2,2,2,2,0,1,286.783,42,146.598
838,3727,1,5,2,7,7,7,7,7,0,1,286.716,41,581.862
839,3727,2,5,2,7,7,7,7,7,0,1,286.996,42,584.849
840,3727,3,5,2,7,7,7,7,7,0,1,286.768,42,584.926
841,3728,1,7,1,27,27,27,27,27,0,1,287.255,42,150.442
842,3728,2,7,1,27,27,27,27,27,0,1,287.172,42,154.898
843,3728,3,7,1,27,27,27,27,27,0,1,286.718,42,150.141
844,3729,1,8,2,15,15,15,15,15,2,1,286.309,42,214.144
845,3729,2,8,3,17,17,17,17,17,1,1,286.126,42,202.858
846,3729,3,8,3,17,17,17,17,17,1,1,286.728,41,204.575
847,3730,1,6,1,29,29,29,29,29,0,1,286.921,42,154.21
848,3730,2,6,1,29,29,29,29,29,0,1,287.008,42,155.788
849,3730,3,6,1,29,29,29,29,29,0,1,285.985,41,157.686
850,3731,1,6,3,7,7,7,7,7,0,1,286.913,42,192.535
851,3731,2,6,3,7,7,7,7,7,0,1,286.749,42,193.668
852,3731,3,6,3,7,7,7,7,7,0,1,287.193,42,195.372
853,3732,1,8,2,10,10,10,10,10,0,1,287.546,42,1344.16
854,3732,2,8,2,10,10,10,10,10,0,1,286.641,42,1342.48
855,3732,3,8,2,10,10,10,10,10,0,1,287.963,42,1365.74
856,3733,1,8,3,14,14,14,14,14,0,1,286.79,41,498.3
857,3733,2,8,3,14,14,14,14,14,0,1,286.952,41,494.63
858,3733,3,8,3,14,14,14,14,14,0,1,287.464,41,509.266
859,3734,1,6,2,11,11,11,11,11,0,1,287.307,42,187.175
860,3734,2,6,2,11,11,11,11,11,0,1,286.808,41,190.861
861,3734,3,6,2,11,11,11,11,11,0,1,286.384,41,189.656
862,3735,1,5,1,12,12,12,12,12,0,1,287.257,42,148.348
863,3735,2,5,1,12,12,12,12,12,0,1,286.774,42,145.555
864,3735,3,5,1,12,12,12,12,12,0,1,286.38,41,149.113
865,3736,1,6,3,6,6,6,6,6,1,1,287.147,42,151.767
866,3736,2,6,3,6,6,6,6,6,1,1,286.857,42,152.113
867,3736,3,6,3,6,6,6,6,6,1,1,288.662,42,151.651
868,3737,1,6,1,27,27,27,27,27,0,1,286.681,42,148.805
869,3737,2,6,1,27,27,27,27,27,0,1,287.018,42,151.407
870,3737,3,6,1,27,27,27,27,27,0,1,286.976,42,150.114
871,3738,1,4,3,4,4,4,4,4,0,1,286.701,42,218.131
872,3738,2,4,3,4,4,4,4,4,0,1,286.818,42,217.53
873,3738,3,4,3,4,4,4,4,4,0,1,286.301,42,233.624
874,3739,1,3,1,3,3,3,3,3,0,1,286.981,41,154.779
875,3739,2,3,1,3,3,3,3,3,0,1,286.525,42,154.595
876,3739,3,3,1,3,3,3,3,3,0,1,287.054,41,155.373
877,3740,1,8,4,11,11,11,11,11,0,1,286.671,41,609.675
878,3740,2,8,4,11,11,11,11,11,0,1,286.6,41,608.752
879,3740,3,8,4,11,11,11,11,11,0,1,286.735,41,611.33
880,3741,1,6,2,9,9,9,9,9,0,1,287.933,42,332.18
881,3741,2,6,2,9,9,9,9,9,0,1,286.763,41,321.631
882,3741,3,6,2,9,9,9,9,9,0,1,287.035,42,321.895
883,3742,1,7,2,11,11,11,11,11,0,1,287.289,42,620.068
884,3742,2,7,2,11,11,11,11,11,0,1,286.286,42,639.147
885,3742,3,7,2,11,11,11,11,11,0,1,287.454,42,623.846
886,3743,1,8,3,13,13,13,13,13,0,1,287.336,42,505.393
887,3743,2,8,3,13,13,13,13,13,0,1,286.584,42,522.788
888,3743,3,8,3,13,13,13,13,13,0,1,286.748,42,503.465
889,3744,1,7,3,9,9,9,9,9,0,1,286.89,41,284.381
890,3744,2,7,3,9,9,9,9,9,0,1,286.336,42,284.131
891,3744,3,7,3,9,9,9,9,9,0,1,286.578,42,285.176
892,3745,1,9,4,10,10,10,10,10,2,1,286.917,42,239.417
893,3745,2,9,4,10,10,10,10,10,2,1,286.323,41,243.652
894,3745,3,9,4,10,10,10,10,10,2,1,286.035,41,239.928
895,3746,1,4,3,3,3,3,3,3,0,1,286.571,42,167.564
896,3746,2,4,3,3,3,3,3,3,0,1,286.392,42,170.716
897,3746,3,4,3,3,3,3,3,3,0,1,286.632,42,166.637
898,3747,1,11,4,6,6,6,6,6,1,1,286.022,42,4072.98
899,3747,2,11,4,6,6,6,6,6,1,1,287.088,42,4050.94
900,3747,3,11,4,6,6,6,6,6,1,1,286.835,42,4022.85
901,3748,1,6,2,4,4,4,4,4,1,1,287.426,42,157.886
902,3748,2,6,2,4,4,4,4,4,1,1,286.094,41,158.366
903,3748,3,6,2,4,4,4,4,4,1,1,286.029,41,157.109
904,3749,1,7,2,14,14,14,14,14,0,1,286.806,41,245.331
905,3749,2,7,2,14,14,14,14,14,0,1,286.084,41,248.017
906,3749,3,7,2,14,14,14,14,14,0,1,286.685,42,245.398
907,3750,1,7,2,26,26,26,26,26,0,1,286.138,42,177.034
908,3750,2,7,2,26,26,26,26,26,0,1,286.969,42,178.701
909,3750,3,7,2,26,26,26,26,26,0,1,286.701,42,173.918
910,3751,1,8,3,8,8,8,8,8,0,1,287.056,42,1538.65
911,3751,2,8,3,8,8,8,8,8,0,1,286.227,41,1546.12
912,3751,3,8,3,8,8,8,8,8,0,1,286.229,41,1534.05
913,3752,1,8,3,9,9,9,9,9,0,1,286.671,42,538.936
914,3752,2,8,3,9,9,9,9,9,0,1,287.258,42,516.242
915,3752,3,8,3,9,9,9,9,9,0,1,286.775,42,514.768
916,3753,1,7,2,5,5,5,5,5,1,1,286.04,42,162.59
917,3753,2,7,2,5,5,5,5,5,1,1,286.85,42,165.114
918,3753,3,7,2,5,5,5,5,5,1,1,286.108,42,162.118
919,3754,1,5,2,4,4,4,4,4,0,1,286.263,42,661.368
920,3754,2,5,2,4,4,4,4,4,0,1,286.72,41,663.022
921,3754,3,5,2,4,4,4,4,4,0,1,285.447,42,664.423
922,3755,1,7,3,13,13,13,13,13,0,1,286.637,42,274.044
923,3755,2,7,3,13,13,13,13,13,0,1,286.72,42,277.577
924,3755,3,7,3,13,13,13,13,13,0,1,286.193,41,271.886
925,3756,1,6,3,6,6,6,6,6,0,1,286.872,41,605.631
926,3756,2,6,3,6,6,6,6,6,0,1,286.186,42,602.055
927,3756,3,6,3,6,6,6,6,6,0,1,286.096,41,624.696
928,3757,1,8,2,54,54,54,54,54,0,1,286.43,42,178.63
929,3757,2,8,2,54,54,54,54,54,0,1,286.182,42,177.766
930,3757,3,8,2,54,54,54,54,54,0,1,285.894,41,177.863
931,3758,1,6,1,23,23,23,23,23,0,1,286.053,41,148.607
932,3758,2,6,1,23,23,23,23,23,0,1,285.886,42,147.569
933,3758,3,6,1,23,23,23,23,23,0,1,286.934,42,146.491
934,3759,1,7,2,9,9,9,9,9,0,1,287.008,42,465.494
935,3759,2,7,2,9,9,9,9,9,0,1,285.933,42,466.449
936,3759,3,7,2,9,9,9,9,9,0,1,286.432,42,463.972
937,3760,1,5,3,3,3,3,3,3,1,1,286.625,42,145.167
938,3760,2,5,3,3,3,3,3,3,1,1,286.879,42,146.619
939,3760,3,5,3,3,3,3,3,3,1,1,286.618,42,146.672
940,3761,1,5,2,3,3,3,3,3,1,1,286.556,42,151.953
941,3761,2,5,2,3,3,3,3,3,1,1,286.18,42,147.235
942,3761,3,5,2,3,3,3,3,3,1,1,286.52,42,164.491
943,3762,1,7,2,7,7,7,7,7,1,1,285.972,42,174.205
944,3762,2,7,2,7,7,7,7,7,1,1,286.721,41,173.786
945,3762,3,7,2,7,7,7,7,7,1,1,286.559,42,174.782
946,3763,1,8,3,4,4,4,4,4,1,1,287.053,42,194.354
947,3763,2,8,3,4,4,4,4,4,1,1,285.967,42,197.626
948,3763,3,8,3,4,4,4,4,4,1,1,286.452,41,198.065
949,3764,1,7,2,7,7,7,7,7,1,1,286.715,42,168.084
950,3764,2,7,2,7,7,7,7,7,1,1,285.97,42,166.401
951,3764,3,7,2,7,7,7,7,7,1,1,286.718,41,166.543
952,3765,1,9,4,11,11,11,11,11,0,1,286.984,42,2439.89
953,3765,2,9,4,11,11,11,11,11,0,1,286.253,41,2441.46
954,3765,3,9,4,11,11,11,11,11,0,1,286.776,42,2431.57
955,3766,1,5,1,7,7,7,7,7,0,1,287.24,41,162.583
956,3766,2,5,1,7,7,7,7,7,0,1,286.9,42,177.777
957,3766,3,5,1,7,7,7,7,7,0,1,286.814,42,154.869
958,3767,1,3,1,5,5,5,5,5,0,1,287.301,42,159.242
959,3767,2,3,1,5,5,5,5,5,0,1,286.501,41,161.217
960,3767,3,3,1,5,5,5,5,5,0,1,286.344,42,160.047
961,3768,1,8,3,11,11,11,11,11,0,1,286.998,42,2250.34
962,3768,2,8,3,11,11,11,11,11,0,1,286.58,41,2239.97
963,3768,3,8,3,11,11,11,11,11,0,1,286.874,41,2251.28
964,3769,1,6,2,5,5,5,5,5,1,1,286.998,42,9340.81
965,3769,2,6,2,5,5,5,5,5,1,1,286.632,41,9262.48
966,3769,3,6,2,5,5,5,5,5,1,1,286.285,41,9214.25
967,3770,1,7,2,5,5,5,5,5,1,1,286.039,42,165.784
968,3770,2,7,2,5,5,5,5,5,1,1,286.01,42,163.75
969,3770,3,7,2,5,5,5,5,5,1,1,286.785,42,167.746
970,3771,1,6,2,4,4,4,4,4,1,1,286.925,41,10480.8
971,3771,2,6,2,4,4,4,4,4,1,1,286.174,42,10240.6
972,3771,3,6,2,4,4,4,4,4,1,1,286.711,42,10329.7
973,3772,1,8,3,8,8,8,8,8,2,1,286.075,41,589.406
974,3772,2,8,3,8,8,8,8,8,2,1,286.711,42,570.564
975,3772,3,8,3,8,8,8,8,8,2,1,286.683,42,576.73
976,3773,1,7,2,9,9,9,9,9,0,1,286.792,42,475.383
977,3773,2,7,2,9,9,9,9,9,0,1,286.389,42,469.352
978,3773,3,7,2,9,9,9,9,9,0,1,286.071,42,467.824
979,3774,1,7,3,8,8,8,8,8,0,1,285.983,42,481.831
980,3774,2,7,3,8,8,8,8,8,0,1,286.515,41,537.197
981,3774,3,7,3,8,8,8,8,8,0,1,286.143,42,484.405
982,3775,1,6,3,12,12,12,12,12,0,1,286.773,41,191.288
983,3775,2,6,3,12,12,12,12,12,0,1,285.971,41,192.463
984,3775,3,6,3,12,12,12,12,12,0,1,286.879,42,190.631
985,3776,1,6,2,3,3,3,3,3,1,1,286.496,41,152.767
986,3776,2,6,2,3,3,3,3,3,1,1,286.985,42,150.772
987,3776,3,6,2,3,3,3,3,3,1,1,285.837,42,167.647
988,3777,1,10,4,22,22,22,22,22,2,1,286.317,42,783.195
989,3777,2,10,4,22,22,22,22,22,2,1,286.524,42,780.563
990,3777,3,10,4,22,22,22,22,22,2,1,286.295,42,776.343
991,3778,1,4,2,2,2,2,2,2,0,1,286.838,42,150.709
992,3778,2,4,2,2,2,2,2,2,0,1,286.679,41,154.43
993,3778,3,4,2,2,2,2,2,2,0,1,286.717,41,156.344
994,3779,1,3,1,5,5,5,5,5,0,1,286.583,42,162.42
995,3779,2,3,1,5,5,5,5,5,0,1,286.4,42,162.207
996,3779,3,3,1,5,5,5,5,5,0,1,286.377,41,161.482
997,3780,1,7,2,7,7,7,7,7,1,1,286.395,42,164.766
998,3780,2,7,2,7,7,7,7,7,1,1,286.077,41,171.063
999,3780,3,7,2,7,7,7,7,7,1,1,287.247,42,165.959
1000,3781,1,8,3,10,10,10,10,10,0,1,287.025,41,650.305
1001,3781,2,8,3,10,10,10,10,10,0,1,287.106,42,646.438
1002,3781,3,8,3,10,10,10,10,10,0,1,286.593,42,665.98
1003,3782,1,5,3,3,3,3,3,3,0,1,286.238,41,508.603
1004,3782,2,5,3,3,3,3,3,3,0,1,286.469,42,507.11
1005,3782,3,5,3,3,3,3,3,3,0,1,286.824,42,511.557
1006,3783,1,4,2,4,4,4,4,4,0,1,286.207,42,156.074
1007,3783,2,4,2,4,4,4,4,4,0,1,286.248,42,154.998
1008,3783,3,4,2,4,4,4,4,4,0,1,287.297,42,155.501
1009,3784,1,7,2,21,21,21,21,21,0,1,287.134,42,170.435
1010,3784,2,7,2,21,21,21,21,21,0,1,286.933,42,170.526
1011,3784,3,7,2,21,21,21,21,21,0,1,287.08,42,214.564
1012,3785,1,8,3,5,5,5,5,5,1,1,286.896,42,576.534
1013,3785,2,8,3,5,5,5,5,5,1,1,286.549,42,571.919
1014,3785,3,8,3,5,5,5,5,5,1,1,286.709,41,574.817
1015,3786,1,3,2,3,3,3,3,3,0,1,286.781,42,140.91
1016,3786,2,3,2,3,3,3,3,3,0,1,286.557,42,145.588
1017,3786,3,3,2,3,3,3,3,3,0,1,286.05,42,157.888
1018,3787,1,8,3,20,20,20,20,20,0,1,285.662,41,1901.08
1019,3787,2,8,3,20,20,20,20,20,0,1,286.655,41,1891.25
1020,3787,3,8,3,20,20,20,20,20,0,1,286.545,42,1921.06
1021,3788,1,6,2,3,3,3,3,3,1,1,286.286,41,155.883
1022,3788,2,6,2,3,3,3,3,3,1,1,285.908,42,152.661
1023,3788,3,6,2,3,3,3,3,3,1,1,286.576,42,153.411
1024,3789,1,5,2,3,3,3,3,3,1,1,286.189,42,151.207
1025,3789,2,5,2,3,3,3,3,3,1,1,286.812,42,147.667
1026,3789,3,5,2,3,3,3,3,3,1,1,286.982,42,148.882
1027,3790,1,6,3,6,6,6,6,6,1,1,286.579,41,155.289
1028,3790,2,6,3,6,6,6,6,6,1,1,286.859,42,157.089
1029,3790,3,6,3,6,6,6,6,6,1,1,286.38,41,157.424
1030,3791,1,7,3,10,10,10,10,10,0,1,286.093,42,2456.34
1031,3791,2,7,3,10,10,10,10,10,0,1,286.17,42,2456.93
1032,3791,3,7,3,10,10,10,10,10,0,1,288.114,42,2446.26
1033,3792,1,7,2,5,5,5,5,5,2,1,286.706,42,159.95
1034,3792,2,7,2,5,5,5,5,5,2,1,286.879,42,161.36
1035,3792,3,7,2,5,5,5,5,5,2,1,286.572,42,160.374
1036,3793,1,4,1,6,6,6,6,6,0,1,287.105,42,288.112
1037,3793,2,4,1,6,6,6,6,6,0,1,286.186,42,289.233
1038,3793,3,4,1,6,6,6,6,6,0,1,286.931,42,286.635
1039,3794,1,6,2,3,3,3,3,3,1,1,286.664,41,186.994
1040,3794,2,6,2,3,3,3,3,3,1,1,285.602,42,185.338
1041,3794,3,6,2,3,3,3,3,3,1,1,286.626,42,183.316
1042,3795,1,12,6,20,20,20,20,20,3,1,287.04,41,8118.03
1043,3795,2,12,6,20,20,20,20,20,3,1,286.797,41,8006.23
1044,3795,3,12,6,20,20,20,20,20,3,1,286.45,41,8167.38
1045,3796,1,16,6,9,9,9,9,9,1,1,286.848,42,49474.0
1046,3796,2,16,6,9,9,9,9,9,1,1,286.593,42,49440.2
1047,3796,3,16,6,9,9,9,9,9,1,1,286.826,41,50208.4
1048,3797,1,5,2,3,3,3,3,3,1,1,286.69,41,319.842
1049,3797,2,5,2,3,3,3,3,3,1,1,287.152,42,304.018
1050,3797,3,5,2,3,3,3,3,3,1,1,286.673,42,303.28
1051,3798,1,5,2,4,4,4,4,4,1,1,286.737,42,146.205
1052,3798,2,5,2,4,4,4,4,4,1,1,286.027,42,152.202
1053,3798,3,5,2,4,4,4,4,4,1,1,286.777,41,147.819
1054,3799,1,6,2,4,4,4,4,4,1,1,286.674,42,151.578
1055,3799,2,5,2,5,5,5,5,5,1,1,286.611,42,148.49
1056,3799,3,5,2,5,5,5,5,5,1,1,286.649,41,153.067
1057,3800,1,5,2,5,5,5,5,5,0,1,286.319,42,210.545
1058,3800,2,5,2,5,5,5,5,5,0,1,286.87,42,211.266
1059,3800,3,5,2,5,5,5,5,5,0,1,286.751,42,212.602
1060,3801,1,7,3,14,14,14,14,14,0,1,286.724,42,600.307
1061,3801,2,7,3,14,14,14,14,14,0,1,286.664,42,598.861
1062,3801,3,7,3,14,14,14,14,14,0,1,287.117,42,596.353
1063,3802,1,9,4,19,19,19,19,19,0,1,286.557,42,12765.8
1064,3802,2,9,4,19,19,19,19,19,0,1,286.679,42,13058.9
1065,3802,3,9,4,19,19,19,19,19,0,1,286.295,42,13116.3
1066,3803,1,4,1,5,5,5,5,5,0,1,286.831,42,163.751
1067,3803,2,4,1,5,5,5,5,5,0,1,286.86,41,162.923
1068,3803,3,4,1,5,5,5,5,5,0,1,286.591,41,163.567
1069,3804,1,5,1,4,4,4,4,4,1,1,286.021,42,258.554
1070,3804,2,5,1,4,4,4,4,4,1,1,286.493,42,242.875
1071,3804,3,5,1,4,4,4,4,4,1,1,287.026,42,243.371
1072,3805,1,6,2,3,3,3,3,3,1,1,285.903,42,152.499
1073,3805,2,6,2,3,3,3,3,3,1,1,286.731,42,150.396
1074,3805,3,6,2,3,3,3,3,3,1,1,286.64,42,152.799
1075,3806,1,6,3,6,6,6,6,6,1,1,286.501,42,152.114
1076,3806,2,6,3,6,6,6,6,6,1,1,286.93,42,152.931
1077,3806,3,6,3,6,6,6,6,6,1,1,286.56,42,151.372
1078,3807,1,8,2,11,11,11,11,11,0,1,286.796,42,5947.09
1079,3807,2,8,2,11,11,11,11,11,0,1,286.635,42,6053.25
1080,3807,3,8,2,11,11,11,11,11,0,1,286.32,41,5955.05
1081,3808,1,12,4,7,7,7,7,7,1,1,286.346,42,22141.3
1082,3808,2,12,4,7,7,7,7,7,1,1,286.723,41,22041.6
1083,3808,3,12,4,7,7,7,7,7,1,1,286.67,42,21226.2
1084,3809,1,5,1,3,3,3,3,3,1,1,286.675,42,481.349
1085,3809,2,5,1,3,3,3,3,3,1,1,287.117,42,472.788
1086,3809,3,5,1,3,3,3,3,3,1,1,286.415,41,480.892
1087,3810,1,7,2,9,9,9,9,9,0,1,286.846,42,1648.44
1088,3810,2,7,2,9,9,9,9,9,0,1,286.956,42,1662.55
1089,3810,3,7,2,9,9,9,9,9,0,1,287.455,42,1655.18
1090,3811,1,7,4,11,11,11,11,11,1,1,286.714,42,170.014
1091,3811,2,7,4,11,11,11,11,11,1,1,286.317,42,179.649
1092,3811,3,7,4,11,11,11,11,11,1,1,286.862,42,172.588
1093,3812,1,5,1,3,3,3,3,3,1,1,286.685,42,242.763
1094,3812,2,5,1,3,3,3,3,3,1,1,287.125,42,247.129
1095,3812,3,5,1,3,3,3,3,3,1,1,286.853,41,241.698
1096,3813,1,3,1,4,4,4,4,4,0,1,286.543,41,257.052
1097,3813,2,3,1,4,4,4,4,4,0,1,286.625,42,161.846
1098,3813,3,3,1,4,4,4,4,4,0,1,286.979,42,442.425
1099,3814,1,7,3,8,8,8,8,8,1,1,287.535,42,8081.14
1100,3814,2,7,3,8,8,8,8,8,1,1,286.584,42,8013.37
1101,3814,3,7,3,8,8,8,8,8,1,1,286.298,42,8088.42
1102,3815,1,8,2,71,71,71,71,71,0,1,287.209,42,159.651
1103,3815,2,8,2,71,71,71,71,71,0,1,286.273,42,161.453
1104,3815,3,8,2,71,71,71,71,71,0,1,286.645,41,159.99
1105,3816,1,5,1,5,5,5,5,5,3,1,285.888,41,153.48
1106,3816,2,5,1,5,5,5,5,5,3,1,285.867,42,153.199
1107,3816,3,5,1,5,5,5,5,5,3,1,286.955,42,166.596
1108,3817,1,7,2,4,4,4,4,4,1,1,286.704,42,174.303
1109,3817,2,7,2,4,4,4,4,4,1,1,286.387,41,175.119
1110,3817,3,7,2,4,4,4,4,4,1,1,286.557,41,179.847
1111,3818,1,5,2,4,4,4,4,4,1,1,285.964,41,148.708
1112,3818,2,6,2,4,4,4,4,4,1,1,286.774,41,152.019
1113,3818,3,5,2,4,4,4,4,4,1,1,286.488,42,150.942
1114,3819,1,4,3,6,6,6,6,6,0,1,286.214,42,187.07
1115,3819,2,4,3,6,6,6,6,6,0,1,285.932,42,188.481
1116,3819,3,4,3,6,6,6,6,6,0,1,286.734,42,185.492
1117,3820,1,8,2,37,37,37,37,37,0,1,286.122,42,175.036
1118,3820,2,8,2,37,37,37,37,37,0,1,286.195,42,173.865
1119,3820,3,8,2,37,37,37,37,37,0,1,286.651,42,177.972
1120,3821,1,4,3,2,2,2,2,2,0,1,287.167,42,192.791
1121,3821,2,4,3,2,2,2,2,2,0,1,286.715,42,196.805
1122,3821,3,4,3,2,2,2,2,2,0,1,285.96,42,211.059
1123,3822,1,6,2,4,4,4,4,4,1,1,286.719,42,174.362
1124,3822,2,6,2,4,4,4,4,4,1,1,286.155,42,173.055
1125,3822,3,6,2,4,4,4,4,4,1,1,286.258,42,167.658
1126,3823,1,7,2,5,5,5,5,5,1,1,286.13,41,174.468
1127,3823,2,7,2,5,5,5,5,5,1,1,286.641,41,173.142
1128,3823,3,7,2,5,5,5,5,5,1,1,286.742,42,176.809
1129,3824,1,5,2,5,5,5,5,5,0,1,286.625,41,187.942
1130,3824,2,5,2,5,5,5,5,5,0,1,286.592,42,188.111
1131,3824,3,5,2,5,5,5,5,5,0,1,286.905,42,184.283
1132,3825,1,6,3,9,9,9,9,9,0,1,286.706,42,2265.87
1133,3825,2,6,3,9,9,9,9,9,0,1,286.754,42,2275.88
1134,3825,3,6,3,9,9,9,9,9,0,1,286.379,42,2265.75
1135,3826,1,6,2,3,3,3,3,3,1,1,285.994,41,153.292
1136,3826,2,6,2,3,3,3,3,3,1,1,286.688,41,170.489
1137,3826,3,6,2,3,3,3,3,3,1,1,285.887,42,153.806
1138,3827,1,8,3,12,12,12,12,12,1,1,286.542,42,210.537
1139,3827,2,8,3,12,12,12,12,12,1,1,286.648,41,215.864
1140,3827,3,8,3,12,12,12,12,12,1,1,285.993,42,209.696
1141,3828,1,3,1,3,3,3,3,3,0,1,287.136,42,163.252
1142,3828,2,3,1,3,3,3,3,3,0,1,285.913,42,169.45
1143,3828,3,3,1,3,3,3,3,3,0,1,286.041,42,163.5
1144,3829,1,10,4,10,10,10,10,10,0,1,286.792,42,15957.6
1145,3829,2,10,4,10,10,10,10,10,0,1,286.809,42,15878.9
1146,3829,3,10,4,10,10,10,10,10,0,1,286.627,41,16049.4
1147,3830,1,8,3,10,10,10,10,10,0,1,286.798,42,10819.2
1148,3830,2,8,3,10,10,10,10,10,0,1,286.181,42,10488.6
1149,3830,3,8,3,10,10,10,10,10,0,1,286.153,41,10487.4
1150,3831,1,6,2,8,8,8,8,8,0,1,286.736,41,778.587
1151,3831,2,6,2,8,8,8,8,8,0,1,286.838,41,758.68
1152,3831,3,6,2,8,8,8,8,8,0,1,286.236,42,766.175
1153,3832,1,5,2,4,4,4,4,4,1,1,286.075,42,148.35
1154,3832,2,5,2,4,4,4,4,4,1,1,285.903,42,145.143
1155,3832,3,5,2,4,4,4,4,4,1,1,286.676,42,148.669
1156,3833,1,4,2,3,3,3,3,3,0,1,286.649,42,172.26
1157,3833,2,4,2,3,3,3,3,3,0,1,286.806,42,170.399
1158,3833,3,4,2,3,3,3,3,3,0,1,286.617,42,173.063
1159,3834,1,8,2,39,39,39,39,39,0,1,286.949,42,156.624
1160,3834,2,8,2,39,39,39,39,39,0,1,286.648,42,157.466
1161,3834,3,8,2,39,39,39,39,39,0,1,287.076,42,160.573
1162,3835,1,4,1,6,6,6,6,6,0,1,286.716,41,157.037
1163,3835,2,4,1,6,6,6,6,6,0,1,286.37,42,158.162
1164,3835,3,4,1,6,6,6,6,6,0,1,286.143,42,156.47
1165,3836,1,6,2,6,6,6,6,6,1,1,286.27,42,583.493
1166,3836,2,6,2,6,6,6,6,6,1,1,286.104,42,571.4
1167,3836,3,6,2,6,6,6,6,6,1,1,286.719,42,577.884
1168,3837,1,6,2,16,16,16,16,16,0,1,286.866,42,156.563
1169,3837,2,6,2,16,16,16,16,16,0,1,286.123,42,159.84
1170,3837,3,6,2,16,16,16,16,16,0,1,286.73,42,155.909
1171,3838,1,5,2,3,3,3,3,3,1,1,286.337,42,655.901
1172,3838,2,5,2,3,3,3,3,3,1,1,287.044,42,659.306
1173,3838,3,5,2,3,3,3,3,3,1,1,286.147,41,653.107
1174,3839,1,6,2,4,4,4,4,4,1,1,286.119,42,164.364
1175,3839,2,6,2,4,4,4,4,4,1,1,286.392,42,166.442
1176,3839,3,6,2,4,4,4,4,4,1,1,286.721,41,165.303
1177,3840,1,6,2,6,6,6,6,6,0,1,287.035,41,454.983
1178,3840,2,6,2,6,6,6,6,6,0,1,287.002,42,454.798
1179,3840,3,6,2,6,6,6,6,6,0,1,286.759,42,469.899
1180,3841,1,6,2,6,6,6,6,6,1,1,286.621,41,151.92
1181,3841,2,6,2,6,6,6,6,6,1,1,286.068,42,150.233
1182,3841,3,6,2,6,6,6,6,6,1,1,286.542,42,151.595
1183,3842,1,7,3,4,4,4,4,4,1,1,286.659,41,161.819
1184,3842,2,7,3,4,4,4,4,4,1,1,285.988,41,165.35
1185,3842,3,7,3,4,4,4,4,4,1,1,286.225,42,162.352
1186,3843,1,7,3,13,13,13,13,13,0,1,286.18,42,275.477
1187,3843,2,7,3,13,13,13,13,13,0,1,286.657,42,274.942
1188,3843,3,7,3,13,13,13,13,13,0,1,286.899,41,278.356
1189,3844,1,8,2,6,6,6,6,6,1,1,286.843,42,207.097
1190,3844,2,8,2,6,6,6,6,6,1,1,286.629,41,206.9
1191,3844,3,8,2,6,6,6,6,6,1,1,286.536,41,207.08
1192,3845,1,9,5,12,12,12,12,12,2,1,286.166,42,565.006
1193,3845,2,9,5,12,12,12,12,12,2,1,286.219,41,575.522
1194,3845,3,9,5,12,12,12,12,12,2,1,286.725,42,588.712
1195,3846,1,5,2,8,8,8,8,8,0,1,285.912,42,171.856
1196,3846,2,5,2,8,8,8,8,8,0,1,286.318,42,168.448
1197,3846,3,5,2,8,8,8,8,8,0,1,285.904,42,167.395
1198,3847,1,5,2,24,24,24,24,24,0,1,286.998,42,159.457
1199,3847,2,5,2,24,24,24,24,24,0,1,286.001,41,159.895
1200,3847,3,5,2,24,24,24,24,24,0,1,286.849,42,159.806
1201,3848,1,6,2,7,7,7,7,7,1,1,287.067,41,475.001
1202,3848,2,6,2,7,7,7,7,7,1,1,286.52,42,469.014
1203,3848,3,6,2,7,7,7,7,7,1,1,286.103,42,466.493
1204,3849,1,4,1,4,4,4,4,4,0,1,286.277,41,154.217
1205,3849,2,4,1,4,4,4,4,4,0,1,286.559,42,152.186
1206,3849,3,4,1,4,4,4,4,4,0,1,286.801,42,150.971
1207,3850,1,6,2,7,7,7,7,7,1,1,286.82,42,150.772
1208,3850,2,6,2,6,6,6,6,6,1,1,285.927,42,152.785
1209,3850,3,6,2,6,6,6,6,6,1,1,286.693,41,165.305
1210,3851,1,5,2,9,9,9,9,9,0,1,286.59,42,205.276
1211,3851,2,5,2,9,9,9,9,9,0,1,286.396,41,204.046
1212,3851,3,5,2,9,9,9,9,9,0,1,286.756,41,203.791
1213,3852,1,7,3,16,16,16,16,16,0,1,286.598,41,727.398
1214,3852,2,7,3,16,16,16,16,16,0,1,286.031,42,734.311
1215,3852,3,7,3,16,16,16,16,16,0,1,286.158,41,731.19
1216,3853,1,5,3,5,5,5,5,5,0,1,286.532,42,189.355
1217,3853,2,5,3,5,5,5,5,5,0,1,286.983,42,194.539
1218,3853,3,5,3,5,5,5,5,5,0,1,286.188,41,191.359
1219,3854,1,3,1,4,4,4,4,4,0,1,285.95,42,152.455
1220,3854,2,3,1,4,4,4,4,4,0,1,286.55,42,150.023
1221,3854,3,3,1,4,4,4,4,4,0,1,286.043,42,150.471
1222,3855,1,5,2,8,8,8,8,8,0,1,286.299,42,169.814
1223,3855,2,5,2,8,8,8,8,8,0,1,286.722,42,170.466
1224,3855,3,5,2,8,8,8,8,8,0,1,285.893,41,186.065
1225,3856,1,3,1,4,4,4,4,4,0,1,286.599,42,146.777
1226,3856,2,3,1,4,4,4,4,4,0,1,286.968,41,152.953
1227,3856,3,3,1,4,4,4,4,4,0,1,286.912,41,147.552
1228,3857,1,4,2,10,10,10,10,10,0,1,287.023,42,184.915
1229,3857,2,4,2,10,10,10,10,10,0,1,286.609,41,183.849
1230,3857,3,4,2,10,10,10,10,10,0,1,286.548,42,183.887
1231,3858,1,6,2,11,11,11,11,11,0,1,286.186,41,171.722
1232,3858,2,6,2,11,11,11,11,11,0,1,286.077,42,172.2
1233,3858,3,6,2,11,11,11,11,11,0,1,286.333,42,170.482
1234,3859,1,6,2,11,11,11,11,11,0,1,286.606,42,3054.59
1235,3859,2,6,2,11,11,11,11,11,0,1,286.108,42,3094.23
1236,3859,3,6,2,11,11,11,11,11,0,1,286.19,42,3063.36
1237,3860,1,8,3,11,11,11,11,11,0,1,286.636,42,557.971
1238,3860,2,8,3,11,11,11,11,11,0,1,286.645,42,540.649
1239,3860,3,8,3,11,11,11,11,11,0,1,286.654,42,543.64
1240,3861,1,4,2,9,9,9,9,9,0,1,286.137,41,156.424
1241,3861,2,4,2,9,9,9,9,9,0,1,286.35,42,157.215
1242,3861,3,4,2,9,9,9,9,9,0,1,285.825,41,157.412
1243,3862,1,4,2,4,4,4,4,4,0,1,286.613,42,153.365
1244,3862,2,4,2,4,4,4,4,4,0,1,286.209,41,153.579
1245,3862,3,4,2,4,4,4,4,4,0,1,286.423,41,153.958
1246,3863,1,8,3,12,12,12,12,12,0,1,286.737,42,695.353
1247,3863,2,8,3,12,12,12,12,12,0,1,286.8,42,707.255
1248,3863,3,8,3,12,12,12,12,12,0,1,286.862,41,709.371
1249,3864,1,4,1,13,13,13,13,13,0,1,286.186,42,159.346
1250,3864,2,4,1,13,13,13,13,13,0,1,286.916,42,160.967
1251,3864,3,4,1,13,13,13,13,13,0,1,286.164,42,159.476
1252,3865,1,8,2,11,11,11,11,11,0,1,286.808,42,489.104
1253,3865,2,8,2,11,11,11,11,11,0,1,286.636,42,472.964
1254,3865,3,8,2,11,11,11,11,11,0,1,286.76,42,469.232
1255,3866,1,9,4,12,12,12,12,12,0,1,286.967,42,8668.76
1256,3866,2,9,4,12,12,12,12,12,0,1,286.665,42,8679.3
1257,3866,3,9,4,12,12,12,12,12,0,1,286.102,41,8601.62
1258,3867,1,3,2,4,4,4,4,4,0,1,287.054,41,157.105
1259,3867,2,3,2,4,4,4,4,4,0,1,286.498,41,158.27
1260,3867,3,3,2,4,4,4,4,4,0,1,286.651,42,156.668
1261,3868,1,8,3,6,6,6,6,6,2,1,285.983,42,201.907
1262,3868,2,8,3,6,6,6,6,6,2,1,286.272,42,190.489
1263,3868,3,8,3,6,6,6,6,6,2,1,286.62,42,183.626
1264,3869,1,7,2,31,31,31,31,31,0,1,285.949,42,158.233
1265,3869,2,7,2,31,31,31,31,31,0,1,286.689,41,157.88
1266,3869,3,7,2,31,31,31,31,31,0,1,285.988,42,158.618
1267,3870,1,7,1,40,40,40,40,40,0,1,286.116,41,147.877
1268,3870,2,7,1,40,40,40,40,40,0,1,285.938,42,151.687
1269,3870,3,7,1,40,40,40,40,40,0,1,286.707,42,148.475
1270,3871,1,10,6,13,13,13,13,13,3,1,286.127,41,627.269
1271,3871,2,10,6,13,13,13,13,13,3,1,286.896,41,629.584
1272,3871,3,10,6,13,13,13,13,13,3,1,287.042,41,628.216
1273,3872,1,8,3,8,8,8,8,8,1,1,286.75,42,219.589
1274,3872,2,8,3,8,8,8,8,8,1,1,286.714,42,218.556
1275,3872,3,8,3,8,8,8,8,8,1,1,286.086,41,218.393
1276,3873,1,6,2,7,7,7,7,7,1,1,286.135,42,168.161
1277,3873,2,6,2,7,7,7,7,7,1,1,286.146,42,150.889
1278,3873,3,6,2,7,7,7,7,7,1,1,285.877,42,154.853
1279,3874,1,6,3,4,4,4,4,4,0,1,286.653,42,598.571
1280,3874,2,6,3,4,4,4,4,4,0,1,286.882,42,613.032
1281,3874,3,6,3,4,4,4,4,4,0,1,286.2,42,642.075
1282,3875,1,4,2,3,3,3,3,3,0,1,286.901,42,143.599
1283,3875,2,4,2,3,3,3,3,3,0,1,286.909,42,142.833
1284,3875,3,4,2,3,3,3,3,3,0,1,286.879,42,143.919
1285,3876,1,5,1,18,18,18,18,18,0,1,285.962,42,149.16
1286,3876,2,5,1,18,18,18,18,18,0,1,286.664,41,156.982
1287,3876,3,5,1,18,18,18,18,18,0,1,286.13,42,155.198
1288,3877,1,8,3,9,9,9,9,9,0,1,286.842,42,597.081
1289,3877,2,8,3,9,9,9,9,9,0,1,286.34,42,608.33
1290,3877,3,8,3,9,9,9,9,9,0,1,286.053,42,605.849
1291,3878,1,5,2,6,6,6,6,6,0,1,286.251,42,182.066
1292,3878,2,5,2,6,6,6,6,6,0,1,287.162,42,167.827
1293,3878,3,5,2,6,6,6,6,6,0,1,286.349,42,165.335
1294,3879,1,7,3,12,12,12,12,12,0,1,286.696,42,255.648
1295,3879,2,7,3,12,12,12,12,12,0,1,286.602,41,259.65
1296,3879,3,7,3,12,12,12,12,12,0,1,286.75,42,254.019
1297,3880,1,7,2,25,25,25,25,25,0,1,286.618,42,148.379
1298,3880,2,7,2,25,25,25,25,25,0,1,286.396,41,147.917
1299,3880,3,7,2,25,25,25,25,25,0,1,286.424,42,149.212
1300,3881,1,7,2,42,42,42,42,42,0,1,286.652,41,150.507
1301,3881,2,7,2,42,42,42,42,42,0,1,286.145,42,149.82
1302,3881,3,7,2,42,42,42,42,42,0,1,286.094,42,163.294
1303,3882,1,8,3,10,10,10,10,10,2,1,286.711,41,195.89
1304,3882,2,8,3,10,10,10,10,10,2,1,285.981,42,198.67
1305,3882,3,8,3,10,10,10,10,10,2,1,286.55,41,197.292
1306,3883,1,6,3,6,6,6,6,6,0,1,287.015,42,174.585
1307,3883,2,6,3,6,6,6,6,6,0,1,285.988,42,160.117
1308,3883,3,6,3,6,6,6,6,6,0,1,286.947,42,158.566
1309,3884,1,6,2,8,8,8,8,8,0,1,286.909,41,1847.81
1310,3884,2,6,2,8,8,8,8,8,0,1,287.07,42,1864.39
1311,3884,3,6,2,8,8,8,8,8,0,1,286.497,42,1888.93
1312,3885,1,3,1,2,2,2,2,2,0,1,286.1,42,155.133
1313,3885,2,3,1,2,2,2,2,2,0,1,286.365,42,154.593
1314,3885,3,3,1,2,2,2,2,2,0,1,285.878,41,155.519
1315,3886,1,4,2,4,4,4,4,4,0,1,286.928,42,150.171
1316,3886,2,4,2,4,4,4,4,4,0,1,286.757,41,147.189
1317,3886,3,4,2,4,4,4,4,4,0,1,286.101,41,146.225
1318,3887,1,6,2,31,31,31,31,31,0,1,286.414,41,150.178
1319,3887,2,6,2,31,31,31,31,31,0,1,286.066,42,151.245
1320,3887,3,6,2,31,31,31,31,31,0,1,286.476,42,167.819
1321,3888,1,8,3,6,6,6,6,6,1,1,286.975,41,1505.74
1322,3888,2,8,3,6,6,6,6,6,1,1,286.787,41,1484.54
1323,3888,3,8,3,6,6,6,6,6,1,1,286.647,42,1485.05
1324,3889,1,8,4,8,8,8,8,8,0,1,286.805,41,12748.3
1325,3889,2,8,4,8,8,8,8,8,0,1,286.027,42,13013.8
1326,3889,3,8,4,8,8,8,8,8,0,1,286.548,42,12713.7
1327,3890,1,6,3,12,12,12,12,12,0,1,286.153,42,212.819
1328,3890,2,6,3,12,12,12,12,12,0,1,286.853,41,194.801
1329,3890,3,6,3,12,12,12,12,12,0,1,286.73,41,193.9
1330,3891,1,6,2,4,4,4,4,4,1,1,286.397,42,2243.52
1331,3891,2,6,2,4,4,4,4,4,1,1,286.82,42,2243.4
1332,3891,3,6,2,4,4,4,4,4,1,1,286.609,41,2230.8
1333,3892,1,7,3,9,9,9,9,9,0,1,286.785,42,806.215
1334,3892,2,7,3,9,9,9,9,9,0,1,286.138,41,725.208
1335,3892,3,7,3,9,9,9,9,9,0,1,286.678,42,711.546
1336,3893,1,5,1,3,3,3,3,3,1,1,286.539,41,190.567
1337,3893,2,5,1,3,3,3,3,3,1,1,286.825,42,189.834
1338,3893,3,5,1,3,3,3,3,3,1,1,286.443,42,189.514
1339,3894,1,5,2,4,4,4,4,4,1,1,286.223,42,183.307
1340,3894,2,5,2,4,4,4,4,4,1,1,286.587,41,197.894
1341,3894,3,5,2,4,4,4,4,4,1,1,286.912,41,181.684
1342,3895,1,7,2,10,10,10,10,10,0,1,286.756,42,465.001
1343,3895,2,7,2,10,10,10,10,10,0,1,286.618,42,467.392
1344,3895,3,7,2,10,10,10,10,10,0,1,286.762,41,468.128
1345,3896,1,7,2,26,26,26,26,26,0,1,286.507,42,172.254
1346,3896,2,7,2,26,26,26,26,26,0,1,286.762,42,174.461
1347,3896,3,7,2,26,26,26,26,26,0,1,287.984,41,175.001
1348,3897,1,4,1,10,10,10,10,10,0,1,286.214,42,156.801
1349,3897,2,4,1,10,10,10,10,10,0,1,286.448,42,155.249
1350,3897,3,4,1,10,10,10,10,10,0,1,286.069,42,154.968
1351,3898,1,4,2,3,3,3,3,3,0,1,286.172,42,212.65
1352,3898,2,4,2,3,3,3,3,3,0,1,286.218,42,210.166
1353,3898,3,4,2,3,3,3,3,3,0,1,286.713,42,212.357
1354,3899,1,4,1,2,2,2,2,2,1,1,286.062,42,259.111
1355,3899,2,4,1,2,2,2,2,2,1,1,286.573,42,275.32
1356,3899,3,4,1,2,2,2,2,2,1,1,285.999,42,258.545
1357,3900,1,8,3,9,9,9,9,9,0,1,286.296,41,2696.11
1358,3900,2,8,3,9,9,9,9,9,0,1,286.464,41,2737.88
1359,3900,3,8,3,9,9,9,9,9,0,1,286.551,42,2730.76
1360,3901,1,5,2,15,15,15,15,15,0,1,286.346,41,186.201
1361,3901,2,5,2,15,15,15,15,15,0,1,286.147,42,185.225
1362,3901,3,5,2,15,15,15,15,15,0,1,286.834,42,185.905
1363,3902,1,6,2,5,5,5,5,5,1,1,286.519,42,153.385
1364,3902,2,6,2,5,5,5,5,5,1,1,286.233,41,151.496
1365,3902,3,6,2,5,5,5,5,5,1,1,286.845,41,151.687
1366,3903,1,5,3,3,3,3,3,3,1,1,286.818,42,252.79
1367,3903,2,5,3,3,3,3,3,3,1,1,286.352,41,252.83
1368,3903,3,5,3,3,3,3,3,3,1,1,286.764,42,271.982
1369,3904,1,8,3,4,4,4,4,4,1,1,286.553,42,222.865
1370,3904,2,8,3,4,4,4,4,4,1,1,286.705,42,218.489
1371,3904,3,8,3,4,4,4,4,4,1,1,286.763,41,221.045
1372,3905,1,7,2,6,6,6,6,6,1,1,286.129,42,165.665
1373,3905,2,7,2,6,6,6,6,6,1,1,286.828,42,164.984
1374,3905,3,7,2,6,6,6,6,6,1,1,286.861,42,165.832
1375,3906,1,7,2,33,33,33,33,33,0,1,286.473,42,149.427
1376,3906,2,7,2,33,33,33,33,33,0,1,286.39,42,150.396
1377,3906,3,7,2,33,33,33,33,33,0,1,286.096,42,154.374
1378,3907,1,4,2,4,4,4,4,4,0,1,286.156,42,174.588
1379,3907,2,4,2,4,4,4,4,4,0,1,286.572,42,176.433
1380,3907,3,4,2,4,4,4,4,4,0,1,286.716,42,176.724
1381,3908,1,3,1,3,3,3,3,3,0,1,286.428,42,158.119
1382,3908,2,3,1,3,3,3,3,3,0,1,286.605,42,158.416
1383,3908,3,3,1,3,3,3,3,3,0,1,286.817,42,175.683
1384,3909,1,8,3,7,7,7,7,7,0,1,286.535,41,13932.5
1385,3909,2,8,3,7,7,7,7,7,0,1,286.698,42,13921.7
1386,3909,3,8,3,7,7,7,7,7,0,1,286.754,42,14133.4
1387,3910,1,4,1,3,3,3,3,3,1,1,286.36,42,293.424
1388,3910,2,4,1,3,3,3,3,3,1,1,285.919,42,305.627
1389,3910,3,4,1,3,3,3,3,3,1,1,286.541,42,294.347
1390,3911,1,6,2,26,26,26,26,26,0,1,286.049,41,150.863
1391,3911,2,6,2,26,26,26,26,26,0,1,286.996,42,149.679
1392,3911,3,6,2,26,26,26,26,26,0,1,286.821,42,150.866
1393,3912,1,6,3,7,7,7,7,7,1,1,286.094,41,157.36
1394,3912,2,6,3,7,7,7,7,7,1,1,286.183,41,216.311
1395,3912,3,6,3,7,7,7,7,7,1,1,286.567,41,157.064
1396,3913,1,8,2,49,49,49,49,49,0,1,286.564,41,225.376
1397,3913,2,8,2,49,49,49,49,49,0,1,285.971,42,223.633
1398,3913,3,8,2,49,49,49,49,49,0,1,286.592,42,224.796
1399,3914,1,10,4,5,5,5,5,5,1,1,286.684,42,1192.75
1400,3914,2,10,4,5,5,5,5,5,1,1,286.738,42,1181.06
1401,3914,3,10,4,5,5,5,5,5,1,1,286.648,42,1200.72
1402,3915,1,3,1,3,3,3,3,3,0,1,285.926,42,173.538
1403,3915,2,3,1,3,3,3,3,3,0,1,285.915,41,161.954
1404,3915,3,3,1,3,3,3,3,3,0,1,286.125,41,156.737
1405,3916,1,6,1,20,20,20,20,20,0,1,286.349,42,148.197
1406,3916,2,6,1,20,20,20,20,20,0,1,286.145,41,149.849
1407,3916,3,6,1,20,20,20,20,20,0,1,285.895,41,146.895
1408,3917,1,4,1,11,11,11,11,11,0,1,286.788,41,165.021
1409,3917,2,4,1,11,11,11,11,11,0,1,286.774,41,159.126
1410,3917,3,4,1,11,11,11,11,11,0,1,286.655,42,162.257
1411,3918,1,8,2,61,61,61,61,61,0,1,285.991,42,177.381
1412,3918,2,8,2,61,61,61,61,61,0,1,286.849,41,178.382
1413,3918,3,8,2,61,61,61,61,61,0,1,286.796,42,183.443
1414,3919,1,5,1,5,5,5,5,5,0,1,286.007,42,218.986
1415,3919,2,5,1,5,5,5,5,5,0,1,287.093,42,221.912
1416,3919,3,5,1,5,5,5,5,5,0,1,286.833,42,222.449
1417,3920,1,10,4,5,5,5,5,5,1,1,286.737,42,820.866
1418,3920,2,10,4,5,5,5,5,5,1,1,287.152,41,806.609
1419,3920,3,10,4,5,5,5,5,5,1,1,287.279,41,804.368
1420,3921,1,5,2,4,4,4,4,4,1,1,286.585,41,147.952
1421,3921,2,5,2,4,4,4,4,4,1,1,287.298,42,147.366
1422,3921,3,5,2,4,4,4,4,4,1,1,286.758,41,155.85
1423,3922,1,4,2,7,7,7,7,7,0,1,286.136,42,337.176
1424,3922,2,4,2,7,7,7,7,7,0,1,286.77,42,339.053
1425,3922,3,4,2,7,7,7,7,7,0,1,286.107,42,335.654
1426,3923,1,5,3,5,5,5,5,5,1,1,286.479,42,304.592
1427,3923,2,5,3,5,5,5,5,5,1,1,286.861,41,299.813
1428,3923,3,5,3,5,5,5,5,5,1,1,287.169,41,302.038
1429,3924,1,8,2,5,5,5,5,5,2,1,286.354,42,187.127
1430,3924,2,8,2,5,5,5,5,5,2,1,286.338,42,187.291
1431,3924,3,8,2,5,5,5,5,5,2,1,286.661,42,187.38
1432,3925,1,4,2,2,2,2,2,2,1,1,286.08,41,206.211
1433,3925,2,4,2,2,2,2,2,2,1,1,286.688,42,191.344
1434,3925,3,4,2,2,2,2,2,2,1,1,286.577,42,187.549
1435,3926,1,8,3,8,8,8,8,8,2,1,286.818,42,189.747
1436,3926,2,8,3,8,8,8,8,8,2,1,286.572,41,188.79
1437,3926,3,8,3,8,8,8,8,8,2,1,286.317,42,188.777
1438,3927,1,10,4,16,16,16,16,16,0,1,286.185,41,12849.4
1439,3927,2,10,4,16,16,16,16,16,0,1,286.604,42,13067.6
1440,3927,3,10,4,16,16,16,16,16,0,1,286.722,42,13056.0
1441,3928,1,5,1,3,3,3,3,3,1,1,286.698,42,170.069
1442,3928,2,5,1,3,3,3,3,3,1,1,287.326,41,155.167
1443,3928,3,5,1,3,3,3,3,3,1,1,286.526,41,154.596
1444,3929,1,4,1,4,4,4,4,4,0,1,286.248,42,151.231
1445,3929,2,4,1,4,4,4,4,4,0,1,286.616,42,150.298
1446,3929,3,4,1,4,4,4,4,4,0,1,286.719,42,153.009
1447,3930,1,5,2,2,2,2,2,2,1,1,286.668,42,265.638
1448,3930,2,5,2,2,2,2,2,2,1,1,286.483,42,265.7
1449,3930,3,5,2,2,2,2,2,2,1,1,286.831,41,269.44
1450,3931,1,4,2,3,3,3,3,3,0,1,287.319,42,348.676
1451,3931,2,4,2,3,3,3,3,3,0,1,286.209,42,342.164
1452,3931,3,4,2,3,3,3,3,3,0,1,286.124,42,341.766
1453,3932,1,3,1,3,3,3,3,3,0,1,286.977,42,147.841
1454,3932,2,3,1,3,3,3,3,3,0,1,286.703,41,146.278
1455,3932,3,3,1,3,3,3,3,3,0,1,286.182,42,146.543
1456,3933,1,3,1,4,4,4,4,4,0,1,286.138,42,165.299
1457,3933,2,3,1,4,4,4,4,4,0,1,285.986,42,152.311
1458,3933,3,3,1,4,4,4,4,4,0,1,286.96,41,147.886
1459,3934,1,3,2,2,2,2,2,2,0,1,286.482,42,157.245
1460,3934,2,3,2,2,2,2,2,2,0,1,286.315,41,154.222
1461,3934,3,3,2,2,2,2,2,2,0,1,286.554,42,153.072
1462,3935,1,5,3,4,4,4,4,4,1,1,286.153,42,148.472
1463,3935,2,5,3,4,4,4,4,4,1,1,286.885,42,147.764
1464,3935,3,5,3,4,4,4,4,4,1,1,286.287,41,229.457
1465,3936,1,9,5,22,22,22,22,22,2,1,286.459,42,567.383
1466,3936,2,9,5,22,22,22,22,22,2,1,286.715,41,572.097
1467,3936,3,9,5,22,22,22,22,22,2,1,286.591,42,569.732
1468,3937,1,8,3,5,5,5,5,5,1,1,286.834,42,197.772
1469,3937,2,8,3,5,5,5,5,5,1,1,286.122,42,195.972
1470,3937,3,8,3,5,5,5,5,5,1,1,287.063,42,197.317
1471,3938,1,11,5,9,9,9,9,9,1,1,286.178,42,3388.47
1472,3938,2,11,5,9,9,9,9,9,1,1,286.939,42,3356.11
1473,3938,3,11,5,9,9,9,9,9,1,1,287.015,42,3349.69
1474,3939,1,7,2,8,8,8,8,8,0,1,286.172,42,243.353
1475,3939,2,7,2,8,8,8,8,8,0,1,286.802,42,244.474
1476,3939,3,7,2,8,8,8,8,8,0,1,286.64,42,242.905
1477,3940,1,7,2,6,6,6,6,6,1,1,286.831,42,240.832
1478,3940,2,7,2,6,6,6,6,6,1,1,286.508,42,169.788
1479,3940,3,7,2,6,6,6,6,6,1,1,286.506,41,168.396
1480,3941,1,5,2,4,4,4,4,4,1,1,285.99,41,145.347
1481,3941,2,5,2,4,4,4,4,4,1,1,286.866,42,151.218
1482,3941,3,5,2,4,4,4,4,4,1,1,285.669,42,147.241
1483,3942,1,7,2,10,10,10,10,10,0,1,286.324,42,471.441
1484,3942,2,7,2,10,10,10,10,10,0,1,286.675,42,486.684
1485,3942,3,7,2,10,10,10,10,10,0,1,286.854,42,468.878
1486,3943,1,12,4,18,18,18,18,18,0,1,286.959,42,27662.6
1487,3943,2,12,4,18,18,18,18,18,0,1,286.132,42,27690.4
1488,3943,3,12,4,18,18,18,18,18,0,1,286.064,42,27189.0
1489,3944,1,6,2,8,8,8,8,8,0,1,286.791,42,241.588
1490,3944,2,6,2,8,8,8,8,8,0,1,286.377,42,234.282
1491,3944,3,6,2,8,8,8,8,8,0,1,286.711,41,238.35
1492,3945,1,7,3,7,7,7,7,7,0,1,285.962,42,327.697
1493,3945,2,7,3,7,7,7,7,7,0,1,286.499,42,327.856
1494,3945,3,7,3,7,7,7,7,7,0,1,286.627,42,323.102
1495,3946,1,6,2,6,6,6,6,6,1,1,286.361,42,154.232
1496,3946,2,6,2,6,6,6,6,6,1,1,285.996,41,168.278
1497,3946,3,6,2,6,6,6,6,6,1,1,286.433,42,153.664
1498,3947,1,3,1,5,5,5,5,5,0,1,286.863,42,149.111
1499,3947,2,3,1,5,5,5,5,5,0,1,286.211,42,148.623
1500,3947,3,3,1,5,5,5,5,5,0,1,286.814,41,149.926
1501,3948,1,9,2,41,41,41,41,41,0,1,286.198,42,171.353
1502,3948,2,9,2,41,41,41,41,41,0,1,286.142,42,173.2
1503,3948,3,9,2,41,41,41,41,41,0,1,285.924,41,173.231
1504,3949,1,,,,,,,,,,,,
1505,3949,2,,,,,,,,,,,,
1506,3949,3,,,,,,,,,,,,
1507,3950,1,3,1,3,3,3,3,3,0,1,286.678,42,174.178
1508,3950,2,3,1,3,3,3,3,3,0,1,286.676,42,174.491
1509,3950,3,3,1,3,3,3,3,3,0,1,286.845,42,173.073
1510,3951,1,7,2,12,12,12,12,12,0,1,286.465,41,1465.19
1511,3951,2,7,2,12,12,12,12,12,0,1,285.911,42,1458.18
1512,3951,3,7,2,12,12,12,12,12,0,1,286.64,42,1477.09
1513,3952,1,7,3,10,10,10,10,10,1,1,286.046,42,490.834
1514,3952,2,7,3,10,10,10,10,10,1,1,286.718,42,475.839
1515,3952,3,7,3,10,10,10,10,10,1,1,286.157,42,464.818
1516,3953,1,3,1,4,4,4,4,4,0,1,286.819,42,184.272
1517,3953,2,3,1,4,4,4,4,4,0,1,286.051,41,182.947
1518,3953,3,3,1,4,4,4,4,4,0,1,287.043,42,182.735
1519,3954,1,5,1,3,3,3,3,3,1,1,286.742,42,616.085
1520,3954,2,5,1,3,3,3,3,3,1,1,286.117,42,633.13
1521,3954,3,5,1,3,3,3,3,3,1,1,286.777,42,623.599
1522,3955,1,5,1,4,4,4,4,4,1,1,286.854,42,618.421
1523,3955,2,6,1,5,5,5,5,5,1,1,286.307,42,1430.51
1524,3955,3,6,1,5,5,5,5,5,1,1,287.256,42,1443.02
1525,3956,1,6,2,3,3,3,3,3,1,1,287.609,42,1898.29
1526,3956,2,6,2,3,3,3,3,3,1,1,286.801,41,1933.95
1527,3956,3,6,2,3,3,3,3,3,1,1,286.427,41,1938.64
1528,3957,1,4,1,6,6,6,6,6,0,1,286.543,42,193.239
1529,3957,2,4,1,6,6,6,6,6,0,1,287.071,42,195.799
1530,3957,3,4,1,6,6,6,6,6,0,1,286.461,42,195.136
1531,3958,1,7,2,24,24,24,24,24,0,1,286.794,42,148.038
1532,3958,2,7,2,24,24,24,24,24,0,1,286.679,42,151.683
1533,3958,3,7,2,24,24,24,24,24,0,1,286.382,42,148.39
1534,3959,1,7,2,9,9,9,9,9,1,1,286.836,42,158.898
1535,3959,2,7,2,9,9,9,9,9,1,1,285.941,41,161.43
1536,3959,3,7,2,9,9,9,9,9,1,1,286.504,42,159.019
1537,3960,1,4,1,6,6,6,6,6,0,1,286.898,42,189.549
1538,3960,2,4,1,6,6,6,6,6,0,1,286.682,42,183.864
1539,3960,3,4,1,6,6,6,6,6,0,1,286.528,42,185.743
1540,3961,1,6,2,7,7,7,7,7,0,1,286.481,41,188.385
1541,3961,2,6,2,7,7,7,7,7,0,1,286.126,42,187.02
1542,3961,3,6,2,7,7,7,7,7,0,1,286.629,42,205.488
1543,3962,1,3,1,3,3,3,3,3,0,1,286.829,42,147.218
1544,3962,2,3,1,3,3,3,3,3,0,1,286.624,42,148.355
1545,3962,3,3,1,3,3,3,3,3,0,1,287.146,42,147.854
1546,3963,1,6,1,25,25,25,25,25,0,1,286.591,42,148.052
1547,3963,2,6,1,25,25,25,25,25,0,1,286.868,42,148.088
1548,3963,3,6,1,25,25,25,25,25,0,1,286.677,42,145.595
1549,3964,1,5,2,4,4,4,4,4,1,1,286.204,42,588.674
1550,3964,2,5,2,4,4,4,4,4,1,1,287.232,41,584.637
1551,3964,3,5,2,4,4,4,4,4,1,1,286.727,42,590.784
1552,3965,1,5,1,4,4,4,4,4,1,1,286.678,42,507.037
1553,3965,2,5,1,4,4,4,4,4,1,1,288.24,42,506.051
1554,3965,3,5,1,4,4,4,4,4,1,1,286.514,41,500.574
1555,3966,1,6,2,21,21,21,21,21,0,1,287.574,41,147.71
1556,3966,2,6,2,21,21,21,21,21,0,1,286.718,42,150.552
1557,3966,3,6,2,21,21,21,21,21,0,1,286.646,42,163.722
1558,3967,1,7,2,6,6,6,6,6,1,1,286.546,42,164.985
1559,3967,2,7,2,6,6,6,6,6,1,1,286.629,42,160.102
1560,3967,3,7,2,6,6,6,6,6,1,1,286.756,41,160.085
1561,3968,1,7,3,3,3,3,3,3,1,1,286.683,41,169.869
1562,3968,2,7,3,3,3,3,3,3,1,1,286.64,41,163.712
1563,3968,3,7,3,3,3,3,3,3,1,1,286.342,42,165.072
1564,3969,1,7,3,7,7,7,7,7,0,1,286.597,42,183.485
1565,3969,2,7,3,7,7,7,7,7,0,1,286.705,42,181.729
1566,3969,3,7,3,7,7,7,7,7,0,1,286.146,41,187.09
1567,3970,1,8,2,43,43,43,43,43,0,1,286.617,42,160.326
1568,3970,2,8,2,43,43,43,43,43,0,1,286.178,42,156.674
1569,3970,3,8,2,43,43,43,43,43,0,1,286.414,42,160.484
1570,3971,1,3,2,2,2,2,2,2,0,1,285.943,42,169.093
1571,3971,2,3,2,2,2,2,2,2,0,1,286.735,41,170.55
1572,3971,3,3,2,2,2,2,2,2,0,1,286.92,41,188.857
1573,3972,1,6,2,24,24,24,24,24,0,1,287.07,42,155.48
1574,3972,2,6,2,24,24,24,24,24,0,1,286.706,42,147.509
1575,3972,3,6,2,24,24,24,24,24,0,1,286.06,42,146.12
1576,3973,1,3,1,2,2,2,2,2,0,1,286.18,42,155.408
1577,3973,2,3,1,2,2,2,2,2,0,1,286.924,41,156.541
1578,3973,3,3,1,2,2,2,2,2,0,1,286.392,42,155.661
1579,3974,1,5,1,5,5,5,5,5,1,1,286.105,42,159.343
1580,3974,2,5,1,5,5,5,5,5,1,1,286.854,42,161.087
1581,3974,3,5,1,4,4,4,4,4,1,1,286.881,42,161.478
1582,3975,1,6,2,25,25,25,25,25,0,1,286.84,42,157.047
1583,3975,2,6,2,25,25,25,25,25,0,1,286.762,41,153.791
1584,3975,3,6,2,25,25,25,25,25,0,1,286.522,42,152.921
1585,3976,1,8,3,13,13,13,13,13,0,1,285.937,42,1881.76
1586,3976,2,8,3,13,13,13,13,13,0,1,287.129,41,1870.71
1587,3976,3,8,3,13,13,13,13,13,0,1,286.361,42,1880.47
1588,3977,1,9,4,17,17,17,17,17,0,1,286.571,41,7560.43
1589,3977,2,9,4,17,17,17,17,17,0,1,285.951,42,7340.07
1590,3977,3,9,4,17,17,17,17,17,0,1,286.128,42,7371.62
1591,3978,1,6,2,4,4,4,4,4,1,1,286.177,42,152.725
1592,3978,2,6,2,4,4,4,4,4,1,1,286.815,42,149.711
1593,3978,3,6,2,4,4,4,4,4,1,1,286.161,41,150.381
1594,3979,1,7,2,10,10,10,10,10,0,1,286.306,42,522.125
1595,3979,2,7,2,10,10,10,10,10,0,1,286.648,42,513.901
1596,3979,3,7,2,10,10,10,10,10,0,1,286.19,42,540.166
1597,3980,1,6,2,8,8,8,8,8,1,1,285.917,41,151.178
1598,3980,2,6,2,8,8,8,8,8,1,1,286.367,42,152.116
1599,3980,3,6,2,8,8,8,8,8,1,1,286.059,42,154.613
1600,3981,1,9,3,5,5,5,5,5,1,1,286.012,42,375.742
1601,3981,2,9,3,5,5,5,5,5,1,1,286.069,42,371.839
1602,3981,3,9,3,5,5,5,5,5,1,1,286.78,42,377.744
1603,3982,1,6,3,4,4,4,4,4,1,1,285.976,41,157.048
1604,3982,2,6,3,4,4,4,4,4,1,1,286.699,42,153.257
1605,3982,3,6,3,4,4,4,4,4,1,1,286.598,42,153.053
1606,3983,1,3,1,3,3,3,3,3,0,1,286.528,42,182.931
1607,3983,2,3,1,3,3,3,3,3,0,1,286.647,42,167.598
1608,3983,3,3,1,3,3,3,3,3,0,1,286.158,41,166.991
1609,3984,1,5,2,14,14,14,14,14,0,1,286.696,41,158.589
1610,3984,2,5,2,14,14,14,14,14,0,1,285.99,42,159.299
1611,3984,3,5,2,14,14,14,14,14,0,1,288.036,41,173.987
1612,3985,1,5,2,5,5,5,5,5,0,1,286.072,41,596.671
1613,3985,2,5,2,5,5,5,5,5,0,1,286.638,42,588.088
1614,3985,3,5,2,5,5,5,5,5,0,1,286.875,41,589.043
1615,3986,1,5,2,3,3,3,3,3,1,1,287.076,42,186.276
1616,3986,2,5,2,3,3,3,3,3,1,1,286.732,42,187.353
1617,3986,3,5,2,3,3,3,3,3,1,1,286.635,41,185.28
1618,3987,1,5,2,3,3,3,3,3,1,1,286.659,42,586.971
1619,3987,2,5,2,3,3,3,3,3,1,1,286.43,42,588.736
1620,3987,3,5,2,3,3,3,3,3,1,1,286.89,42,585.48
1621,3988,1,6,1,24,24,24,24,24,0,1,286.76,42,148.199
1622,3988,2,6,1,24,24,24,24,24,0,1,286.866,41,150.09
1623,3988,3,6,1,24,24,24,24,24,0,1,286.093,41,147.695
1624,3989,1,6,2,19,19,19,19,19,0,1,287.099,41,149.076
1625,3989,2,6,2,19,19,19,19,19,0,1,286.158,41,149.682
1626,3989,3,6,2,19,19,19,19,19,0,1,285.843,42,250.03
1627,3990,1,5,2,3,3,3,3,3,1,1,286.205,42,162.107
1628,3990,2,5,2,3,3,3,3,3,1,1,286.399,42,163.418
1629,3990,3,5,2,3,3,3,3,3,1,1,286.746,42,163.578
1630,3991,1,4,1,8,8,8,8,8,0,1,286.816,41,149.082
1631,3991,2,4,1,8,8,8,8,8,0,1,286.975,42,151.867
1632,3991,3,4,1,8,8,8,8,8,0,1,286.113,42,150.638
1633,3992,1,6,2,8,8,8,8,8,0,1,286.605,42,193.446
1634,3992,2,6,2,8,8,8,8,8,0,1,286.51,42,200.467
1635,3992,3,6,2,8,8,8,8,8,0,1,286.148,41,196.631
1636,3993,1,7,2,7,7,7,7,7,4,1,286.668,41,180.347
1637,3993,2,7,2,7,7,7,7,7,4,1,286.666,42,178.619
1638,3993,3,7,2,7,7,7,7,7,4,1,286.067,42,242.618
1639,3994,1,4,2,2,2,2,2,2,1,1,286.36,41,148.912
1640,3994,2,4,2,2,2,2,2,2,1,1,286.136,42,146.053
1641,3994,3,4,2,2,2,2,2,2,1,1,285.919,42,159.343
1642,3995,1,6,2,7,7,7,7,7,1,1,286.91,42,152.963
1643,3995,2,6,2,7,7,7,7,7,1,1,286.109,42,163.889
1644,3995,3,6,2,7,7,7,7,7,1,1,286.639,41,153.613
1645,3996,1,7,2,9,9,9,9,9,1,1,286.539,42,269.979
1646,3996,2,7,2,9,9,9,9,9,1,1,286.239,42,270.936
1647,3996,3,7,2,9,9,9,9,9,1,1,286.344,41,270.14
1648,3997,1,8,3,4,4,4,4,4,1,1,286.766,41,221.813
1649,3997,2,8,3,4,4,4,4,4,1,1,287.257,41,219.457
1650,3997,3,8,3,4,4,4,4,4,1,1,287.077,41,220.822
1651,3998,1,5,2,7,7,7,7,7,0,1,286.819,42,593.979
1652,3998,2,5,2,7,7,7,7,7,0,1,286.759,41,593.469
1653,3998,3,5,2,7,7,7,7,7,0,1,286.186,41,589.313
1654,3999,1,8,4,18,18,18,18,18,0,1,286.68,42,8562.07
1655,3999,2,8,4,18,18,18,18,18,0,1,286.585,42,8518.68
1656,3999,3,8,4,18,18,18,18,18,0,1,286.811,42,8614.02
1657,4000,1,5,1,3,3,3,3,3,1,1,286.757,41,655.492
1658,4000,2,5,1,3,3,3,3,3,1,1,286.209,42,647.059
1659,4000,3,5,1,3,3,3,3,3,1,1,286.022,42,655.362
1660,4001,1,7,2,50,50,50,50,50,0,1,286.224,41,165.059
1661,4001,2,7,2,50,50,50,50,50,0,1,286.067,42,161.7
1662,4001,3,7,2,50,50,50,50,50,0,1,286.838,42,163.622
1663,4002,1,6,2,8,8,8,8,8,0,1,286.687,42,272.745
1664,4002,2,6,2,8,8,8,8,8,0,1,286.96,42,269.055
1665,4002,3,6,2,8,8,8,8,8,0,1,286.127,42,269.805
1666,4003,1,7,3,8,8,8,8,8,0,1,286.494,42,1910.17
1667,4003,2,7,3,8,8,8,8,8,0,1,285.923,42,1855.68
1668,4003,3,7,3,8,8,8,8,8,0,1,286.774,42,1903.4
1669,4004,1,3,1,3,3,3,3,3,0,1,286.544,42,159.06
1670,4004,2,3,1,3,3,3,3,3,0,1,286.126,41,160.62
1671,4004,3,3,1,3,3,3,3,3,0,1,286.225,42,161.604
1672,4005,1,6,2,6,6,6,6,6,0,1,286.729,42,194.185
1673,4005,2,6,2,6,6,6,6,6,0,1,286.474,42,192.845
1674,4005,3,6,2,6,6,6,6,6,0,1,285.984,42,190.009
1675,4006,1,7,3,9,9,9,9,9,0,1,286.65,41,577.067
1676,4006,2,7,3,9,9,9,9,9,0,1,286.702,41,590.547
1677,4006,3,7,3,9,9,9,9,9,0,1,286.456,41,594.703
1678,4007,1,6,2,4,4,4,4,4,1,1,286.859,41,1714.35
1679,4007,2,6,2,4,4,4,4,4,1,1,286.751,41,1747.83
1680,4007,3,6,2,4,4,4,4,4,1,1,286.974,42,1712.48
1681,4008,1,,,,,,,,,,,,
1682,4008,2,,,,,,,,,,,,
1683,4008,3,,,,,,,,,,,,
1684,4009,1,7,2,43,43,43,43,43,0,1,286.42,42,154.327
1685,4009,2,7,2,43,43,43,43,43,0,1,287.29,41,152.869
1686,4009,3,7,2,43,43,43,43,43,0,1,288.637,41,155.268
1687,4010,1,4,2,5,5,5,5,5,0,1,286.952,42,197.784
1688,4010,2,4,2,5,5,5,5,5,0,1,286.95,42,198.674
1689,4010,3,4,2,5,5,5,5,5,0,1,287.233,42,198.297
1690,4011,1,4,2,2,2,2,2,2,1,1,286.845,41,187.903
1691,4011,2,4,2,2,2,2,2,2,1,1,286.44,42,189.187
1692,4011,3,4,2,2,2,2,2,2,1,1,287.384,42,188.18
1693,4012,1,4,2,3,3,3,3,3,0,1,286.714,41,170.123
1694,4012,2,4,2,3,3,3,3,3,0,1,287.19,42,168.389
1695,4012,3,4,2,3,3,3,3,3,0,1,287.181,41,170.2
1696,4013,1,8,2,10,10,10,10,10,0,1,287.05,42,1681.46
1697,4013,2,8,2,10,10,10,10,10,0,1,287.04,41,1675.28
1698,4013,3,8,2,10,10,10,10,10,0,1,286.356,42,1664.88
1699,4014,1,7,3,14,14,14,14,14,0,1,287.841,42,274.709
1700,4014,2,7,3,14,14,14,14,14,0,1,286.507,42,279.024
1701,4014,3,7,3,14,14,14,14,14,0,1,288.345,42,272.651
1702,4015,1,8,3,12,12,12,12,12,0,1,286.946,42,624.766
1703,4015,2,8,3,12,12,12,12,12,0,1,286.885,42,626.997
1704,4015,3,8,3,12,12,12,12,12,0,1,286.967,42,634.41
1705,4016,1,5,2,7,7,7,7,7,0,1,288.343,42,192.181
1706,4016,2,5,2,7,7,7,7,7,0,1,286.727,42,191.274
1707,4016,3,5,2,7,7,7,7,7,0,1,286.9,42,193.161
1708,4017,1,8,4,7,7,7,7,7,0,1,286.586,42,1932.5
1709,4017,2,8,4,7,7,7,7,7,0,1,287.322,42,1951.67
1710,4017,3,8,4,7,7,7,7,7,0,1,286.89,42,1962.8
1711,4018,1,5,2,9,9,9,9,9,0,1,286.656,42,290.007
1712,4018,2,5,2,9,9,9,9,9,0,1,286.169,42,290.174
1713,4018,3,5,2,9,9,9,9,9,0,1,286.116,42,293.329
1714,4019,1,7,2,12,12,12,12,12,0,1,286.742,42,266.145
1715,4019,2,7,2,12,12,12,12,12,0,1,286.989,41,267.303
1716,4019,3,7,2,12,12,12,12,12,0,1,286.429,42,269.621
1717,4020,1,6,1,5,5,5,5,5,1,1,286.619,42,149.75
1718,4020,2,6,1,5,5,5,5,5,1,1,286.153,42,150.192
1719,4020,3,6,1,5,5,5,5,5,1,1,287.539,42,162.567
1720,4021,1,7,3,3,3,3,3,3,1,1,286.688,42,274.225
1721,4021,2,7,3,3,3,3,3,3,1,1,286.293,41,276.243
1722,4021,3,7,3,3,3,3,3,3,1,1,286.621,42,272.458
1723,4022,1,4,1,12,12,12,12,12,0,1,287.149,42,161.66
1724,4022,2,4,1,12,12,12,12,12,0,1,286.678,42,145.286
1725,4022,3,4,1,12,12,12,12,12,0,1,286.746,42,142.997
1726,4023,1,8,3,19,19,19,19,19,0,1,286.36,42,1918.89
1727,4023,2,8,3,19,19,19,19,19,0,1,287.433,42,1931.0
1728,4023,3,8,3,19,19,19,19,19,0,1,286.508,41,1893.13
1729,4024,1,8,3,7,7,7,7,7,2,1,286.397,42,562.396
1730,4024,2,8,3,7,7,7,7,7,2,1,287.044,41,573.979
1731,4024,3,8,3,7,7,7,7,7,2,1,287.418,42,574.245
1732,4025,1,5,1,7,7,7,7,7,0,1,286.885,42,160.977
1733,4025,2,5,1,7,7,7,7,7,0,1,287.563,41,160.197
1734,4025,3,5,1,7,7,7,7,7,0,1,286.647,41,160.706
1735,4026,1,5,2,4,4,4,4,4,1,1,285.458,42,147.315
1736,4026,2,5,2,4,4,4,4,4,1,1,286.741,42,147.767
1737,4026,3,5,2,4,4,4,4,4,1,1,286.435,41,169.758
1738,4027,1,8,5,10,10,10,10,10,2,1,286.738,42,206.616
1739,4027,2,8,5,10,10,10,10,10,2,1,286.768,42,206.745
1740,4027,3,8,5,10,10,10,10,10,2,1,286.161,42,205.375
1741,4028,1,5,2,3,3,3,3,3,1,1,287.039,41,176.833
1742,4028,2,5,2,3,3,3,3,3,1,1,286.628,41,181.296
1743,4028,3,5,2,3,3,3,3,3,1,1,286.974,42,178.846
1744,4029,1,7,3,9,9,9,9,9,0,1,286.433,42,584.621
1745,4029,2,7,3,9,9,9,9,9,0,1,286.196,42,587.926
1746,4029,3,7,3,9,9,9,9,9,0,1,286.819,42,586.26
1747,4030,1,9,3,5,5,5,5,5,1,1,286.242,42,311.534
1748,4030,2,9,3,5,5,5,5,5,1,1,286.748,41,310.756
1749,4030,3,9,3,5,5,5,5,5,1,1,286.886,41,314.642
1750,4031,1,11,5,18,18,18,18,18,3,1,286.34,41,1929.14
1751,4031,2,11,5,18,18,18,18,18,3,1,287.985,42,1970.98
1752,4031,3,11,5,18,18,18,18,18,3,1,286.628,42,1934.59
1753,4032,1,7,2,5,5,5,5,5,1,1,286.225,42,657.195
1754,4032,2,7,2,5,5,5,5,5,1,1,286.398,42,653.691
1755,4032,3,7,2,5,5,5,5,5,1,1,286.789,42,647.945
1756,4033,1,8,3,14,14,14,14,14,0,1,286.777,41,14843.9
1757,4033,2,8,3,14,14,14,14,14,0,1,286.519,42,15314.2
1758,4033,3,8,3,14,14,14,14,14,0,1,286.033,42,15012.2
1759,4034,1,6,2,7,7,7,7,7,1,1,286.856,41,153.825
1760,4034,2,6,2,7,7,7,7,7,1,1,286.232,41,153.529
1761,4034,3,6,2,7,7,7,7,7,1,1,286.858,41,155.804
1762,4035,1,4,2,3,3,3,3,3,0,1,287.023,41,343.974
1763,4035,2,4,2,3,3,3,3,3,0,1,286.109,42,339.681
1764,4035,3,4,2,3,3,3,3,3,0,1,286.01,42,340.19
1765,4036,1,6,2,3,3,3,3,3,1,1,286.233,41,785.25
1766,4036,2,6,2,3,3,3,3,3,1,1,286.52,41,783.843
1767,4036,3,6,2,3,3,3,3,3,1,1,286.488,42,762.36
1768,4037,1,6,2,21,21,21,21,21,0,1,286.444,42,147.757
1769,4037,2,6,2,21,21,21,21,21,0,1,286.786,41,165.696
1770,4037,3,6,2,21,21,21,21,21,0,1,287.056,42,146.384
1771,4038,1,5,2,2,2,2,2,2,1,1,286.28,42,190.77
1772,4038,2,5,2,2,2,2,2,2,1,1,286.607,41,184.162
1773,4038,3,5,2,2,2,2,2,2,1,1,286.62,42,184.104
1774,4039,1,9,4,9,9,9,9,9,0,1,286.602,42,16107.0
1775,4039,2,9,4,9,9,9,9,9,0,1,286.666,42,16001.6
1776,4039,3,9,4,9,9,9,9,9,0,1,286.262,41,15864.2
1777,4040,1,7,1,31,31,31,31,31,0,1,286.427,42,148.375
1778,4040,2,7,1,31,31,31,31,31,0,1,286.15,42,148.39
1779,4040,3,7,1,31,31,31,31,31,0,1,286.416,42,147.99
1780,4041,1,7,1,27,27,27,27,27,0,1,287.09,42,153.796
1781,4041,2,7,1,27,27,27,27,27,0,1,286.462,42,155.6
1782,4041,3,7,1,27,27,27,27,27,0,1,286.771,41,155.386
1783,4042,1,5,2,6,6,6,6,6,0,1,286.435,42,263.292
1784,4042,2,5,2,6,6,6,6,6,0,1,287.273,42,261.717
1785,4042,3,5,2,6,6,6,6,6,0,1,286.618,42,262.82
1786,4043,1,7,2,11,11,11,11,11,0,1,286.969,42,481.742
1787,4043,2,7,2,11,11,11,11,11,0,1,286.994,42,492.361
1788,4043,3,7,2,11,11,11,11,11,0,1,286.868,42,477.059
1789,4044,1,5,2,3,3,3,3,3,1,1,286.446,41,248.266
1790,4044,2,5,2,3,3,3,3,3,1,1,286.783,42,250.479
1791,4044,3,5,2,3,3,3,3,3,1,1,286.94,41,251.098
1792,4045,1,7,3,3,3,3,3,3,1,1,287.047,42,163.473
1793,4045,2,7,3,3,3,3,3,3,1,1,287.157,41,163.339
1794,4045,3,7,3,3,3,3,3,3,1,1,286.835,42,164.19
1795,4046,1,4,2,4,4,4,4,4,0,1,286.395,42,193.999
1796,4046,2,4,2,4,4,4,4,4,0,1,286.908,42,194.721
1797,4046,3,4,2,4,4,4,4,4,0,1,288.003,42,192.222
1798,4047,1,9,3,11,11,11,11,11,0,1,286.036,41,10635.8
1799,4047,2,9,3,11,11,11,11,11,0,1,286.237,41,10725.6
1800,4047,3,9,3,11,11,11,11,11,0,1,286.084,42,10806.3
1801,4048,1,7,3,12,12,12,12,12,1,1,286.46,42,169.066
1802,4048,2,7,3,12,12,12,12,12,1,1,286.937,41,169.542
1803,4048,3,7,3,12,12,12,12,12,1,1,285.921,42,170.852
1804,4049,1,6,2,7,7,7,7,7,1,1,285.941,42,575.855
1805,4049,2,6,2,7,7,7,7,7,1,1,286.978,41,564.723
1806,4049,3,6,2,7,7,7,7,7,1,1,286.345,42,575.574
1807,4050,1,4,2,4,4,4,4,4,0,1,286.355,42,218.155
1808,4050,2,4,2,4,4,4,4,4,0,1,286.946,42,219.981
1809,4050,3,4,2,4,4,4,4,4,0,1,286.82,42,232.689
1810,4051,1,6,2,5,5,5,5,5,1,1,286.243,41,580.373
1811,4051,2,6,2,5,5,5,5,5,1,1,286.238,42,582.235
1812,4051,3,6,2,5,5,5,5,5,1,1,286.643,41,574.434
1813,4052,1,6,1,15,15,15,15,15,0,1,286.076,41,147.709
1814,4052,2,6,1,15,15,15,15,15,0,1,286.183,42,146.239
1815,4052,3,6,1,15,15,15,15,15,0,1,286.896,42,152.506
1816,4053,1,8,3,4,4,4,4,4,1,1,286.583,42,207.952
1817,4053,2,8,3,4,4,4,4,4,1,1,286.331,41,206.997
1818,4053,3,8,3,4,4,4,4,4,1,1,287.085,42,207.162
1819,4054,1,6,2,11,11,11,11,11,0,1,286.12,41,168.316
1820,4054,2,6,2,11,11,11,11,11,0,1,286.207,41,172.509
1821,4054,3,6,2,11,11,11,11,11,0,1,285.984,42,171.191
1822,4055,1,5,1,3,3,3,3,3,1,1,286.002,42,471.546
1823,4055,2,5,1,3,3,3,3,3,1,1,286.437,42,470.526
1824,4055,3,5,1,3,3,3,3,3,1,1,285.905,42,497.7
1825,4056,1,7,3,9,9,9,9,9,0,1,286.72,41,275.312
1826,4056,2,7,3,9,9,9,9,9,0,1,286.129,42,275.049
1827,4056,3,7,3,9,9,9,9,9,0,1,287.171,42,274.845
1828,4057,1,7,2,6,6,6,6,6,2,1,286.574,42,238.407
1829,4057,2,7,2,6,6,6,6,6,2,1,286.788,42,160.705
1830,4057,3,7,2,6,6,6,6,6,2,1,286.095,41,158.901
1831,4058,1,9,3,12,12,12,12,12,0,1,286.549,42,7273.97
1832,4058,2,9,3,12,12,12,12,12,0,1,286.642,42,7474.63
1833,4058,3,9,3,12,12,12,12,12,0,1,286.735,42,7313.62
1834,4059,1,5,2,5,5,5,5,5,1,1,286.849,42,300.735
1835,4059,2,5,2,5,5,5,5,5,1,1,286.751,42,283.801
1836,4059,3,5,2,5,5,5,5,5,1,1,285.727,42,286.816
1837,4060,1,6,2,9,9,9,9,9,0,1,286.575,42,279.877
1838,4060,2,6,2,9,9,9,9,9,0,1,285.93,42,274.978
1839,4060,3,6,2,9,9,9,9,9,0,1,286.936,42,278.918
1840,4061,1,6,2,5,5,5,5,5,1,1,287.123,41,487.253
1841,4061,2,6,2,5,5,5,5,5,1,1,286.768,42,487.758
1842,4061,3,6,2,5,5,5,5,5,1,1,286.913,41,490.063
1843,4062,1,7,2,7,7,7,7,7,1,1,287.086,42,162.21
1844,4062,2,7,2,7,7,7,7,7,1,1,286.68,42,162.656
1845,4062,3,7,2,7,7,7,7,7,1,1,286.528,42,163.709
1846,4063,1,6,2,8,8,8,8,8,1,1,286.393,41,149.665
1847,4063,2,6,2,8,8,8,8,8,1,1,286.89,42,152.924
1848,4063,3,6,2,8,8,8,8,8,1,1,286.589,41,157.951
1849,4064,1,5,2,3,3,3,3,3,1,1,288.311,41,193.891
1850,4064,2,5,2,3,3,3,3,3,1,1,286.938,42,175.986
1851,4064,3,5,2,3,3,3,3,3,1,1,286.76,42,179.739
1852,4065,1,3,1,3,3,3,3,3,0,1,286.89,41,203.563
1853,4065,2,3,1,3,3,3,3,3,0,1,286.818,42,201.349
1854,4065,3,3,1,3,3,3,3,3,0,1,286.353,42,201.726
1855,4066,1,4,1,2,2,2,2,2,1,1,286.798,41,190.538
1856,4066,2,4,1,2,2,2,2,2,1,1,287.635,41,200.598
1857,4066,3,4,1,2,2,2,2,2,1,1,286.02,42,310.804
1858,4067,1,3,2,2,2,2,2,2,0,1,286.485,42,215.829
1859,4067,2,3,2,2,2,2,2,2,0,1,286.455,41,214.118
1860,4067,3,3,2,2,2,2,2,2,0,1,286.824,41,215.799
1861,4068,1,4,2,5,5,5,5,5,0,1,286.664,41,301.112
1862,4068,2,4,2,5,5,5,5,5,0,1,286.734,42,303.066
1863,4068,3,4,2,5,5,5,5,5,0,1,286.018,42,301.007
1864,4069,1,7,1,27,27,27,27,27,0,1,286.567,42,168.497
1865,4069,2,7,1,27,27,27,27,27,0,1,286.439,42,150.027
1866,4069,3,7,1,27,27,27,27,27,0,1,286.001,42,151.494
1867,4070,1,6,2,3,3,3,3,3,1,1,287.0,42,260.252
1868,4070,2,6,2,3,3,3,3,3,1,1,286.63,42,261.857
1869,4070,3,6,2,3,3,3,3,3,1,1,286.435,41,257.892
1870,4071,1,10,5,17,17,17,17,17,0,1,286.843,41,15572.8
1871,4071,2,10,5,17,17,17,17,17,0,1,286.923,41,15501.1
1872,4071,3,10,5,17,17,17,17,17,0,1,287.175,42,15631.5
1873,4072,1,6,3,5,5,5,5,5,0,1,286.801,41,237.606
1874,4072,2,6,3,5,5,5,5,5,0,1,286.297,42,232.546
1875,4072,3,6,3,5,5,5,5,5,0,1,287.091,41,233.172
1876,4073,1,4,1,4,4,4,4,4,0,1,286.745,42,173.899
1877,4073,2,4,1,4,4,4,4,4,0,1,286.101,42,176.641
1878,4073,3,4,1,4,4,4,4,4,0,1,286.866,42,176.298
1879,4074,1,4,1,4,4,4,4,4,0,1,286.694,42,163.251
1880,4074,2,4,1,4,4,4,4,4,0,1,286.821,42,159.008
1881,4074,3,4,1,4,4,4,4,4,0,1,286.771,42,159.171
1882,4075,1,7,2,13,13,13,13,13,0,1,286.681,41,637.491
1883,4075,2,7,2,13,13,13,13,13,0,1,286.815,42,651.219
1884,4075,3,7,2,13,13,13,13,13,0,1,286.257,41,640.097
1885,4076,1,7,1,27,27,27,27,27,0,1,286.722,42,156.103
1886,4076,2,7,1,27,27,27,27,27,0,1,286.696,42,154.221
1887,4076,3,7,1,27,27,27,27,27,0,1,286.612,42,157.444
1888,4077,1,7,2,6,6,6,6,6,1,1,286.88,42,2979.57
1889,4077,2,7,2,6,6,6,6,6,1,1,286.131,41,3014.2
1890,4077,3,7,2,6,6,6,6,6,1,1,286.169,42,3050.1
1891,4078,1,7,1,26,26,26,26,26,0,1,285.671,42,159.271
1892,4078,2,7,1,26,26,26,26,26,0,1,285.855,42,274.267
1893,4078,3,7,1,26,26,26,26,26,0,1,286.278,42,157.965
1894,4079,1,6,1,27,27,27,27,27,0,1,286.173,42,160.925
1895,4079,2,6,1,27,27,27,27,27,0,1,286.077,42,154.184
1896,4079,3,6,1,27,27,27,27,27,0,1,286.664,42,168.422
1897,4080,1,5,3,3,3,3,3,3,1,1,286.968,42,156.504
1898,4080,2,5,3,3,3,3,3,3,1,1,286.094,41,160.117
1899,4080,3,5,3,3,3,3,3,3,1,1,286.673,42,154.184
1900,4081,1,4,1,2,2,2,2,2,1,1,286.377,42,269.066
1901,4081,2,4,1,2,2,2,2,2,1,1,286.583,42,268.708
1902,4081,3,4,1,2,2,2,2,2,1,1,286.166,42,270.855
1903,4082,1,7,2,5,5,5,5,5,1,1,286.047,42,321.112
1904,4082,2,7,2,5,5,5,5,5,1,1,285.971,42,196.09
1905,4082,3,7,2,5,5,5,5,5,1,1,286.58,42,201.604
1906,4083,1,6,2,8,8,8,8,8,0,1,286.699,41,275.625
1907,4083,2,6,2,8,8,8,8,8,0,1,286.536,42,277.234
1908,4083,3,6,2,8,8,8,8,8,0,1,286.446,42,271.742
1909,4084,1,3,1,3,3,3,3,3,0,1,286.191,41,163.496
1910,4084,2,3,1,3,3,3,3,3,0,1,286.013,42,161.428
1911,4084,3,3,1,3,3,3,3,3,0,1,286.099,42,178.353
1912,4085,1,5,2,7,7,7,7,7,0,1,286.576,41,172.949
1913,4085,2,5,2,7,7,7,7,7,0,1,286.747,42,173.108
1914,4085,3,5,2,7,7,7,7,7,0,1,286.854,42,175.183
1915,4086,1,7,3,12,12,12,12,12,0,1,286.51,41,275.789
1916,4086,2,7,3,12,12,12,12,12,0,1,286.214,42,279.806
1917,4086,3,7,3,12,12,12,12,12,0,1,286.646,41,276.162
1918,4087,1,5,2,3,3,3,3,3,1,1,286.693,42,147.949
1919,4087,2,5,2,3,3,3,3,3,1,1,287.139,42,148.557
1920,4087,3,5,2,3,3,3,3,3,1,1,286.736,41,148.707
1921,4088,1,4,1,2,2,2,2,2,1,1,286.262,41,155.421
1922,4088,2,4,1,2,2,2,2,2,1,1,286.826,42,161.783
1923,4088,3,4,1,2,2,2,2,2,1,1,286.132,42,153.382
1924,4089,1,7,2,8,8,8,8,8,0,1,286.564,42,435.617
1925,4089,2,7,2,8,8,8,8,8,0,1,285.847,41,438.131
1926,4089,3,7,2,8,8,8,8,8,0,1,286.566,42,452.221
1927,4090,1,8,3,5,5,5,5,5,2,1,285.957,42,184.991
1928,4090,2,8,3,5,5,5,5,5,2,1,286.672,42,184.809
1929,4090,3,8,3,5,5,5,5,5,2,1,286.902,42,187.161
1930,4091,1,6,1,25,25,25,25,25,0,1,286.01,42,155.257
1931,4091,2,6,1,25,25,25,25,25,0,1,286.163,42,152.149
1932,4091,3,6,1,25,25,25,25,25,0,1,286.344,42,151.844
1933,4092,1,5,3,3,3,3,3,3,1,1,286.0,42,274.529
1934,4092,2,5,3,3,3,3,3,3,1,1,287.219,41,270.14
1935,4092,3,5,3,3,3,3,3,3,1,1,286.204,42,271.607
1936,4093,1,7,3,9,9,9,9,9,1,1,285.941,42,275.644
1937,4093,2,7,3,9,9,9,9,9,1,1,286.919,42,269.443
1938,4093,3,7,3,9,9,9,9,9,1,1,286.659,42,273.336
1939,4094,1,5,2,4,4,4,4,4,1,1,286.187,42,147.51
1940,4094,2,5,2,4,4,4,4,4,1,1,286.371,42,148.346
1941,4094,3,5,2,4,4,4,4,4,1,1,286.838,42,165.846
1942,4095,1,7,3,6,6,6,6,6,0,1,286.667,41,666.878
1943,4095,2,7,3,6,6,6,6,6,0,1,285.776,41,673.335
1944,4095,3,7,3,6,6,6,6,6,0,1,285.972,42,668.424
1945,4096,1,4,3,3,3,3,3,3,0,1,286.013,41,150.995
1946,4096,2,4,3,3,3,3,3,3,0,1,286.664,42,146.633
1947,4096,3,4,3,3,3,3,3,3,0,1,286.767,42,148.289
1948,4097,1,8,4,10,10,10,10,10,0,1,286.749,41,776.949
1949,4097,2,8,4,10,10,10,10,10,0,1,286.739,42,772.899
1950,4097,3,8,4,10,10,10,10,10,0,1,286.007,42,775.707
1951,4098,1,4,3,9,9,9,9,9,0,1,286.865,41,186.142
1952,4098,2,4,3,9,9,9,9,9,0,1,287.025,42,185.488
1953,4098,3,4,3,9,9,9,9,9,0,1,286.176,42,184.005
1954,4099,1,7,2,41,41,41,41,41,0,1,286.911,41,158.382
1955,4099,2,7,2,41,41,41,41,41,0,1,286.026,41,173.462
1956,4099,3,7,2,41,41,41,41,41,0,1,286.786,42,157.157
1957,4100,1,7,2,4,4,4,4,4,1,1,286.404,42,168.806
1958,4100,2,7,2,4,4,4,4,4,1,1,286.516,42,166.874
1959,4100,3,7,2,4,4,4,4,4,1,1,285.978,42,166.885
1960,4101,1,6,2,9,9,9,9,9,0,1,286.672,41,296.368
1961,4101,2,6,2,9,9,9,9,9,0,1,286.658,42,296.322
1962,4101,3,6,2,9,9,9,9,9,0,1,286.628,42,291.837
1963,4102,1,5,2,4,4,4,4,4,0,1,286.874,41,354.354
1964,4102,2,5,2,4,4,4,4,4,0,1,286.618,42,351.072
1965,4102,3,5,2,4,4,4,4,4,0,1,286.716,42,354.101
1966,4103,1,5,2,4,4,4,4,4,0,1,286.864,41,158.591
1967,4103,2,5,2,4,4,4,4,4,0,1,286.018,42,159.519
1968,4103,3,5,2,4,4,4,4,4,0,1,286.682,42,160.408
1969,4104,1,5,2,7,7,7,7,7,0,1,286.392,41,721.323
1970,4104,2,5,2,7,7,7,7,7,0,1,286.639,42,750.798
1971,4104,3,5,2,7,7,7,7,7,0,1,286.503,42,734.004
1972,4105,1,5,2,3,3,3,3,3,1,1,286.034,42,150.861
1973,4105,2,5,2,3,3,3,3,3,1,1,286.475,42,150.26
1974,4105,3,5,2,3,3,3,3,3,1,1,286.155,42,149.351
1975,4106,1,6,2,29,29,29,29,29,0,1,286.46,42,151.067
1976,4106,2,6,2,29,29,29,29,29,0,1,286.083,42,154.222
1977,4106,3,6,2,29,29,29,29,29,0,1,286.876,42,153.735
1978,4107,1,7,2,4,4,4,4,4,2,1,286.611,42,1590.01
1979,4107,2,7,2,4,4,4,4,4,2,1,286.25,41,1580.19
1980,4107,3,7,2,4,4,4,4,4,2,1,286.851,42,1583.62
1981,4108,1,6,3,8,8,8,8,8,0,1,287.047,42,202.531
1982,4108,2,6,3,8,8,8,8,8,0,1,286.829,42,201.457
1983,4108,3,6,3,8,8,8,8,8,0,1,286.487,42,201.628
1984,4109,1,7,4,8,8,8,8,8,2,1,286.147,41,646.202
1985,4109,2,7,4,8,8,8,8,8,2,1,286.57,41,617.949
1986,4109,3,8,4,8,8,8,8,8,2,1,286.272,41,2032.36
1987,4110,1,8,2,39,39,39,39,39,0,1,286.521,42,174.405
1988,4110,2,8,2,39,39,39,39,39,0,1,286.335,42,176.926
1989,4110,3,8,2,39,39,39,39,39,0,1,286.356,42,174.585
1990,4111,1,4,1,6,6,6,6,6,0,1,286.486,42,206.975
1991,4111,2,4,1,6,6,6,6,6,0,1,286.649,42,205.721
1992,4111,3,4,1,6,6,6,6,6,0,1,286.879,41,269.709
1993,4112,1,3,1,4,4,4,4,4,0,1,286.881,41,150.529
1994,4112,2,3,1,4,4,4,4,4,0,1,285.88,42,149.966
1995,4112,3,3,1,4,4,4,4,4,0,1,286.528,42,149.067
1996,4113,1,6,3,3,3,3,3,3,1,1,286.625,41,151.819
1997,4113,2,6,3,3,3,3,3,3,1,1,288.218,41,151.989
1998,4113,3,6,3,3,3,3,3,3,1,1,286.589,42,154.729
1999,4114,1,5,1,7,7,7,7,7,0,1,287.256,42,219.921
2000,4114,2,5,1,7,7,7,7,7,0,1,286.113,42,197.808
2001,4114,3,5,1,7,7,7,7,7,0,1,286.453,42,199.598
2002,4115,1,4,2,10,10,10,10,10,0,1,286.62,41,159.182
2003,4115,2,4,2,10,10,10,10,10,0,1,286.694,41,159.101
2004,4115,3,4,2,10,10,10,10,10,0,1,286.778,42,163.847
2005,4116,1,5,2,6,6,6,6,6,0,1,286.41,42,184.625
2006,4116,2,5,2,6,6,6,6,6,0,1,286.264,42,184.227
2007,4116,3,5,2,6,6,6,6,6,0,1,286.329,42,180.819
2008,4117,1,8,2,28,28,28,28,28,0,1,286.483,41,167.442
2009,4117,2,8,2,28,28,28,28,28,0,1,286.343,42,168.096
2010,4117,3,8,2,28,28,28,28,28,0,1,286.496,42,166.985
2011,4118,1,5,1,10,10,10,10,10,0,1,286.026,41,145.39
2012,4118,2,5,1,10,10,10,10,10,0,1,285.933,42,146.417
2013,4118,3,5,1,10,10,10,10,10,0,1,286.657,41,147.934
2014,4119,1,6,3,5,5,5,5,5,1,1,286.84,42,216.595
2015,4119,2,6,3,5,5,5,5,5,1,1,286.871,42,197.87
2016,4119,3,6,3,5,5,5,5,5,1,1,286.76,42,205.201
2017,4120,1,5,2,2,2,2,2,2,3,1,286.463,41,147.882
2018,4120,2,5,2,2,2,2,2,2,3,1,286.11,42,147.686
2019,4120,3,5,2,2,2,2,2,2,3,1,286.641,42,148.264
2020,4121,1,4,1,5,5,5,5,5,0,1,286.119,41,146.849
2021,4121,2,4,1,5,5,5,5,5,0,1,286.881,42,146.612
2022,4121,3,4,1,5,5,5,5,5,0,1,286.894,42,146.854
2023,4122,1,11,5,12,12,12,12,12,0,1,286.621,42,23960.9
2024,4122,2,11,5,12,12,12,12,12,0,1,285.929,42,23706.5
2025,4122,3,11,5,12,12,12,12,12,0,1,286.206,42,24099.7
2026,4123,1,5,2,3,3,3,3,3,1,1,286.787,41,657.616
2027,4123,2,5,2,3,3,3,3,3,1,1,286.181,42,669.486
2028,4123,3,5,2,3,3,3,3,3,1,1,286.689,42,654.596
2029,4124,1,8,3,5,5,5,5,5,1,1,285.924,41,197.611
2030,4124,2,8,3,5,5,5,5,5,1,1,286.867,42,194.55
2031,4124,3,8,3,5,5,5,5,5,1,1,286.792,41,196.144
2032,4125,1,5,1,5,5,5,5,5,1,1,286.76,41,159.038
2033,4125,2,5,1,5,5,5,5,5,1,1,287.069,42,158.817
2034,4125,3,5,1,5,5,5,5,5,1,1,286.727,42,161.196
2035,4126,1,7,3,4,4,4,4,4,1,1,287.055,42,170.977
2036,4126,2,7,3,4,4,4,4,4,1,1,285.877,42,170.392
2037,4126,3,7,3,4,4,4,4,4,1,1,286.183,41,168.603
2038,4127,1,5,1,15,15,15,15,15,0,1,286.647,42,158.962
2039,4127,2,5,1,15,15,15,15,15,0,1,286.968,42,159.999
2040,4127,3,5,1,15,15,15,15,15,0,1,288.172,42,159.362
2041,4128,1,5,1,23,23,23,23,23,0,1,286.904,42,186.608
2042,4128,2,5,1,23,23,23,23,23,0,1,286.699,41,201.083
2043,4128,3,5,1,23,23,23,23,23,0,1,286.396,42,188.5
2044,4129,1,6,2,6,6,6,6,6,0,1,286.558,41,192.244
2045,4129,2,6,2,6,6,6,6,6,0,1,286.235,42,190.076
2046,4129,3,6,2,6,6,6,6,6,0,1,286.419,42,191.867
2047,4130,1,7,2,4,4,4,4,4,1,1,286.721,41,8553.69
2048,4130,2,7,2,4,4,4,4,4,1,1,286.689,42,8383.89
2049,4130,3,7,2,4,4,4,4,4,1,1,286.245,42,8428.08
2050,4131,1,6,2,16,16,16,16,16,0,1,286.127,42,155.846
2051,4131,2,6,2,16,16,16,16,16,0,1,285.839,42,170.439
2052,4131,3,6,2,16,16,16,16,16,0,1,286.891,42,154.885
2053,4132,1,8,2,14,14,14,14,14,1,1,287.901,41,7415.25
2054,4132,2,8,2,14,14,14,14,14,1,1,288.098,42,7359.56
2055,4132,3,8,2,14,14,14,14,14,1,1,287.053,42,7356.15
2056,4133,1,6,2,21,21,21,21,21,0,1,287.046,42,155.576
2057,4133,2,6,2,21,21,21,21,21,0,1,286.619,42,157.369
2058,4133,3,6,2,21,21,21,21,21,0,1,286.889,41,158.106
2059,4134,1,6,2,11,11,11,11,11,0,1,287.29,42,152.982
2060,4134,2,6,2,11,11,11,11,11,0,1,286.92,42,153.448
2061,4134,3,6,2,11,11,11,11,11,0,1,286.093,42,173.262
2062,4135,1,8,3,9,9,9,9,9,0,1,286.418,42,2481.99
2063,4135,2,8,3,9,9,9,9,9,0,1,286.196,42,2534.4
2064,4135,3,8,3,9,9,9,9,9,0,1,286.381,42,2489.38
2065,4136,1,7,2,4,4,4,4,4,1,1,286.653,42,1628.56
2066,4136,2,7,2,4,4,4,4,4,1,1,286.139,42,1615.74
2067,4136,3,7,2,4,4,4,4,4,1,1,286.238,42,1605.84
2068,4137,1,5,2,8,8,8,8,8,0,1,286.765,42,204.323
2069,4137,2,5,2,8,8,8,8,8,0,1,286.874,41,171.54
2070,4137,3,5,2,8,8,8,8,8,0,1,286.935,41,171.248
2071,4138,1,8,3,14,14,14,14,14,0,1,287.103,42,7369.16
2072,4138,2,8,3,14,14,14,14,14,0,1,286.99,42,7318.04
2073,4138,3,8,3,14,14,14,14,14,0,1,286.988,42,7290.11
2074,4139,1,6,2,5,5,5,5,5,1,1,286.624,41,1909.75
2075,4139,2,6,2,5,5,5,5,5,1,1,286.644,42,1927.26
2076,4139,3,6,2,5,5,5,5,5,1,1,286.93,41,1911.71
2077,4140,1,5,1,4,4,4,4,4,1,1,286.432,42,144.456
2078,4140,2,5,1,3,3,3,3,3,1,1,286.586,42,146.182
2079,4140,3,5,1,4,4,4,4,4,1,1,287.864,41,145.318
2080,4141,1,7,3,11,11,11,11,11,0,1,286.378,42,270.697
2081,4141,2,7,3,11,11,11,11,11,0,1,286.795,42,271.291
2082,4141,3,7,3,11,11,11,11,11,0,1,285.952,42,290.695
2083,4142,1,5,2,4,4,4,4,4,1,1,286.328,42,555.107
2084,4142,2,5,2,4,4,4,4,4,1,1,287.412,41,542.849
2085,4142,3,5,2,4,4,4,4,4,1,1,285.897,42,557.786
2086,4143,1,5,2,4,4,4,4,4,1,1,286.437,42,553.105
2087,4143,2,5,2,4,4,4,4,4,1,1,286.668,41,548.72
2088,4143,3,5,2,4,4,4,4,4,1,1,286.433,41,550.447
2089,4144,1,8,2,25,25,25,25,25,0,1,285.959,41,162.082
2090,4144,2,8,2,25,25,25,25,25,0,1,287.013,41,156.104
2091,4144,3,8,2,25,25,25,25,25,0,1,286.133,42,155.848
2092,4145,1,5,2,4,4,4,4,4,1,1,286.527,41,147.843
2093,4145,2,5,2,4,4,4,4,4,1,1,286.579,41,149.484
2094,4145,3,5,2,4,4,4,4,4,1,1,286.744,42,148.605
2095,4146,1,8,3,6,6,6,6,6,1,1,287.114,42,209.76
2096,4146,2,8,3,6,6,6,6,6,1,1,286.511,42,209.307
2097,4146,3,8,3,6,6,6,6,6,1,1,286.659,42,223.986
2098,4147,1,6,3,5,5,5,5,5,1,1,286.229,41,150.71
2099,4147,2,6,3,5,5,5,5,5,1,1,286.818,42,155.038
2100,4147,3,6,3,5,5,5,5,5,1,1,286.544,42,151.45
2101,4148,1,5,2,4,4,4,4,4,1,1,286.571,41,244.139
2102,4148,2,5,2,4,4,4,4,4,1,1,287.075,42,244.2
2103,4148,3,5,2,4,4,4,4,4,1,1,286.715,41,245.085
2104,4149,1,6,2,4,4,4,4,4,1,1,286.077,42,158.321
2105,4149,2,6,2,4,4,4,4,4,1,1,286.42,42,154.013
2106,4149,3,6,2,4,4,4,4,4,1,1,286.933,42,156.355
2107,4150,1,5,1,11,11,11,11,11,0,1,286.363,41,149.9
2108,4150,2,5,1,11,11,11,11,11,0,1,287.343,41,148.176
2109,4150,3,5,1,11,11,11,11,11,0,1,286.078,42,151.769
2110,4151,1,3,1,3,3,3,3,3,0,1,286.223,42,151.165
2111,4151,2,3,1,3,3,3,3,3,0,1,286.549,42,149.815
2112,4151,3,3,1,3,3,3,3,3,0,1,286.601,42,163.038
2113,4152,1,7,3,9,9,9,9,9,0,1,286.416,41,265.734
2114,4152,2,7,3,9,9,9,9,9,0,1,286.765,41,267.537
2115,4152,3,7,3,9,9,9,9,9,0,1,286.74,42,269.188
2116,4153,1,4,1,11,11,11,11,11,0,1,286.646,41,146.714
2117,4153,2,4,1,11,11,11,11,11,0,1,286.114,42,147.591
2118,4153,3,4,1,11,11,11,11,11,0,1,286.488,41,144.319
2119,4154,1,4,2,3,3,3,3,3,0,1,286.833,41,160.716
2120,4154,2,4,2,3,3,3,3,3,0,1,286.07,42,154.329
2121,4154,3,4,2,3,3,3,3,3,0,1,286.637,41,154.222
2122,4155,1,15,6,8,8,8,8,8,1,1,286.645,41,51014.7
2123,4155,2,15,6,8,8,8,8,8,1,1,286.325,42,53592.6
2124,4155,3,15,6,8,8,8,8,8,1,1,286.597,42,52936.9
2125,4156,1,7,1,38,38,38,38,38,0,1,286.192,41,205.675
2126,4156,2,7,1,38,38,38,38,38,0,1,286.939,41,181.668
2127,4156,3,7,1,38,38,38,38,38,0,1,286.93,41,182.208
2128,4157,1,9,4,9,9,9,9,9,0,1,286.663,42,2637.48
2129,4157,2,9,4,9,9,9,9,9,0,1,285.994,42,2617.56
2130,4157,3,9,4,9,9,9,9,9,0,1,286.736,42,2562.9
2131,4158,1,6,1,31,31,31,31,31,0,1,286.796,41,150.614
2132,4158,2,6,1,31,31,31,31,31,0,1,286.763,42,148.963
2133,4158,3,6,1,31,31,31,31,31,0,1,286.859,42,148.944
2134,4159,1,8,1,31,31,31,31,31,0,1,286.874,42,156.136
2135,4159,2,8,1,31,31,31,31,31,0,1,285.889,42,160.04
2136,4159,3,8,1,31,31,31,31,31,0,1,287.439,41,156.422
2137,4160,1,7,2,9,9,9,9,9,2,1,286.503,42,163.452
2138,4160,2,7,2,9,9,9,9,9,2,1,286.401,41,177.004
2139,4160,3,7,2,9,9,9,9,9,2,1,286.63,41,162.792
2140,4161,1,10,3,24,24,24,24,24,0,1,286.833,42,16969.7
2141,4161,2,10,3,24,24,24,24,24,0,1,287.059,41,17110.5
2142,4161,3,10,3,24,24,24,24,24,0,1,286.475,41,17034.0
2143,4162,1,6,2,3,3,3,3,3,1,1,286.291,42,1641.07
2144,4162,2,6,2,3,3,3,3,3,1,1,286.619,42,1633.42
2145,4162,3,6,2,3,3,3,3,3,1,1,286.586,42,1588.35
2146,4163,1,4,3,4,4,4,4,4,0,1,286.697,41,315.597
2147,4163,2,4,3,4,4,4,4,4,0,1,287.145,41,320.17
2148,4163,3,4,3,4,4,4,4,4,0,1,286.777,41,316.413
2149,4164,1,7,3,8,8,8,8,8,1,1,286.764,41,654.516
2150,4164,2,7,3,8,8,8,8,8,1,1,286.674,42,643.243
2151,4164,3,7,3,8,8,8,8,8,1,1,286.81,41,647.536
2152,4165,1,3,1,3,3,3,3,3,0,1,286.84,42,394.531
2153,4165,2,3,1,3,3,3,3,3,0,1,286.612,42,182.148
2154,4165,3,3,1,3,3,3,3,3,0,1,286.32,42,159.066
2155,4166,1,3,2,3,3,3,3,3,0,1,286.726,42,464.454
2156,4166,2,3,2,3,3,3,3,3,0,1,286.717,41,146.218
2157,4166,3,3,2,3,3,3,3,3,0,1,288.43,42,158.21
2158,4167,1,6,2,3,3,3,3,3,1,1,286.691,42,1766.98
2159,4167,2,6,2,3,3,3,3,3,1,1,286.806,41,1745.2
2160,4167,3,6,2,3,3,3,3,3,1,1,286.881,42,1767.41
2161,4168,1,7,2,48,48,48,48,48,0,1,288.555,42,152.008
2162,4168,2,7,2,48,48,48,48,48,0,1,286.89,42,149.503
2163,4168,3,7,2,48,48,48,48,48,0,1,286.75,41,149.882
2164,4169,1,6,1,22,22,22,22,22,0,1,287.157,42,148.005
2165,4169,2,6,1,22,22,22,22,22,0,1,286.727,42,150.55
2166,4169,3,6,1,22,22,22,22,22,0,1,287.085,42,148.411
2167,4170,1,7,1,28,28,28,28,28,0,1,286.965,41,157.45
2168,4170,2,7,1,28,28,28,28,28,0,1,286.476,42,158.728
2169,4170,3,7,1,28,28,28,28,28,0,1,286.94,42,160.185
2170,4171,1,3,2,2,2,2,2,2,0,1,286.765,42,155.595
2171,4171,2,3,2,2,2,2,2,2,0,1,286.379,41,168.704
2172,4171,3,3,2,2,2,2,2,2,0,1,287.39,42,157.492
2173,4172,1,5,1,4,4,4,4,4,1,1,286.716,42,146.709
2174,4172,2,5,1,4,4,4,4,4,1,1,286.812,42,147.639
2175,4172,3,5,1,4,4,4,4,4,1,1,290.062,42,145.858
2176,4173,1,6,2,6,6,6,6,6,1,1,286.734,42,157.082
2177,4173,2,6,2,6,6,6,6,6,1,1,286.925,41,154.231
2178,4173,3,6,2,6,6,6,6,6,1,1,286.4,42,151.111
2179,4174,1,6,2,3,3,3,3,3,1,1,286.736,42,250.147
2180,4174,2,6,2,3,3,3,3,3,1,1,286.732,41,249.534
2181,4174,3,6,2,3,3,3,3,3,1,1,288.044,42,250.165
2182,4175,1,5,2,6,6,6,6,6,0,1,287.448,42,265.006
2183,4175,2,5,2,6,6,6,6,6,0,1,286.632,41,263.048
2184,4175,3,5,2,6,6,6,6,6,0,1,286.28,41,264.866
2185,4176,1,8,3,10,10,10,10,10,0,1,286.171,41,1629.93
2186,4176,2,8,3,10,10,10,10,10,0,1,286.789,41,1661.81
2187,4176,3,8,3,10,10,10,10,10,0,1,287.009,42,1618.1
2188,4177,1,8,3,9,9,9,9,9,0,1,286.627,41,1955.78
2189,4177,2,8,3,9,9,9,9,9,0,1,287.265,42,1954.04
2190,4177,3,8,3,9,9,9,9,9,0,1,286.849,41,1962.99
2191,4178,1,5,3,6,6,6,6,6,1,1,286.797,41,205.882
2192,4178,2,5,3,6,6,6,6,6,1,1,288.15,42,204.058
2193,4178,3,5,3,6,6,6,6,6,1,1,286.469,41,206.776
2194,4179,1,7,2,9,9,9,9,9,0,1,286.844,42,458.958
2195,4179,2,7,2,9,9,9,9,9,0,1,286.865,42,265.024
2196,4179,3,7,2,9,9,9,9,9,0,1,286.422,42,260.732
2197,4180,1,6,2,12,12,12,12,12,0,1,286.191,42,294.905
2198,4180,2,6,2,12,12,12,12,12,0,1,286.765,41,295.396
2199,4180,3,6,2,12,12,12,12,12,0,1,286.875,41,307.009
2200,4181,1,4,1,5,5,5,5,5,0,1,286.064,42,168.107
2201,4181,2,4,1,5,5,5,5,5,0,1,286.342,42,167.839
2202,4181,3,4,1,5,5,5,5,5,0,1,286.175,41,167.728
2203,4182,1,6,1,24,24,24,24,24,0,1,286.9,42,149.273
2204,4182,2,6,1,24,24,24,24,24,0,1,286.702,41,148.746
2205,4182,3,6,1,24,24,24,24,24,0,1,286.098,41,150.828
2206,4183,1,6,2,4,4,4,4,4,1,1,286.838,42,158.535
2207,4183,2,6,2,4,4,4,4,4,1,1,285.928,42,158.597
2208,4183,3,6,2,4,4,4,4,4,1,1,286.106,42,157.575
2209,4184,1,5,2,6,6,6,6,6,1,1,286.772,42,171.869
2210,4184,2,5,2,6,6,6,6,6,1,1,286.172,42,168.738
2211,4184,3,5,2,6,6,6,6,6,1,1,286.822,42,169.648
2212,4185,1,7,2,5,5,5,5,5,2,1,286.067,42,159.867
2213,4185,2,7,2,5,5,5,5,5,2,1,286.779,41,164.417
2214,4185,3,7,2,5,5,5,5,5,2,1,286.671,42,177.553
2215,4186,1,6,2,5,5,5,5,5,1,1,287.072,42,154.224
2216,4186,2,6,2,5,5,5,5,5,1,1,286.225,42,153.002
2217,4186,3,6,2,5,5,5,5,5,1,1,286.67,41,155.408
2218,4187,1,12,4,12,12,12,12,12,0,1,286.735,42,23826.7
2219,4187,2,12,4,12,12,12,12,12,0,1,286.926,41,23497.1
2220,4187,3,12,4,12,12,12,12,12,0,1,287.241,42,23819.8
2221,4188,1,6,4,4,4,4,4,4,0,1,287.004,42,368.628
2222,4188,2,6,4,4,4,4,4,4,0,1,286.824,41,375.218
2223,4188,3,6,4,4,4,4,4,4,0,1,286.538,42,366.126
2224,4189,1,8,3,12,12,12,12,12,0,1,287.519,42,1792.28
2225,4189,2,8,3,12,12,12,12,12,0,1,287.56,42,1788.97
2226,4189,3,8,3,12,12,12,12,12,0,1,286.844,42,1913.94
2227,4190,1,3,1,4,4,4,4,4,0,1,286.565,42,149.032
2228,4190,2,3,1,4,4,4,4,4,0,1,287.083,42,165.815
2229,4190,3,3,1,4,4,4,4,4,0,1,286.418,41,149.4
2230,4191,1,3,1,3,3,3,3,3,0,1,286.723,42,160.937
2231,4191,2,3,1,3,3,3,3,3,0,1,287.974,42,158.526
2232,4191,3,3,1,3,3,3,3,3,0,1,286.798,42,158.936
2233,4192,1,4,1,2,2,2,2,2,1,1,286.73,42,179.927
2234,4192,2,4,1,2,2,2,2,2,1,1,286.199,42,181.342
2235,4192,3,4,1,2,2,2,2,2,1,1,286.349,42,180.37
2236,4193,1,5,2,7,7,7,7,7,0,1,286.299,41,161.947
2237,4193,2,5,2,7,7,7,7,7,0,1,286.699,42,164.75
2238,4193,3,5,2,7,7,7,7,7,0,1,286.565,41,165.932
2239,4194,1,6,2,5,5,5,5,5,1,1,287.104,42,170.322
2240,4194,2,6,2,5,5,5,5,5,1,1,287.433,42,385.555
2241,4194,3,6,2,5,5,5,5,5,1,1,286.604,41,301.864
2242,4195,1,9,4,11,11,11,11,11,0,1,286.657,42,6837.55
2243,4195,2,9,4,11,11,11,11,11,0,1,286.52,42,6853.48
2244,4195,3,9,4,11,11,11,11,11,0,1,286.564,42,6819.78
2245,4196,1,6,1,15,15,15,15,15,0,1,287.056,41,149.997
2246,4196,2,6,1,15,15,15,15,15,0,1,286.777,42,249.555
2247,4196,3,6,1,15,15,15,15,15,0,1,286.878,42,150.465
2248,4197,1,6,2,9,9,9,9,9,0,1,286.967,41,410.282
2249,4197,2,6,2,9,9,9,9,9,0,1,287.813,42,272.8
2250,4197,3,6,2,9,9,9,9,9,0,1,286.831,42,388.0
2251,4198,1,6,1,7,7,7,7,7,1,1,287.02,41,269.297
2252,4198,2,7,1,8,8,8,8,8,1,1,286.791,41,163.48
2253,4198,3,6,1,7,7,7,7,7,1,1,286.738,42,151.307
2254,4199,1,6,2,8,8,8,8,8,0,1,286.436,42,2970.59
2255,4199,2,6,2,8,8,8,8,8,0,1,286.377,42,2991.31
2256,4199,3,6,2,8,8,8,8,8,0,1,287.231,42,2999.16
2257,4200,1,4,1,4,4,4,4,4,0,1,286.561,41,182.379
2258,4200,2,4,1,4,4,4,4,4,0,1,286.87,42,182.804
2259,4200,3,4,1,4,4,4,4,4,0,1,287.056,41,181.829
2260,4201,1,7,3,15,15,15,15,15,0,1,286.41,41,785.216
2261,4201,2,7,3,15,15,15,15,15,0,1,287.078,42,785.678
2262,4201,3,7,3,15,15,15,15,15,0,1,286.938,42,798.259
2263,4202,1,6,3,5,5,5,5,5,0,1,286.817,42,294.715
2264,4202,2,6,3,5,5,5,5,5,0,1,286.587,42,195.51
2265,4202,3,6,3,5,5,5,5,5,0,1,286.921,41,194.107
2266,4203,1,7,3,13,13,13,13,13,0,1,286.598,42,252.641
2267,4203,2,7,3,13,13,13,13,13,0,1,286.282,42,255.283
2268,4203,3,7,3,13,13,13,13,13,0,1,286.913,41,266.351
2269,4204,1,5,1,18,18,18,18,18,0,1,287.079,41,152.748
2270,4204,2,5,1,18,18,18,18,18,0,1,285.978,42,155.272
2271,4204,3,5,1,18,18,18,18,18,0,1,286.293,42,152.818
2272,4205,1,7,2,10,10,10,10,10,0,1,286.643,42,477.217
2273,4205,2,7,2,10,10,10,10,10,0,1,286.567,42,478.931
2274,4205,3,7,2,10,10,10,10,10,0,1,287.372,42,473.627
2275,4206,1,6,2,6,6,6,6,6,0,1,286.399,42,181.706
2276,4206,2,6,2,6,6,6,6,6,0,1,286.691,41,185.442
2277,4206,3,6,2,6,6,6,6,6,0,1,286.562,41,183.342
2278,4207,1,7,1,25,25,25,25,25,0,1,286.817,42,150.227
2279,4207,2,7,1,25,25,25,25,25,0,1,286.893,41,148.328
2280,4207,3,7,1,25,25,25,25,25,0,1,286.391,42,147.245
2281,4208,1,6,1,26,26,26,26,26,0,1,287.004,41,145.887
2282,4208,2,6,1,26,26,26,26,26,0,1,286.31,41,147.417
2283,4208,3,6,1,26,26,26,26,26,0,1,286.385,42,164.083
2284,4209,1,7,2,7,7,7,7,7,1,1,286.565,41,239.081
2285,4209,2,7,2,7,7,7,7,7,1,1,287.27,42,235.47
2286,4209,3,7,2,7,7,7,7,7,1,1,286.723,42,241.938
2287,4210,1,5,2,6,6,6,6,6,0,1,286.79,42,167.501
2288,4210,2,5,2,6,6,6,6,6,0,1,286.016,41,165.799
2289,4210,3,5,2,6,6,6,6,6,0,1,286.544,42,172.45
2290,4211,1,5,2,3,3,3,3,3,1,1,286.182,41,146.53
2291,4211,2,5,2,3,3,3,3,3,1,1,286.627,41,144.893
2292,4211,3,5,2,3,3,3,3,3,1,1,286.816,41,146.391
2293,4212,1,4,1,9,9,9,9,9,0,1,285.921,42,160.037
2294,4212,2,4,1,9,9,9,9,9,0,1,286.922,41,161.069
2295,4212,3,4,1,9,9,9,9,9,0,1,286.786,42,159.593
2296,4213,1,6,1,20,20,20,20,20,0,1,287.046,42,149.919
2297,4213,2,6,1,20,20,20,20,20,0,1,286.628,41,150.308
2298,4213,3,6,1,20,20,20,20,20,0,1,286.652,42,164.941
2299,4214,1,8,2,38,38,38,38,38,0,1,286.833,42,172.342
2300,4214,2,8,2,38,38,38,38,38,0,1,286.911,42,172.491
2301,4214,3,8,2,38,38,38,38,38,0,1,286.619,42,173.623
2302,4215,1,5,2,5,5,5,5,5,0,1,286.858,41,274.384
2303,4215,2,5,2,5,5,5,5,5,0,1,286.648,42,273.537
2304,4215,3,5,2,5,5,5,5,5,0,1,286.718,42,273.184
2305,4216,1,5,2,4,4,4,4,4,1,1,286.742,42,552.416
2306,4216,2,5,2,4,4,4,4,4,1,1,287.063,41,545.826
2307,4216,3,5,2,4,4,4,4,4,1,1,287.719,42,545.978
2308,4217,1,5,2,3,3,3,3,3,1,1,286.841,41,652.797
2309,4217,2,5,2,3,3,3,3,3,1,1,286.582,42,652.442
2310,4217,3,5,2,3,3,3,3,3,1,1,286.784,42,655.479
2311,4218,1,5,2,5,5,5,5,5,1,1,286.692,42,146.22
2312,4218,2,5,2,5,5,5,5,5,1,1,286.889,42,146.537
2313,4218,3,5,2,5,5,5,5,5,1,1,286.462,41,159.497
2314,4219,1,5,1,4,4,4,4,4,1,1,286.77,42,161.867
2315,4219,2,5,1,4,4,4,4,4,1,1,286.783,42,163.266
2316,4219,3,5,1,4,4,4,4,4,1,1,287.498,41,162.382
2317,4220,1,5,2,4,4,4,4,4,1,1,286.663,41,146.501
2318,4220,2,5,2,4,4,4,4,4,1,1,286.418,41,147.587
2319,4220,3,5,2,4,4,4,4,4,1,1,286.745,41,147.356
2320,4221,1,5,2,6,6,6,6,6,0,1,286.908,42,165.203
2321,4221,2,5,2,6,6,6,6,6,0,1,287.23,42,165.843
2322,4221,3,5,2,6,6,6,6,6,0,1,286.824,41,165.389
2323,4222,1,6,1,8,8,8,8,8,1,1,286.893,42,175.423
2324,4222,2,6,1,8,8,8,8,8,1,1,286.88,42,177.782
2325,4222,3,6,1,8,8,8,8,8,1,1,286.998,42,179.056
2326,4223,1,6,2,11,11,11,11,11,0,1,286.72,42,171.113
2327,4223,2,6,2,11,11,11,11,11,0,1,287.027,42,173.252
2328,4223,3,6,2,11,11,11,11,11,0,1,286.431,42,184.363
2329,4224,1,4,2,8,8,8,8,8,0,1,287.837,42,158.288
2330,4224,2,4,2,8,8,8,8,8,0,1,286.679,41,156.764
2331,4224,3,4,2,8,8,8,8,8,0,1,286.546,42,158.455
2332,4225,1,4,1,8,8,8,8,8,0,1,286.705,41,149.923
2333,4225,2,4,1,8,8,8,8,8,0,1,286.606,41,150.78
2334,4225,3,4,1,8,8,8,8,8,0,1,286.911,42,149.63
2335,4226,1,4,2,3,3,3,3,3,1,1,287.226,42,144.05
2336,4226,2,4,2,3,3,3,3,3,1,1,286.656,42,145.384
2337,4226,3,4,2,3,3,3,3,3,1,1,286.79,42,145.836
2338,4227,1,4,1,6,6,6,6,6,0,1,286.913,41,155.734
2339,4227,2,4,1,6,6,6,6,6,0,1,286.83,42,157.824
2340,4227,3,4,1,6,6,6,6,6,0,1,287.289,42,154.505
2341,4228,1,6,4,9,9,9,9,9,1,1,286.8,42,156.109
2342,4228,2,6,4,9,9,9,9,9,1,1,286.889,42,156.214
2343,4228,3,7,4,9,9,9,9,9,1,1,286.299,42,176.466
2344,4229,1,5,2,6,6,6,6,6,0,1,286.552,41,195.895
2345,4229,2,5,2,6,6,6,6,6,0,1,287.02,41,193.867
2346,4229,3,5,2,6,6,6,6,6,0,1,287.005,41,194.398
2347,4230,1,5,2,16,16,16,16,16,0,1,287.389,42,154.576
2348,4230,2,5,2,16,16,16,16,16,0,1,287.781,41,158.784
2349,4230,3,5,2,16,16,16,16,16,0,1,287.95,41,175.769
2350,4231,1,8,4,13,13,13,13,13,1,1,287.676,42,1455.26
2351,4231,2,8,4,13,13,13,13,13,1,1,288.143,42,1437.71
2352,4231,3,8,4,13,13,13,13,13,1,1,289.21,42,1450.48
2353,4232,1,5,1,4,4,4,4,4,1,1,290.751,41,482.099
2354,4232,2,5,1,4,4,4,4,4,1,1,287.067,42,722.613
2355,4232,3,5,1,4,4,4,4,4,1,1,287.745,41,491.762
2356,4233,1,4,1,7,7,7,7,7,0,1,286.695,42,163.364
2357,4233,2,4,1,7,7,7,7,7,0,1,286.987,42,171.067
2358,4233,3,4,1,7,7,7,7,7,0,1,286.654,42,156.152
2359,4234,1,5,2,5,5,5,5,5,0,1,286.784,42,166.688
2360,4234,2,5,2,5,5,5,5,5,0,1,286.744,41,166.308
2361,4234,3,5,2,5,5,5,5,5,0,1,286.725,42,166.202
2362,4235,1,4,2,2,2,2,2,2,1,1,287.075,42,144.338
2363,4235,2,4,2,2,2,2,2,2,1,1,286.698,41,145.073
2364,4235,3,4,2,2,2,2,2,2,1,1,286.78,42,144.231
2365,4236,1,7,2,18,18,18,18,18,0,1,286.547,42,174.071
2366,4236,2,7,2,18,18,18,18,18,0,1,287.054,42,171.668
2367,4236,3,7,2,18,18,18,18,18,0,1,286.706,41,169.145
2368,4237,1,7,3,9,9,9,9,9,0,1,287.011,41,277.33
2369,4237,2,7,3,9,9,9,9,9,0,1,286.836,41,272.167
2370,4237,3,7,3,9,9,9,9,9,0,1,287.072,42,270.819
2371,4238,1,7,2,5,5,5,5,5,1,1,287.114,42,161.956
2372,4238,2,7,2,5,5,5,5,5,1,1,286.683,42,179.432
2373,4238,3,7,2,5,5,5,5,5,1,1,287.235,42,161.883
2374,4239,1,5,2,2,2,2,2,2,1,1,286.945,42,146.372
2375,4239,2,5,2,2,2,2,2,2,1,1,286.659,41,146.574
2376,4239,3,5,2,2,2,2,2,2,1,1,286.767,41,147.349
2377,4240,1,4,1,7,7,7,7,7,0,1,286.331,42,149.385
2378,4240,2,4,1,7,7,7,7,7,0,1,286.712,41,147.196
2379,4240,3,4,1,7,7,7,7,7,0,1,287.093,42,147.12
2380,4241,1,6,2,8,8,8,8,8,0,1,287.354,41,203.323
2381,4241,2,6,2,8,8,8,8,8,0,1,287.099,42,202.371
2382,4241,3,6,2,8,8,8,8,8,0,1,287.016,42,204.433
2383,4242,1,6,2,8,8,8,8,8,0,1,286.771,42,247.927
2384,4242,2,6,2,8,8,8,8,8,0,1,286.943,41,240.099
2385,4242,3,6,2,8,8,8,8,8,0,1,286.763,42,238.68
2386,4243,1,6,2,12,12,12,12,12,0,1,286.556,41,157.718
2387,4243,2,6,2,12,12,12,12,12,0,1,287.939,42,171.176
2388,4243,3,6,2,12,12,12,12,12,0,1,287.165,41,156.202
2389,4244,1,5,2,7,7,7,7,7,0,1,287.072,42,596.609
2390,4244,2,5,2,7,7,7,7,7,0,1,287.095,42,607.488
2391,4244,3,5,2,7,7,7,7,7,0,1,286.732,42,612.688
2392,4245,1,6,3,8,8,8,8,8,0,1,287.158,42,354.687
2393,4245,2,6,3,8,8,8,8,8,0,1,287.015,42,355.249
2394,4245,3,6,3,8,8,8,8,8,0,1,287.216,41,353.837
2395,4246,1,9,3,10,10,10,10,10,0,1,288.002,42,6767.06
2396,4246,2,9,3,10,10,10,10,10,0,1,286.718,41,6774.13
2397,4246,3,9,3,10,10,10,10,10,0,1,286.728,42,6770.27
2398,4247,1,9,3,7,7,7,7,7,1,1,286.737,42,328.051
2399,4247,2,9,3,7,7,7,7,7,1,1,288.321,42,321.308
2400,4247,3,9,3,7,7,7,7,7,1,1,286.825,42,325.683
2401,4248,1,6,2,20,20,20,20,20,0,1,286.685,42,154.759
2402,4248,2,6,2,20,20,20,20,20,0,1,286.88,42,148.817
2403,4248,3,6,2,20,20,20,20,20,0,1,286.53,42,149.977
2404,4249,1,6,2,8,8,8,8,8,0,1,287.226,42,182.383
2405,4249,2,6,2,8,8,8,8,8,0,1,288.629,42,181.649
2406,4249,3,6,2,8,8,8,8,8,0,1,287.156,41,181.755
2407,4250,1,8,4,9,9,9,9,9,2,1,287.778,42,199.996
2408,4250,2,8,4,9,9,9,9,9,2,1,287.933,42,195.344
2409,4250,3,8,4,9,9,9,9,9,2,1,286.933,42,198.49
2410,4251,1,5,2,4,4,4,4,4,1,1,287.995,42,148.082
2411,4251,2,5,2,4,4,4,4,4,1,1,286.662,42,148.384
2412,4251,3,5,2,4,4,4,4,4,1,1,286.783,42,150.424
2413,4252,1,5,2,7,7,7,7,7,0,1,288.079,41,767.566
2414,4252,2,5,2,7,7,7,7,7,0,1,286.971,41,757.166
2415,4252,3,5,2,7,7,7,7,7,0,1,287.275,42,765.891
2416,4253,1,4,2,4,4,4,4,4,0,1,286.748,42,183.45
2417,4253,2,4,2,4,4,4,4,4,0,1,286.614,42,180.096
2418,4253,3,4,2,4,4,4,4,4,0,1,286.629,41,181.962
2419,4254,1,6,2,5,5,5,5,5,1,1,286.812,41,163.377
2420,4254,2,6,2,5,5,5,5,5,1,1,286.818,41,162.92
2421,4254,3,6,2,5,5,5,5,5,1,1,286.693,42,160.396
2422,4255,1,5,2,5,5,5,5,5,0,1,287.512,42,178.983
2423,4255,2,5,2,5,5,5,5,5,0,1,286.977,41,178.727
2424,4255,3,5,2,5,5,5,5,5,0,1,286.945,41,180.962
2425,4256,1,7,2,5,5,5,5,5,2,1,286.771,42,1565.99
2426,4256,2,7,2,5,5,5,5,5,2,1,286.596,41,1569.83
2427,4256,3,7,2,5,5,5,5,5,2,1,287.278,41,1596.64
2428,4257,1,5,3,4,4,4,4,4,1,1,287.019,41,147.661
2429,4257,2,5,3,4,4,4,4,4,1,1,286.611,42,145.211
2430,4257,3,5,3,4,4,4,4,4,1,1,286.763,41,147.425
2431,4258,1,6,2,9,9,9,9,9,0,1,286.613,42,171.496
2432,4258,2,6,2,9,9,9,9,9,0,1,287.187,42,167.736
2433,4258,3,6,2,9,9,9,9,9,0,1,286.751,41,167.875
2434,4259,1,8,2,12,12,12,12,12,1,1,288.36,41,2801.74
2435,4259,2,8,2,12,12,12,12,12,1,1,286.551,41,2776.22
2436,4259,3,8,2,12,12,12,12,12,1,1,286.663,41,2796.55
2437,4260,1,8,1,33,33,33,33,33,0,1,287.616,41,157.397
2438,4260,2,8,1,33,33,33,33,33,0,1,287.395,41,157.942
2439,4260,3,8,1,33,33,33,33,33,0,1,286.697,42,167.985
2440,4261,1,6,2,7,7,7,7,7,1,1,287.256,42,171.686
2441,4261,2,6,2,7,7,7,7,7,1,1,288.061,42,160.073
2442,4261,3,6,2,7,7,7,7,7,1,1,287.963,42,157.969
2443,4262,1,3,2,3,3,3,3,3,0,1,288.034,42,159.189
2444,4262,2,3,2,3,3,3,3,3,0,1,286.652,41,159.661
2445,4262,3,3,2,3,3,3,3,3,0,1,287.05,41,157.574
2446,4263,1,5,2,4,4,4,4,4,1,1,286.831,41,588.484
2447,4263,2,5,2,4,4,4,4,4,1,1,286.673,42,589.805
2448,4263,3,5,2,4,4,4,4,4,1,1,287.044,41,598.577
2449,4264,1,7,3,7,7,7,7,7,2,1,288.292,42,181.537
2450,4264,2,7,3,7,7,7,7,7,2,1,286.83,41,200.119
2451,4264,3,7,3,7,7,7,7,7,2,1,286.822,42,181.337
2452,4265,1,4,1,5,5,5,5,5,0,1,286.802,41,146.642
2453,4265,2,4,1,5,5,5,5,5,0,1,286.432,42,147.135
2454,4265,3,4,1,5,5,5,5,5,0,1,287.033,41,146.637
2455,4266,1,8,2,5,5,5,5,5,1,1,287.563,41,640.37
2456,4266,2,8,2,5,5,5,5,5,1,1,286.823,42,629.578
2457,4266,3,8,2,5,5,5,5,5,1,1,286.848,41,626.916
2458,4267,1,3,1,1,1,1,1,1,1,1,287.501,42,175.443
2459,4267,2,3,1,1,1,1,1,1,1,1,287.15,42,174.544
2460,4267,3,3,1,1,1,1,1,1,1,1,287.289,42,174.289
2461,4268,1,7,2,4,4,4,4,4,1,1,286.75,42,265.912
2462,4268,2,7,2,4,4,4,4,4,1,1,287.035,41,264.375
2463,4268,3,7,2,4,4,4,4,4,1,1,286.494,42,267.372
2464,4269,1,6,2,5,5,5,5,5,1,1,287.173,41,152.379
2465,4269,2,5,2,6,6,6,6,6,1,1,286.65,42,146.901
2466,4269,3,6,2,5,5,5,5,5,1,1,287.156,42,151.642
2467,4270,1,4,1,3,3,3,3,3,1,1,286.943,42,144.666
2468,4270,2,4,1,3,3,3,3,3,1,1,286.848,42,143.103
2469,4270,3,4,1,3,3,3,3,3,1,1,286.885,41,142.634
2470,4271,1,4,1,2,2,2,2,2,1,1,287.096,42,157.512
2471,4271,2,4,1,2,2,2,2,2,1,1,287.027,42,145.058
2472,4271,3,4,1,2,2,2,2,2,1,1,287.416,42,143.362
2473,4272,1,5,2,4,4,4,4,4,1,1,286.684,42,146.939
2474,4272,2,5,2,4,4,4,4,4,1,1,288.144,42,148.996
2475,4272,3,5,2,4,4,4,4,4,1,1,287.441,41,146.813
2476,4273,1,7,2,6,6,6,6,6,1,1,286.633,42,248.584
2477,4273,2,7,2,6,6,6,6,6,1,1,286.804,42,246.836
2478,4273,3,7,2,6,6,6,6,6,1,1,286.837,42,247.22
2479,4274,1,7,2,8,8,8,8,8,1,1,287.347,42,162.427
2480,4274,2,7,2,8,8,8,8,8,1,1,286.704,42,161.296
2481,4274,3,7,2,8,8,8,8,8,1,1,286.974,42,164.097
2482,4275,1,6,2,14,14,14,14,14,0,1,286.868,41,228.24
2483,4275,2,6,2,14,14,14,14,14,0,1,286.344,42,226.728
2484,4275,3,6,2,14,14,14,14,14,0,1,286.986,42,228.442
2485,4276,1,8,3,9,9,9,9,9,0,1,287.169,42,727.078
2486,4276,2,8,3,9,9,9,9,9,0,1,286.908,42,704.253
2487,4276,3,8,3,9,9,9,9,9,0,1,286.872,42,709.605
2488,4277,1,5,3,4,4,4,4,4,1,1,286.845,42,146.503
2489,4277,2,5,3,4,4,4,4,4,1,1,287.038,42,149.434
2490,4277,3,5,3,4,4,4,4,4,1,1,286.786,42,150.198
2491,4278,1,10,4,12,12,12,12,12,0,1,287.474,42,13881.2
2492,4278,2,10,4,12,12,12,12,12,0,1,287.003,42,13989.4
2493,4278,3,10,4,12,12,12,12,12,0,1,286.834,41,13899.2
2494,4279,1,7,3,6,6,6,6,6,0,1,287.176,42,271.674
2495,4279,2,7,3,6,6,6,6,6,0,1,286.858,41,271.571
2496,4279,3,7,3,6,6,6,6,6,0,1,286.64,42,273.454
2497,4280,1,6,2,35,35,35,35,35,0,1,287.129,42,160.017
2498,4280,2,6,2,35,35,35,35,35,0,1,287.0,42,159.862
2499,4280,3,6,2,35,35,35,35,35,0,1,287.355,42,160.019
2500,4281,1,6,2,6,6,6,6,6,0,1,286.832,42,202.771
2501,4281,2,6,2,6,6,6,6,6,0,1,286.728,42,203.19
2502,4281,3,6,2,6,6,6,6,6,0,1,286.713,42,200.352
2503,4282,1,7,1,30,30,30,30,30,0,1,286.595,41,149.996
2504,4282,2,7,1,30,30,30,30,30,0,1,286.966,42,148.114
2505,4282,3,7,1,30,30,30,30,30,0,1,287.789,42,164.755
2506,4283,1,5,2,6,6,6,6,6,1,1,287.304,41,149.472
2507,4283,2,5,2,6,6,6,6,6,1,1,287.923,42,149.918
2508,4283,3,5,2,6,6,6,6,6,1,1,286.898,42,150.14
2509,4284,1,5,3,5,5,5,5,5,1,1,286.863,41,148.144
2510,4284,2,5,3,5,5,5,5,5,1,1,286.94,42,150.526
2511,4284,3,5,3,5,5,5,5,5,1,1,287.132,42,148.894
2512,4285,1,6,2,7,7,7,7,7,1,1,286.916,42,152.471
2513,4285,2,6,2,7,7,7,7,7,1,1,287.065,41,155.891
2514,4285,3,6,2,7,7,7,7,7,1,1,287.258,42,154.418
2515,4286,1,6,2,3,3,3,3,3,1,1,287.601,42,500.146
2516,4286,2,6,2,3,3,3,3,3,1,1,286.698,42,499.814
2517,4286,3,6,2,3,3,3,3,3,1,1,287.598,42,496.321
2518,4287,1,5,2,4,4,4,4,4,1,1,286.978,41,144.218
2519,4287,2,5,2,4,4,4,4,4,1,1,286.837,42,148.765
2520,4287,3,5,2,4,4,4,4,4,1,1,287.183,42,166.91
2521,4288,1,6,2,15,15,15,15,15,0,1,287.418,42,256.288
2522,4288,2,6,2,15,15,15,15,15,0,1,287.358,42,254.593
2523,4288,3,6,2,15,15,15,15,15,0,1,286.738,41,254.128
2524,4289,1,6,1,21,21,21,21,21,0,1,286.426,42,147.232
2525,4289,2,6,1,21,21,21,21,21,0,1,286.783,42,147.921
2526,4289,3,6,1,21,21,21,21,21,0,1,287.356,42,147.922
2527,4290,1,3,2,4,4,4,4,4,0,1,287.119,42,148.349
2528,4290,2,3,2,4,4,4,4,4,0,1,286.51,41,148.184
2529,4290,3,3,2,4,4,4,4,4,0,1,287.321,42,149.081
2530,4291,1,8,3,4,4,4,4,4,1,1,287.468,42,608.698
2531,4291,2,8,3,4,4,4,4,4,1,1,286.604,42,622.812
2532,4291,3,8,3,4,4,4,4,4,1,1,286.917,41,613.619
2533,4292,1,5,2,4,4,4,4,4,1,1,287.064,42,147.14
2534,4292,2,5,2,4,4,4,4,4,1,1,286.757,42,148.646
2535,4292,3,5,2,4,4,4,4,4,1,1,287.279,42,161.134
2536,4293,1,5,2,3,3,3,3,3,1,1,287.281,42,145.143
2537,4293,2,5,2,3,3,3,3,3,1,1,286.864,42,147.819
2538,4293,3,5,2,3,3,3,3,3,1,1,287.03,41,146.901
2539,4294,1,6,3,9,9,9,9,9,0,1,287.382,42,808.472
2540,4294,2,6,3,9,9,9,9,9,0,1,288.698,41,813.925
2541,4294,3,6,3,9,9,9,9,9,0,1,287.449,42,814.1
2542,4295,1,4,2,5,5,5,5,5,0,1,287.098,42,157.762
2543,4295,2,4,2,5,5,5,5,5,0,1,287.598,41,144.56
2544,4295,3,4,2,5,5,5,5,5,0,1,286.719,41,147.25
2545,4296,1,9,4,15,15,15,15,15,0,1,287.028,41,14556.6
2546,4296,2,9,4,15,15,15,15,15,0,1,286.614,42,14311.6
2547,4296,3,9,4,15,15,15,15,15,0,1,286.971,42,14575.6
2548,4297,1,5,2,6,6,6,6,6,0,1,287.038,41,150.69
2549,4297,2,5,2,6,6,6,6,6,0,1,286.989,42,152.21
2550,4297,3,5,2,6,6,6,6,6,0,1,287.054,42,152.299
2551,4298,1,7,3,12,12,12,12,12,0,1,286.731,42,582.921
2552,4298,2,7,3,12,12,12,12,12,0,1,286.382,41,584.0
2553,4298,3,7,3,12,12,12,12,12,0,1,287.2,42,585.171
2554,4299,1,7,1,22,22,22,22,22,0,1,287.17,42,161.161
2555,4299,2,7,1,22,22,22,22,22,0,1,286.939,41,146.926
2556,4299,3,7,1,22,22,22,22,22,0,1,286.804,41,147.352
2557,4300,1,7,2,10,10,10,10,10,0,1,286.398,42,463.735
2558,4300,2,7,2,10,10,10,10,10,0,1,286.748,42,466.438
2559,4300,3,7,2,10,10,10,10,10,0,1,287.999,42,464.733
2560,4301,1,4,1,6,6,6,6,6,0,1,286.732,42,192.323
2561,4301,2,4,1,6,6,6,6,6,0,1,288.433,42,197.769
2562,4301,3,4,1,6,6,6,6,6,0,1,288.125,42,193.615
2563,4302,1,6,2,8,8,8,8,8,1,1,287.057,41,153.217
2564,4302,2,6,2,8,8,8,8,8,1,1,288.588,41,152.812
2565,4302,3,6,2,8,8,8,8,8,1,1,286.658,42,151.812
2566,4303,1,7,2,44,44,44,44,44,0,1,286.568,41,148.92
2567,4303,2,7,2,44,44,44,44,44,0,1,286.94,42,150.466
2568,4303,3,7,2,44,44,44,44,44,0,1,287.015,42,149.858
2569,4304,1,6,1,24,24,24,24,24,0,1,286.728,42,163.739
2570,4304,2,6,1,24,24,24,24,24,0,1,286.43,42,147.99
2571,4304,3,6,1,24,24,24,24,24,0,1,286.541,42,148.149
2572,4305,1,6,2,27,27,27,27,27,0,1,287.154,42,148.792
2573,4305,2,6,2,27,27,27,27,27,0,1,286.678,42,149.46
2574,4305,3,6,2,27,27,27,27,27,0,1,286.614,42,147.398
2575,4306,1,5,1,4,4,4,4,4,1,1,286.501,41,564.36
2576,4306,2,5,1,4,4,4,4,4,1,1,286.752,42,561.036
2577,4306,3,5,1,4,4,4,4,4,1,1,288.49,41,566.416
2578,4307,1,5,1,9,9,9,9,9,0,1,287.045,42,153.345
2579,4307,2,5,1,9,9,9,9,9,0,1,286.582,42,155.289
2580,4307,3,5,1,9,9,9,9,9,0,1,286.815,41,152.527
2581,4308,1,5,2,6,6,6,6,6,0,1,287.087,42,169.952
2582,4308,2,5,2,6,6,6,6,6,0,1,286.619,42,168.452
2583,4308,3,5,2,6,6,6,6,6,0,1,287.448,41,167.987
2584,4309,1,4,1,5,5,5,5,5,0,1,288.11,41,169.695
2585,4309,2,4,1,5,5,5,5,5,0,1,286.366,42,154.365
2586,4309,3,4,1,5,5,5,5,5,0,1,287.855,42,151.956
2587,4310,1,4,2,5,5,5,5,5,0,1,286.882,42,204.949
2588,4310,2,4,2,5,5,5,5,5,0,1,286.757,41,206.217
2589,4310,3,4,2,5,5,5,5,5,0,1,286.866,42,210.375
2590,4311,1,7,2,14,14,14,14,14,0,1,286.827,42,707.826
2591,4311,2,7,2,14,14,14,14,14,0,1,287.036,42,717.141
2592,4311,3,7,2,14,14,14,14,14,0,1,287.129,42,713.071
2593,4312,1,5,2,7,7,7,7,7,0,1,287.1,42,187.291
2594,4312,2,5,2,7,7,7,7,7,0,1,286.858,42,185.351
2595,4312,3,5,2,7,7,7,7,7,0,1,286.898,41,186.668
2596,4313,1,6,3,6,6,6,6,6,1,1,286.906,41,149.884
2597,4313,2,6,3,6,6,6,6,6,1,1,286.916,41,152.454
2598,4313,3,6,3,6,6,6,6,6,1,1,286.465,42,152.369
2599,4314,1,5,2,7,7,7,7,7,0,1,287.088,42,345.608
2600,4314,2,5,2,7,7,7,7,7,0,1,286.813,42,334.519
2601,4314,3,5,2,7,7,7,7,7,0,1,286.963,42,328.902
2602,4315,1,7,3,7,7,7,7,7,1,1,287.292,41,160.954
2603,4315,2,6,2,7,7,7,7,7,1,1,286.693,42,151.25
2604,4315,3,7,3,7,7,7,7,7,1,1,287.37,41,159.873
2605,4316,1,5,2,9,9,9,9,9,0,1,286.495,42,284.12
2606,4316,2,5,2,9,9,9,9,9,0,1,287.616,42,281.21
2607,4316,3,5,2,9,9,9,9,9,0,1,286.758,41,283.613
2608,4317,1,8,2,37,37,37,37,37,0,1,286.63,41,153.283
2609,4317,2,8,2,37,37,37,37,37,0,1,286.682,42,157.376
2610,4317,3,8,2,37,37,37,37,37,0,1,286.632,41,154.762
2611,4318,1,5,2,2,2,2,2,2,1,1,286.919,42,265.159
2612,4318,2,5,2,2,2,2,2,2,1,1,286.737,42,264.874
2613,4318,3,5,2,2,2,2,2,2,1,1,286.737,41,263.575
2614,4319,1,9,4,9,9,9,9,9,0,1,286.809,41,15548.8
2615,4319,2,9,4,9,9,9,9,9,0,1,286.663,41,15370.4
2616,4319,3,9,4,9,9,9,9,9,0,1,286.432,42,15720.0
2617,4320,1,7,4,5,5,5,5,5,2,1,286.63,41,162.353
2618,4320,2,7,4,5,5,5,5,5,2,1,287.178,42,177.509
2619,4320,3,7,4,5,5,5,5,5,2,1,286.687,42,161.727
2620,4321,1,7,2,8,8,8,8,8,0,1,286.622,42,243.502
2621,4321,2,7,2,8,8,8,8,8,0,1,286.322,42,240.972
2622,4321,3,7,2,8,8,8,8,8,0,1,286.709,42,241.672
2623,4322,1,7,3,8,8,8,8,8,0,1,286.711,42,311.527
2624,4322,2,7,3,8,8,8,8,8,0,1,286.9,41,310.104
2625,4322,3,7,3,8,8,8,8,8,0,1,287.091,41,312.411
2626,4323,1,7,3,8,8,8,8,8,0,1,286.394,41,295.461
2627,4323,2,7,3,8,8,8,8,8,0,1,286.839,42,295.599
2628,4323,3,7,3,8,8,8,8,8,0,1,286.729,42,298.425
2629,4324,1,7,1,22,22,22,22,22,0,1,286.549,42,153.212
2630,4324,2,7,1,22,22,22,22,22,0,1,286.649,41,154.006
2631,4324,3,7,1,22,22,22,22,22,0,1,287.035,42,154.253
2632,4325,1,4,2,5,5,5,5,5,0,1,286.327,42,158.235
2633,4325,2,4,2,5,5,5,5,5,0,1,286.486,42,170.75
2634,4325,3,4,2,5,5,5,5,5,0,1,286.701,41,153.594
2635,4326,1,6,2,4,4,4,4,4,1,1,287.02,42,204.149
2636,4326,2,6,2,4,4,4,4,4,1,1,286.075,41,202.873
2637,4326,3,6,2,4,4,4,4,4,1,1,287.115,42,204.296
2638,4327,1,7,2,27,27,27,27,27,0,1,286.681,42,155.884
2639,4327,2,7,2,27,27,27,27,27,0,1,286.959,42,156.239
2640,4327,3,7,2,27,27,27,27,27,0,1,286.657,42,157.213
2641,4328,1,7,3,17,17,17,17,17,0,1,286.879,42,791.266
2642,4328,2,7,3,17,17,17,17,17,0,1,286.746,42,798.477
2643,4328,3,7,3,17,17,17,17,17,0,1,286.704,42,786.286
2644,4329,1,5,2,3,3,3,3,3,1,1,286.757,42,256.007
2645,4329,2,5,2,3,3,3,3,3,1,1,286.905,42,255.476
2646,4329,3,5,2,3,3,3,3,3,1,1,289.205,41,258.769
2647,4330,1,9,3,10,10,10,10,10,0,1,286.777,42,10556.6
2648,4330,2,9,3,10,10,10,10,10,0,1,286.997,42,10501.3
2649,4330,3,9,3,10,10,10,10,10,0,1,286.841,42,10665.3
2650,4331,1,4,2,4,4,4,4,4,0,1,286.672,41,154.968
2651,4331,2,4,2,4,4,4,4,4,0,1,286.879,42,153.476
2652,4331,3,4,2,4,4,4,4,4,0,1,287.437,42,154.594
2653,4332,1,5,2,4,4,4,4,4,1,1,286.781,41,147.691
2654,4332,2,5,2,4,4,4,4,4,1,1,287.526,42,147.704
2655,4332,3,5,2,4,4,4,4,4,1,1,288.326,42,147.698
2656,4333,1,7,2,6,6,6,6,6,1,1,286.849,42,7956.04
2657,4333,2,7,2,6,6,6,6,6,1,1,286.802,42,7999.29
2658,4333,3,7,2,6,6,6,6,6,1,1,287.218,41,8073.66
2659,4334,1,3,1,1,1,1,1,1,1,1,286.776,42,149.834
2660,4334,2,3,1,1,1,1,1,1,1,1,286.678,42,148.104
2661,4334,3,3,1,1,1,1,1,1,1,1,286.336,42,148.147
2662,4335,1,7,2,15,15,15,15,15,0,1,285.588,42,1525.05
2663,4335,2,7,2,15,15,15,15,15,0,1,286.522,42,1538.66
2664,4335,3,7,2,15,15,15,15,15,0,1,286.493,42,1549.13
2665,4336,1,5,1,4,4,4,4,4,1,1,287.093,42,579.306
2666,4336,2,5,1,4,4,4,4,4,1,1,286.542,42,581.85
2667,4336,3,5,1,4,4,4,4,4,1,1,287.082,42,592.585
2668,4337,1,4,1,5,5,5,5,5,0,1,286.729,41,152.138
2669,4337,2,4,1,5,5,5,5,5,0,1,287.356,41,159.749
2670,4337,3,4,1,5,5,5,5,5,0,1,286.931,42,153.159
2671,4338,1,5,2,2,2,2,2,2,1,1,286.91,42,254.332
2672,4338,2,5,2,2,2,2,2,2,1,1,286.47,42,441.55
2673,4338,3,5,2,2,2,2,2,2,1,1,286.968,41,358.53
2674,4339,1,7,3,18,18,18,18,18,0,1,287.003,42,1964.23
2675,4339,2,7,3,18,18,18,18,18,0,1,286.404,42,1949.87
2676,4339,3,7,3,18,18,18,18,18,0,1,286.804,41,1951.09
2677,4340,1,3,1,4,4,4,4,4,0,1,286.977,41,157.254
2678,4340,2,3,1,4,4,4,4,4,0,1,285.37,42,150.108
2679,4340,3,3,1,4,4,4,4,4,0,1,287.183,41,148.853
2680,4341,1,8,4,7,7,7,7,7,2,1,286.694,42,188.338
2681,4341,2,8,4,7,7,7,7,7,2,1,286.79,42,206.761
2682,4341,3,8,4,7,7,7,7,7,2,1,286.601,41,189.434
2683,4342,1,,,,,,,,,,,,
2684,4342,2,,,,,,,,,,,,
2685,4342,3,,,,,,,,,,,,
2686,4343,1,7,2,7,7,7,7,7,1,1,287.024,42,9543.45
2687,4343,2,7,2,7,7,7,7,7,1,1,286.632,42,9616.68
2688,4343,3,7,2,7,7,7,7,7,1,1,286.893,42,9438.04
2689,4344,1,8,2,11,11,11,11,11,2,1,286.693,42,189.674
2690,4344,2,8,2,11,11,11,11,11,2,1,287.01,42,189.532
2691,4344,3,8,2,11,11,11,11,11,2,1,286.823,42,187.854
2692,4345,1,2,2,1,1,1,1,1,0,1,288.187,42,168.16
2693,4345,2,2,2,1,1,1,1,1,0,1,286.626,41,158.127
2694,4345,3,2,2,1,1,1,1,1,0,1,286.827,42,156.477
2695,4346,1,4,1,3,3,3,3,3,1,1,287.13,42,291.587
2696,4346,2,4,1,3,3,3,3,3,1,1,287.359,41,418.962
2697,4346,3,4,1,3,3,3,3,3,1,1,287.009,42,407.068
2698,4347,1,4,1,3,3,3,3,3,1,1,286.851,41,159.183
2699,4347,2,6,2,3,3,3,3,3,1,1,286.779,41,189.509
2700,4347,3,6,2,3,3,3,3,3,1,1,286.703,41,190.871
2701,4348,1,5,2,3,3,3,3,3,1,1,286.784,41,268.491
2702,4348,2,5,2,3,3,3,3,3,1,1,287.102,42,265.813
2703,4348,3,5,2,3,3,3,3,3,1,1,286.973,41,265.523
2704,4349,1,5,2,13,13,13,13,13,0,1,286.657,42,174.634
2705,4349,2,5,2,13,13,13,13,13,0,1,287.153,42,172.352
2706,4349,3,5,2,13,13,13,13,13,0,1,286.754,42,174.866
2707,4350,1,5,3,4,4,4,4,4,0,1,287.871,42,633.571
2708,4350,2,5,3,4,4,4,4,4,0,1,286.862,42,630.175
2709,4350,3,5,3,4,4,4,4,4,0,1,287.122,42,616.169
2710,4351,1,3,1,3,3,3,3,3,0,1,286.867,42,196.796
2711,4351,2,3,1,3,3,3,3,3,0,1,288.217,42,333.674
2712,4351,3,3,1,3,3,3,3,3,0,1,287.974,42,198.157
2713,4352,1,8,2,13,13,13,13,13,0,1,287.354,42,12922.0
2714,4352,2,8,2,13,13,13,13,13,0,1,286.777,42,13102.5
2715,4352,3,8,2,13,13,13,13,13,0,1,287.75,42,12865.1
2716,4353,1,4,2,7,7,7,7,7,0,1,286.813,42,339.744
2717,4353,2,4,2,7,7,7,7,7,0,1,287.398,42,320.757
2718,4353,3,4,2,7,7,7,7,7,0,1,286.919,42,314.945
2719,4354,1,6,3,11,11,11,11,11,0,1,287.392,42,201.304
2720,4354,2,6,3,11,11,11,11,11,0,1,287.383,42,206.876
2721,4354,3,6,3,11,11,11,11,11,0,1,287.184,42,202.399
2722,4355,1,12,4,9,9,9,9,9,1,1,286.674,42,16506.8
2723,4355,2,12,4,9,9,9,9,9,1,1,286.854,41,16487.4
2724,4355,3,12,4,9,9,9,9,9,1,1,287.393,42,16687.0
2725,4356,1,7,2,4,4,4,4,4,1,1,287.556,42,11435.5
2726,4356,2,7,2,4,4,4,4,4,1,1,286.865,42,11663.2
2727,4356,3,7,2,4,4,4,4,4,1,1,286.973,41,11608.3
2728,4357,1,5,2,9,9,9,9,9,0,1,287.689,42,217.899
2729,4357,2,5,2,9,9,9,9,9,0,1,287.482,41,204.764
2730,4357,3,5,2,9,9,9,9,9,0,1,287.268,42,204.143
2731,4358,1,4,1,6,6,6,6,6,0,1,286.629,42,175.306
2732,4358,2,4,1,6,6,6,6,6,0,1,286.972,42,179.675
2733,4358,3,4,1,6,6,6,6,6,0,1,287.355,42,174.201
2734,4359,1,6,2,4,4,4,4,4,1,1,287.437,41,150.94
2735,4359,2,6,2,4,4,4,4,4,1,1,287.488,42,151.54
2736,4359,3,6,2,4,4,4,4,4,1,1,287.757,42,150.77
2737,4360,1,7,2,10,10,10,10,10,0,1,287.005,42,476.607
2738,4360,2,7,2,10,10,10,10,10,0,1,286.811,42,474.599
2739,4360,3,7,2,10,10,10,10,10,0,1,287.128,42,464.201
2740,4361,1,5,1,9,9,9,9,9,0,1,286.918,41,179.12
2741,4361,2,5,1,9,9,9,9,9,0,1,286.952,42,177.645
2742,4361,3,5,1,9,9,9,9,9,0,1,287.002,41,177.13
2743,4362,1,7,3,11,11,11,11,11,0,1,286.706,42,597.098
2744,4362,2,7,3,11,11,11,11,11,0,1,287.116,41,582.138
2745,4362,3,7,3,11,11,11,11,11,0,1,286.962,42,582.475
2746,4363,1,4,3,2,2,2,2,2,1,1,286.928,41,144.781
2747,4363,2,4,3,2,2,2,2,2,1,1,287.504,42,143.31
2748,4363,3,4,3,2,2,2,2,2,1,1,287.053,42,145.042
2749,4364,1,6,2,7,7,7,7,7,1,1,286.27,41,162.045
2750,4364,2,6,2,7,7,7,7,7,1,1,287.043,42,160.829
2751,4364,3,6,2,7,7,7,7,7,1,1,287.01,42,160.609
2752,4365,1,4,2,2,2,2,2,2,1,1,286.815,42,144.997
2753,4365,2,4,2,2,2,2,2,2,1,1,287.682,42,144.692
2754,4365,3,4,2,2,2,2,2,2,1,1,286.771,42,147.046
2755,4366,1,10,3,10,10,10,10,10,2,1,286.75,41,450.118
2756,4366,2,10,3,10,10,10,10,10,2,1,287.332,42,456.708
2757,4366,3,10,3,10,10,10,10,10,2,1,287.341,41,454.083
2758,4367,1,7,1,25,25,25,25,25,0,1,286.881,41,175.839
2759,4367,2,7,1,25,25,25,25,25,0,1,287.593,41,154.616
2760,4367,3,7,1,25,25,25,25,25,0,1,287.041,42,155.699
2761,4368,1,8,2,26,26,26,26,26,0,1,287.163,42,153.231
2762,4368,2,8,2,26,26,26,26,26,0,1,287.439,42,155.181
2763,4368,3,8,2,26,26,26,26,26,0,1,287.455,41,156.02
2764,4369,1,5,2,4,4,4,4,4,0,1,287.519,41,227.718
2765,4369,2,5,2,4,4,4,4,4,0,1,288.686,41,224.115
2766,4369,3,5,2,4,4,4,4,4,0,1,287.324,42,223.286
2767,4370,1,10,4,7,7,7,7,7,1,1,287.22,42,795.017
2768,4370,2,10,4,7,7,7,7,7,1,1,287.566,42,815.489
2769,4370,3,10,4,7,7,7,7,7,1,1,287.336,42,810.654
2770,4371,1,8,2,5,5,5,5,5,1,1,287.425,42,191.04
2771,4371,2,8,2,5,5,5,5,5,1,1,286.917,42,191.944
2772,4371,3,8,2,5,5,5,5,5,1,1,286.883,41,191.666
2773,4372,1,5,2,2,2,2,2,2,1,1,287.408,41,588.658
2774,4372,2,5,2,2,2,2,2,2,1,1,287.281,41,580.14
2775,4372,3,5,2,2,2,2,2,2,1,1,286.73,41,587.439
2776,4373,1,6,2,23,23,23,23,23,0,1,286.668,42,159.03
2777,4373,2,6,2,23,23,23,23,23,0,1,286.774,42,158.21
2778,4373,3,6,2,23,23,23,23,23,0,1,286.706,42,161.063
2779,4374,1,4,2,4,4,4,4,4,0,1,287.303,41,164.607
2780,4374,2,4,2,4,4,4,4,4,0,1,287.178,42,170.331
2781,4374,3,4,2,4,4,4,4,4,0,1,286.84,42,165.245
2782,4375,1,9,4,10,10,10,10,10,0,1,287.204,42,2689.36
2783,4375,2,9,4,10,10,10,10,10,0,1,287.438,41,2612.15
2784,4375,3,9,4,10,10,10,10,10,0,1,286.624,42,2641.22
2785,4376,1,7,2,4,4,4,4,4,2,1,287.392,42,157.768
2786,4376,2,7,2,4,4,4,4,4,2,1,287.72,41,176.3
2787,4376,3,7,2,4,4,4,4,4,2,1,286.703,41,156.645
2788,4377,1,6,2,9,9,9,9,9,0,1,287.326,42,218.458
2789,4377,2,6,2,9,9,9,9,9,0,1,287.272,42,215.428
2790,4377,3,6,2,9,9,9,9,9,0,1,286.802,41,216.709
2791,4378,1,5,3,3,3,3,3,3,1,1,287.64,42,149.53
2792,4378,2,5,3,3,3,3,3,3,1,1,287.327,42,146.236
2793,4378,3,5,3,3,3,3,3,3,1,1,286.875,42,146.402
2794,4379,1,7,2,40,40,40,40,40,0,1,286.765,42,159.384
2795,4379,2,7,2,40,40,40,40,40,0,1,286.643,42,160.237
2796,4379,3,7,2,40,40,40,40,40,0,1,287.283,42,159.328
2797,4380,1,6,2,8,8,8,8,8,0,1,287.819,42,194.23
2798,4380,2,6,2,8,8,8,8,8,0,1,287.636,42,194.064
2799,4380,3,6,2,8,8,8,8,8,0,1,288.682,42,193.221
2800,4381,1,7,2,25,25,25,25,25,0,1,287.419,42,156.4
2801,4381,2,7,2,25,25,25,25,25,0,1,287.046,42,172.673
2802,4381,3,7,2,25,25,25,25,25,0,1,286.737,42,156.68
2803,4382,1,5,1,21,21,21,21,21,0,1,286.765,42,145.756
2804,4382,2,5,1,21,21,21,21,21,0,1,286.954,42,145.59
2805,4382,3,5,1,21,21,21,21,21,0,1,286.76,42,147.341
2806,4383,1,7,2,23,23,23,23,23,0,1,286.769,41,148.667
2807,4383,2,7,2,23,23,23,23,23,0,1,287.116,42,147.957
2808,4383,3,7,2,23,23,23,23,23,0,1,287.796,42,149.341
2809,4384,1,3,1,3,3,3,3,3,0,1,287.314,42,153.157
2810,4384,2,3,1,3,3,3,3,3,0,1,287.618,41,148.134
2811,4384,3,3,1,3,3,3,3,3,0,1,287.359,42,147.713
2812,4385,1,7,3,10,10,10,10,10,1,1,286.645,41,271.471
2813,4385,2,7,3,10,10,10,10,10,1,1,287.494,41,274.033
2814,4385,3,7,3,10,10,10,10,10,1,1,286.875,42,271.893
2815,4386,1,4,1,3,3,3,3,3,1,1,287.528,42,169.599
2816,4386,2,4,1,3,3,3,3,3,1,1,286.784,42,184.301
2817,4386,3,4,1,3,3,3,3,3,1,1,287.038,42,166.011
2818,4387,1,5,2,4,4,4,4,4,0,1,286.665,42,680.7
2819,4387,2,5,2,4,4,4,4,4,0,1,287.613,42,682.993
2820,4387,3,5,2,4,4,4,4,4,0,1,287.507,42,672.349
2821,4388,1,8,3,8,8,8,8,8,0,1,287.323,42,12698.7
2822,4388,2,8,3,8,8,8,8,8,0,1,286.648,42,12730.9
2823,4388,3,8,3,8,8,8,8,8,0,1,286.586,42,12411.7
2824,4389,1,8,3,4,4,4,4,4,1,1,287.603,42,708.648
2825,4389,2,8,3,4,4,4,4,4,1,1,287.43,42,666.157
2826,4389,3,8,3,4,4,4,4,4,1,1,287.32,41,664.88
2827,4390,1,7,2,10,10,10,10,10,0,1,287.579,42,488.907
2828,4390,2,7,2,10,10,10,10,10,0,1,286.954,42,480.275
2829,4390,3,7,2,10,10,10,10,10,0,1,286.703,42,486.203
2830,4391,1,9,2,35,35,35,35,35,0,1,286.839,41,341.45
2831,4391,2,9,2,35,35,35,35,35,0,1,286.812,42,218.588
2832,4391,3,9,2,35,35,35,35,35,0,1,287.228,42,218.709
2833,4392,1,9,3,10,10,10,10,10,0,1,286.82,41,7327.58
2834,4392,2,9,3,10,10,10,10,10,0,1,287.777,41,7418.28
2835,4392,3,9,3,10,10,10,10,10,0,1,287.078,42,7438.34
2836,4393,1,5,2,7,7,7,7,7,0,1,286.52,41,189.384
2837,4393,2,5,2,7,7,7,7,7,0,1,286.787,42,191.439
2838,4393,3,5,2,7,7,7,7,7,0,1,287.184,42,188.634
2839,4394,1,9,3,12,12,12,12,12,0,1,286.333,42,7015.24
2840,4394,2,9,3,12,12,12,12,12,0,1,286.743,41,7027.91
2841,4394,3,9,3,12,12,12,12,12,0,1,286.335,42,6949.95
2842,4395,1,3,1,3,3,3,3,3,0,1,287.97,41,157.574
2843,4395,2,3,1,3,3,3,3,3,0,1,287.533,42,172.943
2844,4395,3,3,1,3,3,3,3,3,0,1,287.494,42,158.311
2845,4396,1,5,1,4,4,4,4,4,3,1,286.696,41,526.216
2846,4396,2,5,1,4,4,4,4,4,3,1,287.366,41,536.29
2847,4396,3,5,1,4,4,4,4,4,3,1,287.581,42,517.366
2848,4397,1,5,2,9,9,9,9,9,0,1,286.692,41,694.661
2849,4397,2,5,2,9,9,9,9,9,0,1,287.073,42,681.017
2850,4397,3,5,2,9,9,9,9,9,0,1,286.835,42,783.684
2851,4398,1,7,2,7,7,7,7,7,4,1,286.19,42,1569.67
2852,4398,2,7,2,7,7,7,7,7,4,1,287.098,42,1559.03
2853,4398,3,7,2,7,7,7,7,7,4,1,286.839,42,1586.76
2854,4399,1,6,2,3,3,3,3,3,1,1,288.417,42,248.539
2855,4399,2,6,2,3,3,3,3,3,1,1,286.718,42,267.627
2856,4399,3,6,2,3,3,3,3,3,1,1,287.651,42,269.708
2857,4400,1,7,2,37,37,37,37,37,0,1,287.322,42,160.758
2858,4400,2,7,2,37,37,37,37,37,0,1,287.442,42,163.591
2859,4400,3,7,2,37,37,37,37,37,0,1,287.523,42,157.958
2860,4401,1,6,2,4,4,4,4,4,1,1,287.386,41,660.921
2861,4401,2,6,2,4,4,4,4,4,1,1,286.405,42,640.117
2862,4401,3,6,2,4,4,4,4,4,1,1,286.65,42,645.612
2863,4402,1,4,1,9,9,9,9,9,0,1,286.471,42,303.965
2864,4402,2,4,1,9,9,9,9,9,0,1,287.674,41,149.418
2865,4402,3,4,1,9,9,9,9,9,0,1,286.306,42,148.381
2866,4403,1,9,4,8,8,8,8,8,3,1,286.877,41,267.627
2867,4403,2,9,4,8,8,8,8,8,3,1,286.924,42,268.202
2868,4403,3,9,4,8,8,8,8,8,3,1,286.918,41,269.768
2869,4404,1,5,3,8,8,8,8,8,0,1,287.13,41,743.088
2870,4404,2,5,3,8,8,8,8,8,0,1,286.973,41,744.643
2871,4404,3,5,3,8,8,8,8,8,0,1,287.493,42,771.368
2872,4405,1,4,2,5,5,5,5,5,0,1,287.492,42,148.246
2873,4405,2,4,2,5,5,5,5,5,0,1,287.432,41,149.105
2874,4405,3,4,2,5,5,5,5,5,0,1,287.44,42,149.57
2875,4406,1,4,1,6,6,6,6,6,0,1,286.685,41,295.386
2876,4406,2,4,1,6,6,6,6,6,0,1,287.588,42,291.942
2877,4406,3,4,1,6,6,6,6,6,0,1,287.022,42,382.501
2878,4407,1,8,3,12,12,12,12,12,0,1,287.677,42,911.302
2879,4407,2,8,3,12,12,12,12,12,0,1,287.049,42,925.708
2880,4407,3,8,3,12,12,12,12,12,0,1,287.644,42,907.897
2881,4408,1,3,1,3,3,3,3,3,0,1,286.754,41,147.695
2882,4408,2,3,1,3,3,3,3,3,0,1,287.768,42,147.861
2883,4408,3,3,1,3,3,3,3,3,0,1,286.787,41,147.241
2884,4409,1,6,2,5,5,5,5,5,1,1,287.539,41,150.794
2885,4409,2,6,2,5,5,5,5,5,1,1,287.688,42,165.289
2886,4409,3,6,2,5,5,5,5,5,1,1,286.783,42,149.955
2887,4410,1,5,3,7,7,7,7,7,0,1,287.178,42,191.598
2888,4410,2,5,3,7,7,7,7,7,0,1,286.592,42,193.266
2889,4410,3,5,3,7,7,7,7,7,0,1,286.931,42,196.485
2890,4411,1,6,2,7,7,7,7,7,0,1,288.317,42,290.021
2891,4411,2,6,2,7,7,7,7,7,0,1,286.887,42,288.886
2892,4411,3,6,2,7,7,7,7,7,0,1,287.168,42,285.507
2893,4412,1,6,2,17,17,17,17,17,0,1,287.051,42,176.188
2894,4412,2,6,2,17,17,17,17,17,0,1,287.492,42,171.73
2895,4412,3,6,2,17,17,17,17,17,0,1,287.449,41,173.229
2896,4413,1,6,2,26,26,26,26,26,0,1,287.394,41,152.264
2897,4413,2,6,2,26,26,26,26,26,0,1,286.973,42,149.201
2898,4413,3,6,2,26,26,26,26,26,0,1,286.889,42,149.308
2899,4414,1,5,1,5,5,5,5,5,3,1,286.793,42,150.46
2900,4414,2,5,1,5,5,5,5,5,3,1,286.92,42,165.074
2901,4414,3,5,1,5,5,5,5,5,3,1,287.853,42,156.845
2902,4415,1,6,2,4,4,4,4,4,1,1,286.715,42,153.81
2903,4415,2,5,1,4,4,4,4,4,1,1,287.569,42,148.54
2904,4415,3,5,1,4,4,4,4,4,1,1,286.858,41,148.746
2905,4416,1,6,2,8,8,8,8,8,0,1,286.754,41,163.862
2906,4416,2,6,2,8,8,8,8,8,0,1,287.061,41,263.711
2907,4416,3,6,2,8,8,8,8,8,0,1,287.322,42,168.159
2908,4417,1,5,1,4,4,4,4,4,1,1,287.533,41,151.589
2909,4417,2,5,1,4,4,4,4,4,1,1,287.309,41,146.344
2910,4417,3,5,1,4,4,4,4,4,1,1,287.626,42,149.017
2911,4418,1,6,3,5,5,5,5,5,1,1,286.929,42,153.398
2912,4418,2,6,3,5,5,5,5,5,1,1,287.315,41,152.688
2913,4418,3,6,3,5,5,5,5,5,1,1,287.006,42,151.23
2914,4419,1,10,4,15,15,15,15,15,2,1,286.838,42,689.114
2915,4419,2,10,4,15,15,15,15,15,2,1,286.893,41,715.769
2916,4419,3,10,4,15,15,15,15,15,2,1,287.256,42,682.402
2917,4420,1,5,3,6,6,6,6,6,0,1,287.534,41,195.318
2918,4420,2,5,3,6,6,6,6,6,0,1,287.536,42,193.408
2919,4420,3,5,3,6,6,6,6,6,0,1,286.928,42,195.849
2920,4421,1,6,2,5,5,5,5,5,3,1,287.432,42,160.475
2921,4421,2,6,2,5,5,5,5,5,3,1,286.941,41,162.091
2922,4421,3,6,2,5,5,5,5,5,3,1,286.966,42,159.045
2923,4422,1,7,3,10,10,10,10,10,0,1,287.103,41,273.774
2924,4422,2,7,3,10,10,10,10,10,0,1,287.248,41,274.649
2925,4422,3,7,3,10,10,10,10,10,0,1,287.05,42,277.029
2926,4423,1,5,2,15,15,15,15,15,0,1,287.38,42,1583.04
2927,4423,2,5,2,15,15,15,15,15,0,1,287.76,42,1557.91
2928,4423,3,5,2,15,15,15,15,15,0,1,287.332,42,1547.02
2929,4424,1,11,5,23,23,23,23,23,0,1,287.071,42,26553.2
2930,4424,2,11,5,23,23,23,23,23,0,1,287.014,42,26662.1
2931,4424,3,11,5,23,23,23,23,23,0,1,286.655,41,26656.5
2932,4425,1,7,3,9,9,9,9,9,1,1,287.338,42,308.098
2933,4425,2,7,3,9,9,9,9,9,1,1,287.819,42,305.676
2934,4425,3,7,3,9,9,9,9,9,1,1,287.424,41,304.7
2935,4426,1,5,2,5,5,5,5,5,0,1,287.619,42,185.528
2936,4426,2,5,2,5,5,5,5,5,0,1,287.537,42,186.127
2937,4426,3,5,2,5,5,5,5,5,0,1,286.912,41,182.073
2938,4427,1,5,2,6,6,6,6,6,0,1,287.383,41,189.877
2939,4427,2,5,2,6,6,6,6,6,0,1,287.534,41,190.033
2940,4427,3,5,2,6,6,6,6,6,0,1,287.478,42,207.307
2941,4428,1,7,3,9,9,9,9,9,1,1,287.523,41,170.232
2942,4428,2,7,3,9,9,9,9,9,1,1,286.901,41,165.907
2943,4428,3,7,3,9,9,9,9,9,1,1,287.362,42,167.489
2944,4429,1,7,2,9,9,9,9,9,1,1,286.808,41,170.423
2945,4429,2,7,2,9,9,9,9,9,1,1,286.789,42,168.271
2946,4429,3,7,2,9,9,9,9,9,1,1,287.036,42,170.18
2947,4430,1,12,5,7,7,7,7,7,0,1,287.095,42,33718.0
2948,4430,2,12,5,7,7,7,7,7,0,1,286.729,41,34000.7
2949,4430,3,12,5,7,7,7,7,7,0,1,287.309,42,33290.1
2950,4431,1,7,2,9,9,9,9,9,0,1,286.734,41,8436.75
2951,4431,2,7,2,9,9,9,9,9,0,1,286.88,41,8507.48
2952,4431,3,7,2,9,9,9,9,9,0,1,287.42,42,8617.31
2953,4432,1,6,1,22,22,22,22,22,0,1,287.255,41,149.887
2954,4432,2,6,1,22,22,22,22,22,0,1,287.709,42,146.418
2955,4432,3,6,1,22,22,22,22,22,0,1,287.377,41,146.252
2956,4433,1,8,5,13,13,13,13,13,2,1,287.067,41,206.262
2957,4433,2,8,5,13,13,13,13,13,2,1,287.44,42,209.83
2958,4433,3,8,5,13,13,13,13,13,2,1,287.292,41,207.081
2959,4434,1,6,2,3,3,3,3,3,1,1,286.869,41,2515.22
2960,4434,2,6,2,3,3,3,3,3,1,1,287.396,41,2459.42
2961,4434,3,6,2,3,3,3,3,3,1,1,287.061,42,2480.63
2962,4435,1,7,2,5,5,5,5,5,2,1,287.064,41,1562.86
2963,4435,2,7,2,5,5,5,5,5,2,1,287.342,41,1561.83
2964,4435,3,7,2,5,5,5,5,5,2,1,286.791,41,1600.22
2965,4436,1,6,2,3,3,3,3,3,1,1,287.419,42,585.285
2966,4436,2,4,1,3,3,3,3,3,1,1,287.456,42,179.25
2967,4436,3,6,2,3,3,3,3,3,1,1,287.415,41,578.913
2968,4437,1,6,3,6,6,6,6,6,1,1,287.764,41,252.407
2969,4437,2,6,3,6,6,6,6,6,1,1,287.217,42,253.781
2970,4437,3,6,3,6,6,6,6,6,1,1,286.908,42,253.362
2971,4438,1,3,2,2,2,2,2,2,0,1,287.692,42,225.12
2972,4438,2,3,2,2,2,2,2,2,0,1,287.39,42,213.515
2973,4438,3,3,2,2,2,2,2,2,0,1,287.6,41,211.132
2974,4439,1,6,3,4,4,4,4,4,1,1,287.846,41,153.804
2975,4439,2,6,3,4,4,4,4,4,1,1,287.311,41,156.007
2976,4439,3,6,3,4,4,4,4,4,1,1,287.045,41,155.384
2977,4440,1,8,4,7,7,7,7,7,0,1,287.144,42,626.18
2978,4440,2,8,4,7,7,7,7,7,0,1,286.825,42,627.392
2979,4440,3,8,4,7,7,7,7,7,0,1,286.992,42,611.905
2980,4441,1,7,2,32,32,32,32,32,0,1,286.869,42,148.739
2981,4441,2,7,2,32,32,32,32,32,0,1,287.522,42,153.749
2982,4441,3,7,2,32,32,32,32,32,0,1,286.836,42,150.976
2983,4442,1,3,3,3,3,3,3,3,0,1,287.584,42,166.094
2984,4442,2,3,3,3,3,3,3,3,0,1,287.485,42,158.234
2985,4442,3,3,3,3,3,3,3,3,0,1,286.857,42,158.809
2986,4443,1,5,2,6,6,6,6,6,0,1,287.751,42,196.72
2987,4443,2,5,2,6,6,6,6,6,0,1,286.758,42,188.157
2988,4443,3,5,2,6,6,6,6,6,0,1,286.916,41,183.639
2989,4444,1,5,1,4,4,4,4,4,1,1,287.309,42,593.621
2990,4444,2,5,1,4,4,4,4,4,1,1,286.712,42,584.35
2991,4444,3,5,1,4,4,4,4,4,1,1,286.828,42,595.509
2992,4445,1,5,2,3,3,3,3,3,1,1,287.468,42,146.27
2993,4445,2,5,2,3,3,3,3,3,1,1,287.686,42,149.848
2994,4445,3,5,2,3,3,3,3,3,1,1,286.892,42,146.781
2995,4446,1,5,2,8,8,8,8,8,0,1,287.288,42,196.939
2996,4446,2,5,2,8,8,8,8,8,0,1,287.465,41,195.528
2997,4446,3,5,2,8,8,8,8,8,0,1,286.821,42,199.664
2998,4447,1,5,1,5,5,5,5,5,1,1,286.57,41,469.48
2999,4447,2,5,1,5,5,5,5,5,1,1,287.061,41,475.529
3000,4447,3,5,1,5,5,5,5,5,1,1,286.877,42,477.259
3001,4448,1,3,2,3,3,3,3,3,0,1,288.726,42,155.004
3002,4448,2,3,2,3,3,3,3,3,0,1,287.205,42,143.774
3003,4448,3,3,2,3,3,3,3,3,0,1,286.706,42,142.588
3004,4449,1,10,4,12,12,12,12,12,3,1,286.762,42,538.112
3005,4449,2,10,4,12,12,12,12,12,3,1,287.512,42,537.218
3006,4449,3,10,4,12,12,12,12,12,3,1,287.96,42,542.762
3007,4450,1,6,3,6,6,6,6,6,1,1,287.118,42,162.038
3008,4450,2,6,3,6,6,6,6,6,1,1,287.549,42,162.455
3009,4450,3,6,3,6,6,6,6,6,1,1,287.433,41,166.692
3010,4451,1,6,1,4,4,4,4,4,1,1,287.342,42,2664.24
3011,4451,2,6,1,4,4,4,4,4,1,1,287.469,41,2689.35
3012,4451,3,6,1,4,4,4,4,4,1,1,287.37,42,2653.42
3013,4452,1,7,1,29,29,29,29,29,0,1,287.665,41,150.382
3014,4452,2,7,1,29,29,29,29,29,0,1,287.337,42,172.198
3015,4452,3,7,1,29,29,29,29,29,0,1,287.442,41,148.911
3016,4453,1,7,2,23,23,23,23,23,0,1,286.721,42,155.42
3017,4453,2,7,2,23,23,23,23,23,0,1,287.567,42,156.178
3018,4453,3,7,2,23,23,23,23,23,0,1,286.812,42,156.346
3019,4454,1,5,2,7,7,7,7,7,0,1,287.446,42,277.193
3020,4454,2,5,2,7,7,7,7,7,0,1,287.387,42,279.401
3021,4454,3,5,2,7,7,7,7,7,0,1,287.209,41,281.201
3022,4455,1,5,2,6,6,6,6,6,0,1,287.603,41,200.14
3023,4455,2,5,2,6,6,6,6,6,0,1,287.587,42,199.624
3024,4455,3,5,2,6,6,6,6,6,0,1,287.073,42,200.128
3025,4456,1,6,2,25,25,25,25,25,0,1,287.228,41,147.391
3026,4456,2,6,2,25,25,25,25,25,0,1,287.303,42,146.771
3027,4456,3,6,2,25,25,25,25,25,0,1,287.558,42,147.35
3028,4457,1,6,3,11,11,11,11,11,0,1,286.874,41,284.576
3029,4457,2,6,3,11,11,11,11,11,0,1,286.934,42,300.279
3030,4457,3,6,3,11,11,11,11,11,0,1,287.364,42,285.421
3031,4458,1,4,1,3,3,3,3,3,1,1,286.922,42,143.417
3032,4458,2,4,1,3,3,3,3,3,1,1,286.834,42,144.72
3033,4458,3,4,1,3,3,3,3,3,1,1,287.646,41,141.553
3034,4459,1,8,4,15,15,15,15,15,0,1,286.756,42,619.046
3035,4459,2,8,4,15,15,15,15,15,0,1,287.553,41,616.67
3036,4459,3,8,4,15,15,15,15,15,0,1,287.547,41,624.465
3037,4460,1,8,3,15,15,15,15,15,2,1,287.402,42,188.961
3038,4460,2,8,3,15,15,15,15,15,2,1,287.405,41,259.755
3039,4460,3,8,3,15,15,15,15,15,2,1,287.034,42,265.819
3040,4461,1,5,1,5,5,5,5,5,1,1,286.852,42,146.932
3041,4461,2,5,1,5,5,5,5,5,1,1,286.91,41,144.768
3042,4461,3,5,1,4,4,4,4,4,1,1,286.82,42,142.873
3043,4462,1,3,1,5,5,5,5,5,0,1,287.623,42,149.081
3044,4462,2,3,1,5,5,5,5,5,0,1,286.658,42,162.39
3045,4462,3,3,1,5,5,5,5,5,0,1,286.915,42,147.205
3046,4463,1,10,4,8,8,8,8,8,1,1,287.343,42,1130.04
3047,4463,2,10,4,8,8,8,8,8,1,1,286.731,42,1144.18
3048,4463,3,10,4,8,8,8,8,8,1,1,287.089,41,1136.5
3049,4464,1,4,2,10,10,10,10,10,0,1,286.665,41,159.938
3050,4464,2,4,2,10,10,10,10,10,0,1,286.68,42,158.475
3051,4464,3,4,2,10,10,10,10,10,0,1,286.305,42,159.182
3052,4465,1,7,3,8,8,8,8,8,0,1,286.471,41,494.885
3053,4465,2,7,3,8,8,8,8,8,0,1,287.009,41,493.049
3054,4465,3,7,3,8,8,8,8,8,0,1,286.895,41,493.108
3055,4466,1,6,2,7,7,7,7,7,0,1,287.107,42,186.658
3056,4466,2,6,2,7,7,7,7,7,0,1,286.749,42,187.618
3057,4466,3,6,2,7,7,7,7,7,0,1,286.453,41,187.901
3058,4467,1,7,1,25,25,25,25,25,0,1,287.141,41,161.531
3059,4467,2,7,1,25,25,25,25,25,0,1,286.653,41,147.078
3060,4467,3,7,1,25,25,25,25,25,0,1,286.448,42,149.157
3061,4468,1,3,1,4,4,4,4,4,0,1,287.031,42,239.268
3062,4468,2,3,1,4,4,4,4,4,0,1,287.176,41,238.432
3063,4468,3,3,1,4,4,4,4,4,0,1,287.082,42,240.314
3064,4469,1,7,2,5,5,5,5,5,2,1,286.932,42,1571.67
3065,4469,2,7,2,5,5,5,5,5,2,1,286.936,42,1562.61
3066,4469,3,7,2,5,5,5,5,5,2,1,287.087,42,1570.21
3067,4470,1,6,2,25,25,25,25,25,0,1,286.72,41,153.308
3068,4470,2,6,2,25,25,25,25,25,0,1,287.251,41,153.55
3069,4470,3,6,2,25,25,25,25,25,0,1,286.591,42,152.977
3070,4471,1,3,1,3,3,3,3,3,0,1,286.243,41,165.218
3071,4471,2,3,1,3,3,3,3,3,0,1,287.039,42,166.885
3072,4471,3,3,1,3,3,3,3,3,0,1,286.422,41,178.58
3073,4472,1,6,2,3,3,3,3,3,1,1,287.321,41,152.437
3074,4472,2,6,2,3,3,3,3,3,1,1,286.402,41,149.256
3075,4472,3,6,2,3,3,3,3,3,1,1,286.835,41,151.314
3076,4473,1,6,1,23,23,23,23,23,0,1,287.047,41,146.496
3077,4473,2,6,1,23,23,23,23,23,0,1,286.974,42,146.962
3078,4473,3,6,1,23,23,23,23,23,0,1,287.106,42,149.397
3079,4474,1,8,3,5,5,5,5,5,1,1,286.592,42,215.575
3080,4474,2,8,3,5,5,5,5,5,1,1,286.641,41,215.964
3081,4474,3,8,3,5,5,5,5,5,1,1,286.346,41,215.492
3082,4475,1,7,3,13,13,13,13,13,0,1,286.68,42,583.372
3083,4475,2,7,3,13,13,13,13,13,0,1,286.907,42,578.077
3084,4475,3,7,3,13,13,13,13,13,0,1,286.9,42,576.501
3085,4476,1,5,2,10,10,10,10,10,0,1,286.936,42,343.638
3086,4476,2,5,2,10,10,10,10,10,0,1,286.766,42,340.21
3087,4476,3,5,2,10,10,10,10,10,0,1,286.919,42,356.143
3088,4477,1,5,2,4,4,4,4,4,1,1,287.185,42,675.761
3089,4477,2,5,2,4,4,4,4,4,1,1,286.551,42,672.41
3090,4477,3,5,2,4,4,4,4,4,1,1,287.522,42,665.856
3091,4478,1,7,4,8,8,8,8,8,0,1,286.625,42,551.012
3092,4478,2,7,4,8,8,8,8,8,0,1,286.771,42,544.581
3093,4478,3,7,4,8,8,8,8,8,0,1,287.313,42,547.09
3094,4479,1,8,2,6,6,6,6,6,2,1,286.944,42,183.51
3095,4479,2,8,2,6,6,6,6,6,2,1,287.259,42,183.481
3096,4479,3,8,2,6,6,6,6,6,2,1,286.938,42,182.209
3097,4480,1,5,1,15,15,15,15,15,0,1,286.421,42,161.048
3098,4480,2,5,1,15,15,15,15,15,0,1,286.97,42,160.34
3099,4480,3,5,1,15,15,15,15,15,0,1,286.395,42,160.552
3100,4481,1,7,3,5,5,5,5,5,1,1,286.627,41,163.226
3101,4481,2,7,3,5,5,5,5,5,1,1,286.447,42,166.37
3102,4481,3,7,3,5,5,5,5,5,1,1,287.053,42,178.672
3103,4482,1,6,2,7,7,7,7,7,1,1,286.722,42,149.741
3104,4482,2,6,2,7,7,7,7,7,1,1,287.572,42,153.112
3105,4482,3,6,2,7,7,7,7,7,1,1,287.442,42,152.167
3106,4483,1,6,1,18,18,18,18,18,0,1,286.908,41,148.772
3107,4483,2,6,1,18,18,18,18,18,0,1,286.885,41,150.901
3108,4483,3,6,1,18,18,18,18,18,0,1,286.778,42,151.434
3109,4484,1,5,2,5,5,5,5,5,0,1,287.187,41,278.879
3110,4484,2,5,2,5,5,5,5,5,0,1,286.963,42,275.416
3111,4484,3,5,2,5,5,5,5,5,0,1,286.529,42,279.883
3112,4485,1,6,2,7,7,7,7,7,1,1,286.659,42,157.59
3113,4485,2,6,2,7,7,7,7,7,1,1,287.42,42,157.853
3114,4485,3,6,2,7,7,7,7,7,1,1,286.768,42,156.748
3115,4486,1,5,2,4,4,4,4,4,1,1,287.246,42,151.594
3116,4486,2,5,2,4,4,4,4,4,1,1,287.588,42,151.215
3117,4486,3,5,2,4,4,4,4,4,1,1,286.894,42,165.349
3118,4487,1,5,1,9,9,9,9,9,0,1,287.052,42,154.803
3119,4487,2,5,1,9,9,9,9,9,0,1,286.886,41,155.245
3120,4487,3,5,1,9,9,9,9,9,0,1,286.795,42,156.969
3121,4488,1,5,3,4,4,4,4,4,1,1,286.329,42,145.85
3122,4488,2,5,3,4,4,4,4,4,1,1,286.915,42,147.48
3123,4488,3,5,3,4,4,4,4,4,1,1,286.752,42,149.187
3124,4489,1,6,2,10,10,10,10,10,0,1,286.867,42,196.3
3125,4489,2,6,2,10,10,10,10,10,0,1,286.365,42,196.104
3126,4489,3,6,2,10,10,10,10,10,0,1,287.238,42,195.501
3127,4490,1,6,3,11,11,11,11,11,0,1,287.854,42,2298.85
3128,4490,2,6,3,11,11,11,11,11,0,1,286.614,42,2310.99
3129,4490,3,6,3,11,11,11,11,11,0,1,286.82,41,2279.56
3130,4491,1,8,3,11,11,11,11,11,0,1,287.447,42,1787.62
3131,4491,2,8,3,11,11,11,11,11,0,1,286.869,42,1802.42
3132,4491,3,8,3,11,11,11,11,11,0,1,286.931,42,1775.72
3133,4492,1,9,4,9,9,9,9,9,0,1,286.544,41,2005.07
3134,4492,2,9,4,9,9,9,9,9,0,1,286.596,42,2021.83
3135,4492,3,9,4,9,9,9,9,9,0,1,286.543,42,2035.45
3136,4493,1,6,2,5,5,5,5,5,1,1,286.76,41,158.945
3137,4493,2,6,2,5,5,5,5,5,1,1,287.09,42,151.736
3138,4493,3,6,2,5,5,5,5,5,1,1,287.205,41,152.188
3139,4494,1,5,2,4,4,4,4,4,0,1,286.698,42,289.109
3140,4494,2,5,2,4,4,4,4,4,0,1,286.732,41,289.665
3141,4494,3,5,2,4,4,4,4,4,0,1,286.517,42,290.648
3142,4495,1,7,3,5,5,5,5,5,1,1,286.972,42,165.84
3143,4495,2,7,3,5,5,5,5,5,1,1,286.872,42,167.162
3144,4495,3,7,3,5,5,5,5,5,1,1,286.92,42,182.701
3145,4496,1,7,3,8,8,8,8,8,1,1,286.688,41,166.612
3146,4496,2,7,3,8,8,8,8,8,1,1,286.854,42,166.958
3147,4496,3,7,3,8,8,8,8,8,1,1,286.939,42,169.353
3148,4497,1,7,2,5,5,5,5,5,2,1,286.512,41,166.992
3149,4497,2,7,2,5,5,5,5,5,2,1,286.795,42,213.744
3150,4497,3,7,2,5,5,5,5,5,2,1,286.267,42,162.211
3151,4498,1,7,2,5,5,5,5,5,2,1,287.69,42,1574.73
3152,4498,2,7,2,5,5,5,5,5,2,1,286.727,41,1569.12
3153,4498,3,7,2,5,5,5,5,5,2,1,286.72,42,1556.65
3154,4499,1,6,2,10,10,10,10,10,0,1,286.454,41,199.304
3155,4499,2,6,2,10,10,10,10,10,0,1,286.578,42,200.092
3156,4499,3,6,2,10,10,10,10,10,0,1,287.114,41,199.156
3157,4500,1,6,2,4,4,4,4,4,1,1,286.831,42,651.891
3158,4500,2,6,2,4,4,4,4,4,1,1,286.819,41,657.871
3159,4500,3,6,2,4,4,4,4,4,1,1,286.761,42,651.917
3160,4501,1,5,1,11,11,11,11,11,0,1,286.961,42,146.253
3161,4501,2,5,1,11,11,11,11,11,0,1,287.189,42,149.235
3162,4501,3,5,1,11,11,11,11,11,0,1,286.531,41,149.858
3163,4502,1,7,3,7,7,7,7,7,0,1,286.893,41,675.325
3164,4502,2,7,3,7,7,7,7,7,0,1,286.293,42,677.197
3165,4502,3,7,3,7,7,7,7,7,0,1,286.806,42,704.84
3166,4503,1,5,2,3,3,3,3,3,1,1,286.963,42,192.361
3167,4503,2,5,2,3,3,3,3,3,1,1,286.326,42,187.188
3168,4503,3,5,2,3,3,3,3,3,1,1,286.371,42,186.511
3169,4504,1,7,3,5,5,5,5,5,2,1,286.344,42,163.731
3170,4504,2,7,3,5,5,5,5,5,2,1,287.493,42,158.791
3171,4504,3,7,3,5,5,5,5,5,2,1,286.713,42,158.888
3172,4505,1,4,3,4,4,4,4,4,0,1,286.74,42,144.191
3173,4505,2,4,3,4,4,4,4,4,0,1,287.021,41,159.668
3174,4505,3,4,3,4,4,4,4,4,0,1,286.546,42,145.553
3175,4506,1,10,5,18,18,18,18,18,0,1,286.728,42,15313.8
3176,4506,2,10,5,18,18,18,18,18,0,1,286.426,41,15287.6
3177,4506,3,10,5,18,18,18,18,18,0,1,286.713,41,15284.4
3178,4507,1,6,2,5,5,5,5,5,1,1,286.409,42,169.172
3179,4507,2,6,2,5,5,5,5,5,1,1,286.884,41,157.242
3180,4507,3,6,2,5,5,5,5,5,1,1,286.958,42,158.783
3181,4508,1,6,2,6,6,6,6,6,1,1,286.719,42,179.667
3182,4508,2,6,2,6,6,6,6,6,1,1,287.359,41,180.593
3183,4508,3,6,2,6,6,6,6,6,1,1,286.467,41,178.828
3184,4509,1,9,2,42,42,42,42,42,0,1,286.68,42,225.624
3185,4509,2,9,2,42,42,42,42,42,0,1,286.59,42,224.133
3186,4509,3,9,2,42,42,42,42,42,0,1,286.492,42,223.087
3187,4510,1,6,2,3,3,3,3,3,1,1,287.108,41,150.804
3188,4510,2,6,2,3,3,3,3,3,1,1,286.707,42,150.141
3189,4510,3,6,2,3,3,3,3,3,1,1,286.608,42,152.1
3190,4511,1,7,3,8,8,8,8,8,0,1,288.345,41,1955.53
3191,4511,2,7,3,8,8,8,8,8,0,1,286.97,42,1936.88
3192,4511,3,7,3,8,8,8,8,8,0,1,286.747,42,1965.46
3193,4512,1,7,2,33,33,33,33,33,0,1,286.943,41,151.278
3194,4512,2,7,2,33,33,33,33,33,0,1,286.905,41,154.377
3195,4512,3,7,2,33,33,33,33,33,0,1,286.366,42,155.441
3196,4513,1,7,3,5,5,5,5,5,1,1,287.16,42,170.832
3197,4513,2,7,3,5,5,5,5,5,1,1,286.781,42,169.351
3198,4513,3,7,3,5,5,5,5,5,1,1,286.552,42,170.287
3199,4514,1,3,2,2,2,2,2,2,0,1,287.238,42,156.339
3200,4514,2,3,2,2,2,2,2,2,0,1,286.368,41,153.519
3201,4514,3,3,2,2,2,2,2,2,0,1,286.683,42,155.487
3202,4515,1,7,2,5,5,5,5,5,2,1,286.574,41,159.42
3203,4515,2,7,2,5,5,5,5,5,2,1,287.091,42,158.015
3204,4515,3,7,2,5,5,5,5,5,2,1,286.376,42,157.813
3205,4516,1,7,2,16,16,16,16,16,0,1,286.752,42,1912.77
3206,4516,2,7,2,16,16,16,16,16,0,1,286.808,41,1918.8
3207,4516,3,7,2,16,16,16,16,16,0,1,286.958,41,1928.66
3208,4517,1,7,2,9,9,9,9,9,0,1,286.952,42,5913.8
3209,4517,2,7,2,9,9,9,9,9,0,1,286.814,42,6054.68
3210,4517,3,7,2,9,9,9,9,9,0,1,286.504,42,5927.03
3211,4518,1,5,1,5,5,5,5,5,1,1,286.608,42,520.966
3212,4518,2,5,1,5,5,5,5,5,1,1,286.95,42,530.743
3213,4518,3,5,1,5,5,5,5,5,1,1,286.505,41,525.901
3214,4519,1,8,2,24,24,24,24,24,0,1,286.755,42,153.796
3215,4519,2,8,2,24,24,24,24,24,0,1,286.873,41,155.433
3216,4519,3,8,2,24,24,24,24,24,0,1,286.879,42,168.249
3217,4520,1,5,2,4,4,4,4,4,1,1,286.507,41,150.342
3218,4520,2,5,2,4,4,4,4,4,1,1,287.08,42,149.98
3219,4520,3,5,2,4,4,4,4,4,1,1,286.666,42,147.787
3220,4521,1,4,2,6,6,6,6,6,0,1,286.585,41,145.012
3221,4521,2,4,2,6,6,6,6,6,0,1,286.427,41,146.77
3222,4521,3,4,2,6,6,6,6,6,0,1,286.9,41,146.809
3223,4522,1,5,1,21,21,21,21,21,0,1,286.715,41,143.32
3224,4522,2,5,1,21,21,21,21,21,0,1,286.234,42,145.543
3225,4522,3,5,1,21,21,21,21,21,0,1,287.174,42,144.855
3226,4523,1,6,1,7,7,7,7,7,1,1,286.593,42,154.728
3227,4523,2,6,1,7,7,7,7,7,1,1,285.798,41,157.398
3228,4523,3,6,1,7,7,7,7,7,1,1,286.461,41,154.682
3229,4524,1,5,1,15,15,15,15,15,0,1,286.35,42,147.963
3230,4524,2,5,1,15,15,15,15,15,0,1,286.902,42,147.198
3231,4524,3,5,1,15,15,15,15,15,0,1,287.222,41,163.251
3232,4525,1,5,3,6,6,6,6,6,1,1,286.275,42,300.341
3233,4525,2,5,3,6,6,6,6,6,1,1,286.603,42,301.148
3234,4525,3,6,3,6,6,6,6,6,1,1,286.251,42,576.997
3235,4526,1,6,2,8,8,8,8,8,0,1,287.025,42,194.924
3236,4526,2,6,2,8,8,8,8,8,0,1,287.094,42,194.314
3237,4526,3,6,2,8,8,8,8,8,0,1,286.769,41,194.461
3238,4527,1,6,3,9,9,9,9,9,1,1,286.741,42,156.151
3239,4527,2,6,3,8,8,8,8,8,1,1,286.332,42,157.755
3240,4527,3,6,3,9,9,9,9,9,1,1,287.656,42,154.683
3241,4528,1,7,1,25,25,25,25,25,0,1,286.459,41,147.727
3242,4528,2,7,1,25,25,25,25,25,0,1,286.929,42,149.368
3243,4528,3,7,1,25,25,25,25,25,0,1,286.321,42,147.752
3244,4529,1,8,2,7,7,7,7,7,2,1,286.69,41,181.352
3245,4529,2,8,2,7,7,7,7,7,2,1,286.511,42,180.32
3246,4529,3,8,2,7,7,7,7,7,2,1,286.349,42,195.502
3247,4530,1,5,2,6,6,6,6,6,0,1,287.132,42,184.505
3248,4530,2,5,2,6,6,6,6,6,0,1,286.691,42,188.39
3249,4530,3,5,2,6,6,6,6,6,0,1,286.833,42,189.094
3250,4531,1,7,3,10,10,10,10,10,0,1,286.784,42,9763.56
3251,4531,2,7,3,10,10,10,10,10,0,1,286.485,42,9763.45
3252,4531,3,7,3,10,10,10,10,10,0,1,286.6,42,9801.95
3253,4532,1,4,2,5,5,5,5,5,0,1,286.377,41,151.926
3254,4532,2,4,2,5,5,5,5,5,0,1,286.602,42,170.721
3255,4532,3,4,2,5,5,5,5,5,0,1,286.58,42,153.63
3256,4533,1,6,2,7,7,7,7,7,1,1,287.309,41,156.723
3257,4533,2,6,2,7,7,7,7,7,1,1,286.772,41,151.997
3258,4533,3,6,2,7,7,7,7,7,1,1,286.731,41,150.869
3259,4534,1,3,1,3,3,3,3,3,0,1,286.783,41,154.137
3260,4534,2,3,1,3,3,3,3,3,0,1,286.413,42,148.676
3261,4534,3,3,1,3,3,3,3,3,0,1,286.916,41,148.857
3262,4535,1,5,2,6,6,6,6,6,0,1,286.436,42,182.865
3263,4535,2,5,2,6,6,6,6,6,0,1,286.73,42,182.508
3264,4535,3,5,2,6,6,6,6,6,0,1,286.63,41,182.061
3265,4536,1,8,3,13,13,13,13,13,0,1,286.449,41,2498.07
3266,4536,2,8,3,13,13,13,13,13,0,1,286.632,42,2504.67
3267,4536,3,8,3,13,13,13,13,13,0,1,286.91,41,2534.14
3268,4537,1,6,2,4,4,4,4,4,1,1,286.944,42,183.34
3269,4537,2,6,2,4,4,4,4,4,1,1,286.819,42,167.821
3270,4537,3,6,2,4,4,4,4,4,1,1,287.268,42,165.987
3271,4538,1,4,1,4,4,4,4,4,1,1,286.729,41,196.884
3272,4538,2,5,1,4,4,4,4,4,1,1,286.768,42,278.29
3273,4538,3,5,1,4,4,4,4,4,1,1,286.819,41,281.403
3274,4539,1,3,2,3,3,3,3,3,0,1,286.375,41,214.21
3275,4539,2,3,2,3,3,3,3,3,0,1,286.524,42,212.258
3276,4539,3,3,2,3,3,3,3,3,0,1,286.719,42,216.358
3277,4540,1,6,2,4,4,4,4,4,1,1,286.9,41,153.336
3278,4540,2,6,2,4,4,4,4,4,1,1,286.509,42,154.666
3279,4540,3,6,2,4,4,4,4,4,1,1,286.478,42,153.398
3280,4541,1,7,2,5,5,5,5,5,1,1,286.505,41,163.183
3281,4541,2,7,2,5,5,5,5,5,1,1,286.774,42,162.765
3282,4541,3,7,2,5,5,5,5,5,1,1,286.361,42,162.447
3283,4542,1,6,3,14,14,14,14,14,0,1,286.697,42,307.289
3284,4542,2,6,3,14,14,14,14,14,0,1,286.806,42,297.6
3285,4542,3,6,3,14,14,14,14,14,0,1,287.139,42,293.73
3286,4543,1,7,3,6,6,6,6,6,1,1,286.383,42,169.986
3287,4543,2,7,3,6,6,6,6,6,1,1,286.852,41,168.235
3288,4543,3,7,3,6,6,6,6,6,1,1,286.803,42,169.68
3289,4544,1,6,3,9,9,9,9,9,0,1,287.057,42,661.66
3290,4544,2,6,3,9,9,9,9,9,0,1,286.643,42,661.904
3291,4544,3,6,3,9,9,9,9,9,0,1,286.789,41,672.07
3292,4545,1,5,2,2,2,2,2,2,1,1,287.07,42,681.14
3293,4545,2,5,2,2,2,2,2,2,1,1,287.3,42,680.985
3294,4545,3,5,2,2,2,2,2,2,1,1,286.937,41,681.183
3295,4546,1,9,3,16,16,16,16,16,1,1,286.505,42,2818.66
3296,4546,2,9,3,16,16,16,16,16,1,1,287.122,41,2766.3
3297,4546,3,9,3,16,16,16,16,16,1,1,286.719,42,2773.81
3298,4547,1,6,2,10,10,10,10,10,0,1,286.937,42,2438.25
3299,4547,2,6,2,10,10,10,10,10,0,1,286.709,42,2445.59
3300,4547,3,6,2,10,10,10,10,10,0,1,286.841,42,2432.1
3301,4548,1,7,3,8,8,8,8,8,0,1,286.987,42,273.095
3302,4548,2,7,3,8,8,8,8,8,0,1,286.787,41,274.749
3303,4548,3,7,3,8,8,8,8,8,0,1,286.548,41,271.116
3304,4549,1,4,2,5,5,5,5,5,0,1,287.643,42,147.076
3305,4549,2,4,2,5,5,5,5,5,0,1,286.351,42,147.422
3306,4549,3,4,2,5,5,5,5,5,0,1,286.69,41,146.042
3307,4550,1,7,1,25,25,25,25,25,0,1,287.094,41,147.368
3308,4550,2,7,1,25,25,25,25,25,0,1,286.786,41,147.742
3309,4550,3,7,1,25,25,25,25,25,0,1,286.722,42,147.077
3310,4551,1,5,2,13,13,13,13,13,0,1,286.234,42,172.939
3311,4551,2,5,2,13,13,13,13,13,0,1,287.358,42,159.29
3312,4551,3,5,2,13,13,13,13,13,0,1,286.952,41,158.605
3313,4552,1,4,1,2,2,2,2,2,1,1,286.392,42,194.24
3314,4552,2,4,1,2,2,2,2,2,1,1,289.364,42,193.195
3315,4552,3,4,1,2,2,2,2,2,1,1,286.934,42,199.359
3316,4553,1,6,3,3,3,3,3,3,1,1,287.096,42,154.598
3317,4553,2,6,3,3,3,3,3,3,1,1,286.733,41,151.244
3318,4553,3,6,3,3,3,3,3,3,1,1,287.121,42,153.433
3319,4554,1,6,3,8,8,8,8,8,1,1,286.324,42,635.614
3320,4554,2,6,3,8,8,8,8,8,1,1,287.177,41,637.808
3321,4554,3,6,3,8,8,8,8,8,1,1,287.428,42,636.628
3322,4555,1,3,1,5,5,5,5,5,0,1,286.718,41,161.138
3323,4555,2,3,1,5,5,5,5,5,0,1,286.793,42,159.83
3324,4555,3,3,1,5,5,5,5,5,0,1,286.878,41,159.677
3325,4556,1,5,2,5,5,5,5,5,0,1,286.725,42,179.63
3326,4556,2,5,2,5,5,5,5,5,0,1,286.408,42,165.042
3327,4556,3,5,2,5,5,5,5,5,0,1,286.942,42,164.966
3328,4557,1,6,2,28,28,28,28,28,0,1,286.704,41,150.787
3329,4557,2,6,2,28,28,28,28,28,0,1,287.802,42,151.812
3330,4557,3,6,2,28,28,28,28,28,0,1,286.599,42,150.621
3331,4558,1,5,3,5,5,5,5,5,0,1,286.264,42,193.752
3332,4558,2,5,3,5,5,5,5,5,0,1,286.815,41,192.694
3333,4558,3,5,3,5,5,5,5,5,0,1,286.974,42,193.171
3334,4559,1,17,7,21,21,21,21,21,0,1,286.649,42,49811.0
3335,4559,2,17,7,21,21,21,21,21,0,1,286.758,41,49911.7
3336,4559,3,17,7,21,21,21,21,21,0,1,286.885,41,49951.4
3337,4560,1,6,2,5,5,5,5,5,1,1,286.671,42,169.459
3338,4560,2,6,2,5,5,5,5,5,1,1,286.829,42,154.355
3339,4560,3,6,2,5,5,5,5,5,1,1,286.303,42,153.903
3340,4561,1,7,2,11,11,11,11,11,1,1,286.896,42,169.965
3341,4561,2,7,2,11,11,11,11,11,1,1,286.629,42,170.472
3342,4561,3,6,2,11,11,11,11,11,1,1,286.963,42,160.043
3343,4562,1,5,2,6,6,6,6,6,1,1,286.335,41,295.831
3344,4562,2,5,2,6,6,6,6,6,1,1,288.787,41,296.445
3345,4562,3,5,2,6,6,6,6,6,1,1,286.704,42,299.485
3346,4563,1,5,2,5,5,5,5,5,1,1,286.983,42,148.015
3347,4563,2,5,2,5,5,5,5,5,1,1,286.531,41,146.687
3348,4563,3,5,2,5,5,5,5,5,1,1,287.551,42,147.199
3349,4564,1,6,3,7,7,7,7,7,1,1,286.751,42,488.08
3350,4564,2,6,3,7,7,7,7,7,1,1,286.951,42,488.899
3351,4564,3,6,3,7,7,7,7,7,1,1,287.199,42,490.865
3352,4565,1,6,2,4,4,4,4,4,1,1,286.948,42,218.015
3353,4565,2,6,2,4,4,4,4,4,1,1,286.48,41,201.438
3354,4565,3,6,2,4,4,4,4,4,1,1,286.326,42,202.961
3355,4566,1,5,2,7,7,7,7,7,0,1,286.886,41,193.259
3356,4566,2,5,2,7,7,7,7,7,0,1,286.466,42,192.685
3357,4566,3,5,2,7,7,7,7,7,0,1,286.798,42,197.896
3358,4567,1,4,1,2,2,2,2,2,1,1,286.759,42,158.027
3359,4567,2,4,1,2,2,2,2,2,1,1,286.363,42,157.924
3360,4567,3,4,1,2,2,2,2,2,1,1,286.157,41,161.959
3361,4568,1,6,2,4,4,4,4,4,1,1,286.344,41,10251.3
3362,4568,2,6,2,4,4,4,4,4,1,1,286.922,42,10463.2
3363,4568,3,6,2,4,4,4,4,4,1,1,286.846,42,10512.5
3364,4569,1,4,1,4,4,4,4,4,1,1,286.871,42,144.857
3365,4569,2,4,1,4,4,4,4,4,1,1,286.792,41,143.975
3366,4569,3,4,1,4,4,4,4,4,1,1,286.256,41,144.39
3367,4570,1,15,5,9,9,9,9,9,1,1,286.455,42,39278.5
3368,4570,2,15,5,9,9,9,9,9,1,1,286.841,42,39249.4
3369,4570,3,15,5,9,9,9,9,9,1,1,287.011,42,40188.2
3370,4571,1,7,2,12,12,12,12,12,0,1,286.168,42,638.049
3371,4571,2,7,2,12,12,12,12,12,0,1,287.026,42,631.475
3372,4571,3,7,2,12,12,12,12,12,0,1,287.29,42,633.999
3373,4572,1,4,1,9,9,9,9,9,0,1,286.927,42,159.928
3374,4572,2,4,1,9,9,9,9,9,0,1,287.082,41,156.839
3375,4572,3,4,1,9,9,9,9,9,0,1,286.895,42,158.271
3376,4573,1,6,1,28,28,28,28,28,0,1,286.668,42,155.296
3377,4573,2,6,1,28,28,28,28,28,0,1,286.558,42,155.072
3378,4573,3,6,1,28,28,28,28,28,0,1,286.193,41,155.694
3379,4574,1,6,2,5,5,5,5,5,1,1,287.029,42,270.39
3380,4574,2,6,2,5,5,5,5,5,1,1,286.998,41,274.643
3381,4574,3,6,2,5,5,5,5,5,1,1,287.186,41,271.212
3382,4575,1,5,2,6,6,6,6,6,1,1,286.901,42,327.159
3383,4575,2,5,2,6,6,6,6,6,1,1,286.574,42,325.52
3384,4575,3,5,2,6,6,6,6,6,1,1,287.085,42,324.224
3385,4576,1,7,2,29,29,29,29,29,0,1,287.303,42,167.908
3386,4576,2,7,2,29,29,29,29,29,0,1,286.615,42,149.893
3387,4576,3,7,2,29,29,29,29,29,0,1,286.48,42,150.532
3388,4577,1,5,2,4,4,4,4,4,1,1,286.807,42,147.846
3389,4577,2,5,2,4,4,4,4,4,1,1,287.009,41,162.782
3390,4577,3,5,2,4,4,4,4,4,1,1,286.926,42,149.617
3391,4578,1,4,2,4,4,4,4,4,0,1,286.93,41,343.416
3392,4578,2,4,2,4,4,4,4,4,0,1,287.22,42,347.429
3393,4578,3,4,2,4,4,4,4,4,0,1,287.07,41,366.732
3394,4579,1,6,2,5,5,5,5,5,1,1,286.857,41,190.741
3395,4579,2,6,2,5,5,5,5,5,1,1,286.449,42,189.726
3396,4579,3,6,2,5,5,5,5,5,1,1,286.129,41,188.297
3397,4580,1,4,1,3,3,3,3,3,1,1,286.085,41,182.209
3398,4580,2,6,2,3,3,3,3,3,1,1,286.856,42,574.892
3399,4580,3,4,1,3,3,3,3,3,1,1,286.621,42,184.259
3400,4581,1,5,1,3,3,3,3,3,1,1,286.351,41,596.837
3401,4581,2,5,1,3,3,3,3,3,1,1,287.153,42,583.478
3402,4581,3,5,1,3,3,3,3,3,1,1,286.432,42,584.037
3403,4582,1,7,2,5,5,5,5,5,1,1,287.034,42,162.059
3404,4582,2,7,2,5,5,5,5,5,1,1,287.073,41,160.176
3405,4582,3,7,2,5,5,5,5,5,1,1,286.079,42,160.93
3406,4583,1,8,3,7,7,7,7,7,0,1,287.241,42,544.244
3407,4583,2,8,3,7,7,7,7,7,0,1,286.362,41,542.604
3408,4583,3,8,3,7,7,7,7,7,0,1,286.5,41,536.128
3409,4584,1,7,1,26,26,26,26,26,0,1,287.118,42,153.678
3410,4584,2,7,1,26,26,26,26,26,0,1,286.641,42,155.852
3411,4584,3,7,1,26,26,26,26,26,0,1,287.626,42,153.876
3412,4585,1,5,1,4,4,4,4,4,1,1,286.342,42,152.353
3413,4585,2,5,1,4,4,4,4,4,1,1,286.913,42,153.662
3414,4585,3,5,1,4,4,4,4,4,1,1,286.953,42,150.46
3415,4586,1,6,2,3,3,3,3,3,1,1,286.969,41,166.128
3416,4586,2,6,2,3,3,3,3,3,1,1,286.741,42,152.395
3417,4586,3,6,2,3,3,3,3,3,1,1,287.037,42,153.766
3418,4587,1,7,3,12,12,12,12,12,1,1,286.29,42,172.104
3419,4587,2,7,3,12,12,12,12,12,1,1,286.908,42,171.355
3420,4587,3,7,3,12,12,12,12,12,1,1,286.895,42,163.601
3421,4588,1,7,2,13,13,13,13,13,0,1,287.436,42,1442.24
3422,4588,2,7,2,13,13,13,13,13,0,1,287.37,42,1436.9
3423,4588,3,7,2,13,13,13,13,13,0,1,287.23,42,1460.29
3424,4589,1,4,1,6,6,6,6,6,0,1,286.287,42,179.833
3425,4589,2,4,1,6,6,6,6,6,0,1,286.384,41,179.663
3426,4589,3,4,1,6,6,6,6,6,0,1,286.358,42,180.553
3427,4590,1,7,2,36,36,36,36,36,0,1,286.888,41,156.783
3428,4590,2,7,2,36,36,36,36,36,0,1,286.25,42,157.838
3429,4590,3,7,2,36,36,36,36,36,0,1,286.739,41,173.836
3430,4591,1,3,1,4,4,4,4,4,0,1,286.541,42,163.85
3431,4591,2,3,1,4,4,4,4,4,0,1,286.98,42,160.446
3432,4591,3,3,1,4,4,4,4,4,0,1,287.127,42,159.753
3433,4592,1,6,2,5,5,5,5,5,1,1,286.803,42,154.286
3434,4592,2,6,1,6,6,6,6,6,1,1,287.192,42,151.758
3435,4592,3,6,2,5,5,5,5,5,1,1,286.748,41,152.775
3436,4593,1,4,2,5,5,5,5,5,0,1,286.839,42,209.787
3437,4593,2,4,2,5,5,5,5,5,0,1,286.884,41,205.579
3438,4593,3,4,2,5,5,5,5,5,0,1,287.05,42,208.955
3439,4594,1,5,2,7,7,7,7,7,0,1,287.21,42,317.556
3440,4594,2,5,2,7,7,7,7,7,0,1,287.153,42,321.118
3441,4594,3,5,2,7,7,7,7,7,0,1,286.681,41,314.213
3442,4595,1,8,3,14,14,14,14,14,0,1,286.657,42,9853.66
3443,4595,2,8,3,14,14,14,14,14,0,1,286.81,42,9976.18
3444,4595,3,8,3,14,14,14,14,14,0,1,286.389,42,9982.45
3445,4596,1,9,4,18,18,18,18,18,1,1,286.187,42,303.379
3446,4596,2,9,4,18,18,18,18,18,1,1,287.085,41,309.143
3447,4596,3,9,4,18,18,18,18,18,1,1,287.053,42,309.485
3448,4597,1,7,2,9,9,9,9,9,1,1,287.055,42,196.042
3449,4597,2,7,2,9,9,9,9,9,1,1,286.165,41,195.542
3450,4597,3,7,2,9,9,9,9,9,1,1,286.193,42,200.495
3451,4598,1,5,3,6,6,6,6,6,0,1,286.164,42,198.261
3452,4598,2,5,3,6,6,6,6,6,0,1,286.945,42,193.083
3453,4598,3,5,3,6,6,6,6,6,0,1,287.079,41,211.493
3454,4599,1,3,1,4,4,4,4,4,0,1,286.66,41,154.566
3455,4599,2,3,1,4,4,4,4,4,0,1,286.859,42,153.335
3456,4599,3,3,1,4,4,4,4,4,0,1,286.753,42,151.872
3457,4600,1,4,1,2,2,2,2,2,1,1,287.147,42,198.718
3458,4600,2,4,1,2,2,2,2,2,1,1,286.723,41,181.983
3459,4600,3,4,1,2,2,2,2,2,1,1,286.911,41,183.964
3460,4601,1,7,3,7,7,7,7,7,0,1,286.896,42,177.09
3461,4601,2,7,3,7,7,7,7,7,0,1,286.381,41,177.661
3462,4601,3,7,3,7,7,7,7,7,0,1,286.822,42,177.151
3463,4602,1,5,1,4,4,4,4,4,1,1,286.234,42,145.339
3464,4602,2,5,1,4,4,4,4,4,1,1,286.953,42,144.136
3465,4602,3,5,1,4,4,4,4,4,1,1,286.903,42,143.941
3466,4603,1,3,1,3,3,3,3,3,0,1,287.011,41,147.641
3467,4603,2,3,1,3,3,3,3,3,0,1,286.949,42,151.493
3468,4603,3,3,1,3,3,3,3,3,0,1,286.562,42,166.136
3469,4604,1,8,1,25,25,25,25,25,0,1,286.817,41,146.503
3470,4604,2,8,1,25,25,25,25,25,0,1,286.234,42,147.87
3471,4604,3,8,1,25,25,25,25,25,0,1,286.864,42,155.149
3472,4605,1,2,1,1,1,1,1,1,0,1,286.4,42,144.371
3473,4605,2,2,1,1,1,1,1,1,0,1,287.029,42,143.887
3474,4605,3,2,1,1,1,1,1,1,0,1,286.699,42,143.668
3475,4606,1,7,3,10,10,10,10,10,0,1,287.145,42,272.374
3476,4606,2,7,3,10,10,10,10,10,0,1,286.326,42,272.201
3477,4606,3,7,3,10,10,10,10,10,0,1,286.938,42,273.676
3478,4607,1,5,3,6,6,6,6,6,0,1,286.99,42,203.073
3479,4607,2,5,3,6,6,6,6,6,0,1,287.049,42,206.66
3480,4607,3,5,3,6,6,6,6,6,0,1,286.543,42,206.648
3481,4608,1,6,2,8,8,8,8,8,1,1,286.15,41,273.474
3482,4608,2,6,2,8,8,8,8,8,1,1,286.855,42,267.576
3483,4608,3,6,2,8,8,8,8,8,1,1,286.34,42,285.715
3484,4609,1,5,1,5,5,5,5,5,1,1,287.184,41,148.083
3485,4609,2,5,1,5,5,5,5,5,1,1,286.641,41,146.282
3486,4609,3,5,1,4,4,4,4,4,1,1,288.476,41,145.815
3487,4610,1,5,2,4,4,4,4,4,1,1,286.659,41,267.673
3488,4610,2,5,2,4,4,4,4,4,1,1,287.011,41,266.991
3489,4610,3,5,2,4,4,4,4,4,1,1,287.118,42,267.391
3490,4611,1,5,2,5,5,5,5,5,1,1,286.834,41,147.025
3491,4611,2,5,2,5,5,5,5,5,1,1,286.324,41,148.612
3492,4611,3,5,2,5,5,5,5,5,1,1,286.751,42,145.2
3493,4612,1,4,2,4,4,4,4,4,0,1,286.841,41,147.425
3494,4612,2,4,2,4,4,4,4,4,0,1,286.593,42,146.259
3495,4612,3,4,2,4,4,4,4,4,0,1,286.968,42,149.653
3496,4613,1,8,3,9,9,9,9,9,0,1,287.716,41,560.054
3497,4613,2,8,3,9,9,9,9,9,0,1,286.351,42,548.877
3498,4613,3,8,3,9,9,9,9,9,0,1,286.269,42,568.245
3499,4614,1,7,2,9,9,9,9,9,0,1,286.389,41,241.276
3500,4614,2,7,2,9,9,9,9,9,0,1,287.06,42,242.249
3501,4614,3,7,2,9,9,9,9,9,0,1,287.031,42,241.434
3502,4615,1,6,2,7,7,7,7,7,1,1,287.038,41,151.106
3503,4615,2,6,2,7,7,7,7,7,1,1,287.138,41,153.988
3504,4615,3,6,2,7,7,7,7,7,1,1,286.97,41,155.78
3505,4616,1,3,1,3,3,3,3,3,0,1,287.091,42,160.857
3506,4616,2,3,1,3,3,3,3,3,0,1,286.849,42,157.361
3507,4616,3,3,1,3,3,3,3,3,0,1,287.203,41,155.752
3508,4617,1,6,2,4,4,4,4,4,1,1,286.845,42,11911.3
3509,4617,2,6,2,4,4,4,4,4,1,1,286.929,41,12053.2
3510,4617,3,6,2,4,4,4,4,4,1,1,286.582,42,11932.6
3511,4618,1,6,2,7,7,7,7,7,0,1,286.348,41,308.712
3512,4618,2,6,2,7,7,7,7,7,0,1,286.916,42,308.165
3513,4618,3,6,2,7,7,7,7,7,0,1,286.625,42,307.905
3514,4619,1,6,2,6,6,6,6,6,1,1,286.224,42,196.609
3515,4619,2,6,2,6,6,6,6,6,1,1,286.733,42,198.661
3516,4619,3,6,2,6,6,6,6,6,1,1,286.96,42,196.939
3517,4620,1,10,4,19,19,19,19,19,0,1,286.611,42,20557.3
3518,4620,2,10,4,19,19,19,19,19,0,1,287.022,42,20240.4
3519,4620,3,10,4,19,19,19,19,19,0,1,287.031,42,20237.2
3520,4621,1,8,2,9,9,9,9,9,2,1,286.823,41,178.296
3521,4621,2,8,2,9,9,9,9,9,2,1,287.041,42,180.11
3522,4621,3,8,2,9,9,9,9,9,2,1,286.439,42,182.761
3523,4622,1,5,2,3,3,3,3,3,1,1,286.884,41,250.746
3524,4622,2,5,2,3,3,3,3,3,1,1,286.908,42,236.035
3525,4622,3,5,2,3,3,3,3,3,1,1,286.964,42,234.796
3526,4623,1,5,2,3,3,3,3,3,1,1,286.99,41,146.464
3527,4623,2,5,2,3,3,3,3,3,1,1,286.337,42,151.646
3528,4623,3,5,2,3,3,3,3,3,1,1,286.605,42,151.968
3529,4624,1,6,2,7,7,7,7,7,1,1,286.473,41,156.286
3530,4624,2,6,2,7,7,7,7,7,1,1,287.129,42,156.037
3531,4624,3,6,2,7,7,7,7,7,1,1,286.268,42,151.858
3532,4625,1,6,3,8,8,8,8,8,3,1,286.338,42,161.87
3533,4625,2,6,3,8,8,8,8,8,3,1,286.886,42,163.824
3534,4625,3,6,3,8,8,8,8,8,3,1,286.417,41,163.414
3535,4626,1,6,2,3,3,3,3,3,1,1,286.319,42,147.131
3536,4626,2,6,2,3,3,3,3,3,1,1,286.95,41,150.579
3537,4626,3,6,2,3,3,3,3,3,1,1,286.233,41,148.957
3538,4627,1,4,2,5,5,5,5,5,0,1,287.12,41,171.289
3539,4627,2,4,2,5,5,5,5,5,0,1,286.313,42,154.941
3540,4627,3,4,2,5,5,5,5,5,0,1,286.771,41,155.511
3541,4628,1,3,1,2,2,2,2,2,0,1,286.905,42,156.342
3542,4628,2,3,1,2,2,2,2,2,0,1,286.53,42,157.713
3543,4628,3,3,1,2,2,2,2,2,0,1,287.077,42,154.029
3544,4629,1,2,2,1,1,1,1,1,0,1,286.229,42,168.251
3545,4629,2,2,2,1,1,1,1,1,0,1,286.303,42,163.833
3546,4629,3,2,2,1,1,1,1,1,0,1,287.148,42,164.576
3547,4630,1,6,2,3,3,3,3,3,1,1,286.183,41,197.993
3548,4630,2,6,2,3,3,3,3,3,1,1,287.059,42,198.949
3549,4630,3,6,2,3,3,3,3,3,1,1,287.026,42,203.728
3550,4631,1,8,3,9,9,9,9,9,0,1,286.748,41,499.137
3551,4631,2,8,3,9,9,9,9,9,0,1,286.99,42,500.374
3552,4631,3,8,3,9,9,9,9,9,0,1,286.94,41,500.157
3553,4632,1,12,5,16,16,16,16,16,0,1,286.94,41,33123.9
3554,4632,2,12,5,16,16,16,16,16,0,1,286.621,42,33896.1
3555,4632,3,12,5,16,16,16,16,16,0,1,286.529,42,33528.8
3556,4633,1,5,2,8,8,8,8,8,0,1,286.424,42,295.16
3557,4633,2,5,2,8,8,8,8,8,0,1,286.722,42,296.559
3558,4633,3,5,2,8,8,8,8,8,0,1,285.956,42,295.394
3559,4634,1,5,2,8,8,8,8,8,0,1,286.938,42,167.256
3560,4634,2,5,2,8,8,8,8,8,0,1,286.844,42,166.07
3561,4634,3,5,2,8,8,8,8,8,0,1,285.947,42,164.922
3562,4635,1,3,1,6,6,6,6,6,0,1,286.873,42,159.816
3563,4635,2,3,1,6,6,6,6,6,0,1,286.871,41,143.346
3564,4635,3,3,1,6,6,6,6,6,0,1,286.323,42,145.915
3565,4636,1,5,2,4,4,4,4,4,0,1,287.057,41,195.006
3566,4636,2,5,2,4,4,4,4,4,0,1,286.566,42,197.591
3567,4636,3,5,2,4,4,4,4,4,0,1,287.173,41,195.191
3568,4637,1,6,1,34,34,34,34,34,0,1,287.24,41,148.562
3569,4637,2,6,1,34,34,34,34,34,0,1,287.813,42,151.189
3570,4637,3,6,1,34,34,34,34,34,0,1,286.252,42,148.702
3571,4638,1,8,2,8,8,8,8,8,1,1,286.952,42,6622.34
3572,4638,2,8,2,8,8,8,8,8,1,1,286.326,42,6748.47
3573,4638,3,8,2,8,8,8,8,8,1,1,286.274,42,6616.53
3574,4639,1,5,2,4,4,4,4,4,1,1,286.549,42,162.853
3575,4639,2,5,2,4,4,4,4,4,1,1,286.997,42,148.173
3576,4639,3,5,2,4,4,4,4,4,1,1,287.068,42,145.843
3577,4640,1,7,2,8,8,8,8,8,0,1,286.382,42,996.317
3578,4640,2,7,2,8,8,8,8,8,0,1,286.981,42,1011.44
3579,4640,3,7,2,8,8,8,8,8,0,1,287.119,41,1005.69
3580,4641,1,4,1,9,9,9,9,9,0,1,287.049,41,146.057
3581,4641,2,4,1,9,9,9,9,9,0,1,287.118,42,149.479
3582,4641,3,4,1,9,9,9,9,9,0,1,286.609,42,149.063
3583,4642,1,5,2,11,11,11,11,11,0,1,286.852,42,157.784
3584,4642,2,5,2,11,11,11,11,11,0,1,287.06,42,157.332
3585,4642,3,5,2,11,11,11,11,11,0,1,286.888,42,157.753
3586,4643,1,4,1,5,5,5,5,5,0,1,286.245,42,174.152
3587,4643,2,4,1,5,5,5,5,5,0,1,287.221,42,173.361
3588,4643,3,4,1,5,5,5,5,5,0,1,286.327,41,174.265
3589,4644,1,7,2,28,28,28,28,28,0,1,286.917,42,169.589
3590,4644,2,7,2,28,28,28,28,28,0,1,286.849,41,155.473
3591,4644,3,7,2,28,28,28,28,28,0,1,286.655,41,153.583
3592,4645,1,5,2,19,19,19,19,19,0,1,286.252,41,151.394
3593,4645,2,5,2,19,19,19,19,19,0,1,286.732,42,150.892
3594,4645,3,5,2,19,19,19,19,19,0,1,286.214,42,150.276
3595,4646,1,7,3,4,4,4,4,4,0,1,286.828,41,645.39
3596,4646,2,7,3,4,4,4,4,4,0,1,286.466,41,659.643
3597,4646,3,7,3,4,4,4,4,4,0,1,288.458,42,664.729
3598,4647,1,5,1,14,14,14,14,14,0,1,286.35,41,150.479
3599,4647,2,5,1,14,14,14,14,14,0,1,286.164,42,149.222
3600,4647,3,5,1,14,14,14,14,14,0,1,287.163,42,149.131
3601,4648,1,6,2,7,7,7,7,7,0,1,286.385,41,658.549
3602,4648,2,6,2,7,7,7,7,7,0,1,286.906,41,667.466
3603,4648,3,6,2,7,7,7,7,7,0,1,286.377,41,665.618
3604,4649,1,7,2,9,9,9,9,9,0,1,287.148,41,275.655
3605,4649,2,7,2,9,9,9,9,9,0,1,287.186,42,253.085
3606,4649,3,7,2,9,9,9,9,9,0,1,286.672,41,255.953
3607,4650,1,5,2,4,4,4,4,4,1,1,287.386,41,147.195
3608,4650,2,5,2,4,4,4,4,4,1,1,286.864,42,145.904
3609,4650,3,5,2,4,4,4,4,4,1,1,287.195,42,145.442
3610,4651,1,9,3,10,10,10,10,10,0,1,286.876,41,7273.75
3611,4651,2,9,3,10,10,10,10,10,0,1,286.318,42,7273.81
3612,4651,3,9,3,10,10,10,10,10,0,1,287.059,42,7179.52
3613,4652,1,5,2,5,5,5,5,5,1,1,287.005,41,144.075
3614,4652,2,5,2,5,5,5,5,5,1,1,286.657,41,160.062
3615,4652,3,5,2,5,5,5,5,5,1,1,287.148,41,145.707
3616,4653,1,5,3,11,11,11,11,11,0,1,286.386,41,160.968
3617,4653,2,5,3,11,11,11,11,11,0,1,286.982,42,159.814
3618,4653,3,5,3,11,11,11,11,11,0,1,286.995,42,163.137
3619,4654,1,8,3,7,7,7,7,7,1,1,286.989,42,8571.76
3620,4654,2,8,3,7,7,7,7,7,1,1,286.931,41,8417.12
3621,4654,3,8,3,7,7,7,7,7,1,1,287.237,42,8387.88
3622,4655,1,6,2,10,10,10,10,10,0,1,286.748,42,761.464
3623,4655,2,6,2,10,10,10,10,10,0,1,286.917,41,778.123
3624,4655,3,6,2,10,10,10,10,10,0,1,286.939,42,772.961
3625,4656,1,6,2,3,3,3,3,3,2,1,286.843,42,183.154
3626,4656,2,6,2,3,3,3,3,3,2,1,286.804,42,185.1
3627,4656,3,6,2,3,3,3,3,3,2,1,286.656,41,186.098
3628,4657,1,5,2,8,8,8,8,8,0,1,287.098,41,201.977
3629,4657,2,5,2,8,8,8,8,8,0,1,287.755,42,203.789
3630,4657,3,5,2,8,8,8,8,8,0,1,286.655,41,204.251
3631,4658,1,3,1,3,3,3,3,3,0,1,287.109,41,147.928
3632,4658,2,3,1,3,3,3,3,3,0,1,286.615,42,144.944
3633,4658,3,3,1,3,3,3,3,3,0,1,286.988,42,146.402
3634,4659,1,6,3,7,7,7,7,7,1,1,287.022,42,153.406
3635,4659,2,6,3,7,7,7,7,7,1,1,287.039,42,154.512
3636,4659,3,6,3,7,7,7,7,7,1,1,287.249,42,153.837
3637,4660,1,5,2,5,5,5,5,5,0,1,286.8,42,188.261
3638,4660,2,5,2,5,5,5,5,5,0,1,286.956,42,204.04
3639,4660,3,5,2,5,5,5,5,5,0,1,286.197,42,191.294
3640,4661,1,4,1,5,5,5,5,5,0,1,286.164,41,303.786
3641,4661,2,4,1,5,5,5,5,5,0,1,287.176,41,306.671
3642,4661,3,4,1,5,5,5,5,5,0,1,286.886,42,308.782
3643,4662,1,5,1,4,4,4,4,4,1,1,286.998,42,605.396
3644,4662,2,5,1,4,4,4,4,4,1,1,286.365,42,611.577
3645,4662,3,5,1,4,4,4,4,4,1,1,286.88,42,616.08
3646,4663,1,11,4,6,6,6,6,6,1,1,286.995,42,4357.78
3647,4663,2,11,4,6,6,6,6,6,1,1,287.142,42,4347.93
3648,4663,3,11,4,6,6,6,6,6,1,1,288.318,42,4326.01
3649,4664,1,5,2,5,5,5,5,5,0,1,286.633,42,247.42
3650,4664,2,5,2,5,5,5,5,5,0,1,286.26,42,262.376
3651,4664,3,5,2,5,5,5,5,5,0,1,286.715,41,247.91
3652,4665,1,6,2,9,9,9,9,9,0,1,286.639,42,459.844
3653,4665,2,6,2,9,9,9,9,9,0,1,287.379,41,457.02
3654,4665,3,6,2,9,9,9,9,9,0,1,286.67,42,457.317
3655,4666,1,6,2,7,7,7,7,7,1,1,286.45,41,160.122
3656,4666,2,6,2,7,7,7,7,7,1,1,286.555,41,160.257
3657,4666,3,6,2,7,7,7,7,7,1,1,286.959,41,159.231
3658,4667,1,8,3,11,11,11,11,11,0,1,286.675,42,1000.98
3659,4667,2,8,3,11,11,11,11,11,0,1,287.812,41,999.262
3660,4667,3,8,3,11,11,11,11,11,0,1,286.6,42,1006.69
3661,4668,1,4,2,5,5,5,5,5,0,1,286.524,42,198.596
3662,4668,2,4,2,5,5,5,5,5,0,1,286.466,41,196.878
3663,4668,3,4,2,5,5,5,5,5,0,1,286.629,41,199.226
3664,4669,1,7,2,32,32,32,32,32,0,1,286.621,42,161.13
3665,4669,2,7,2,32,32,32,32,32,0,1,286.734,42,146.967
3666,4669,3,7,2,32,32,32,32,32,0,1,286.658,41,148.617
3667,4670,1,6,2,9,9,9,9,9,0,1,286.706,42,294.628
3668,4670,2,6,2,9,9,9,9,9,0,1,286.786,42,294.701
3669,4670,3,6,2,9,9,9,9,9,0,1,286.466,42,296.17
3670,4671,1,3,1,3,3,3,3,3,0,1,286.978,42,171.024
3671,4671,2,3,1,3,3,3,3,3,0,1,286.886,41,168.737
3672,4671,3,3,1,3,3,3,3,3,0,1,287.917,41,169.637
3673,4672,1,4,1,9,9,9,9,9,0,1,286.438,41,149.12
3674,4672,2,4,1,9,9,9,9,9,0,1,286.866,42,149.323
3675,4672,3,4,1,9,9,9,9,9,0,1,286.424,41,148.573
3676,4673,1,9,3,5,5,5,5,5,1,1,286.668,42,368.567
3677,4673,2,9,3,5,5,5,5,5,1,1,286.662,41,363.818
3678,4673,3,9,3,5,5,5,5,5,1,1,286.89,42,367.677
3679,4674,1,8,4,8,8,8,8,8,0,1,286.456,41,2270.56
3680,4674,2,8,4,8,8,8,8,8,0,1,286.513,41,2210.84
3681,4674,3,8,4,8,8,8,8,8,0,1,286.563,41,2261.15
3682,4675,1,12,5,6,6,6,6,6,1,1,286.426,42,22521.1
3683,4675,2,12,5,6,6,6,6,6,1,1,287.11,42,22954.6
3684,4675,3,12,5,6,6,6,6,6,1,1,286.295,41,22592.1
3685,4676,1,4,1,4,4,4,4,4,1,1,286.573,41,144.14
3686,4676,2,5,1,4,4,4,4,4,1,1,286.314,42,151.785
3687,4676,3,4,1,4,4,4,4,4,1,1,286.305,42,144.525
3688,4677,1,5,2,3,3,3,3,3,1,1,286.742,42,149.069
3689,4677,2,5,2,3,3,3,3,3,1,1,286.396,42,146.664
3690,4677,3,5,2,3,3,3,3,3,1,1,287.288,42,145.31
3691,4678,1,5,1,15,15,15,15,15,0,1,286.93,41,146.63
3692,4678,2,5,1,15,15,15,15,15,0,1,287.659,42,147.69
3693,4678,3,5,1,15,15,15,15,15,0,1,286.649,42,146.556
3694,4679,1,7,2,10,10,10,10,10,0,1,287.28,42,1381.6
3695,4679,2,7,2,10,10,10,10,10,0,1,286.77,41,1371.42
3696,4679,3,7,2,10,10,10,10,10,0,1,287.021,42,1383.9
3697,4680,1,6,3,12,12,12,12,12,0,1,286.862,41,284.318
3698,4680,2,6,3,12,12,12,12,12,0,1,286.655,41,285.666
3699,4680,3,6,3,12,12,12,12,12,0,1,286.177,41,284.461
3700,4681,1,8,4,6,6,6,6,6,2,1,286.926,42,181.773
3701,4681,2,8,4,6,6,6,6,6,2,1,286.124,42,182.217
3702,4681,3,8,4,6,6,6,6,6,2,1,287.474,41,182.695
3703,4682,1,6,2,8,8,8,8,8,0,1,287.044,42,1456.88
3704,4682,2,6,2,8,8,8,8,8,0,1,286.137,42,1472.39
3705,4682,3,6,2,8,8,8,8,8,0,1,286.803,41,1470.24
3706,4683,1,7,3,9,9,9,9,9,2,1,287.812,42,165.185
3707,4683,2,7,3,9,9,9,9,9,2,1,286.636,41,181.644
3708,4683,3,7,3,9,9,9,9,9,2,1,286.787,41,165.167
3709,4684,1,6,3,9,9,9,9,9,1,1,287.005,42,156.823
3710,4684,2,6,3,9,9,9,9,9,1,1,287.113,42,156.031
3711,4684,3,6,3,9,9,9,9,9,1,1,286.355,42,156.616
3712,4685,1,7,2,6,6,6,6,6,2,1,287.289,41,165.947
3713,4685,2,7,2,6,6,6,6,6,2,1,286.44,42,164.759
3714,4685,3,7,2,6,6,6,6,6,2,1,287.165,42,169.14
3715,4686,1,6,2,10,10,10,10,10,0,1,287.204,41,201.711
3716,4686,2,6,2,10,10,10,10,10,0,1,286.655,42,201.713
3717,4686,3,6,2,10,10,10,10,10,0,1,286.659,41,203.068
3718,4687,1,5,2,7,7,7,7,7,0,1,287.047,42,163.71
3719,4687,2,5,2,7,7,7,7,7,0,1,286.733,42,160.829
3720,4687,3,5,2,7,7,7,7,7,0,1,287.002,42,160.937
3721,4688,1,4,1,2,2,2,2,2,1,1,287.116,41,265.812
3722,4688,2,4,1,2,2,2,2,2,1,1,287.439,41,281.179
3723,4688,3,4,1,2,2,2,2,2,1,1,286.779,42,268.862
3724,4689,1,15,6,8,8,8,8,8,1,1,286.719,42,47102.7
3725,4689,2,15,6,8,8,8,8,8,1,1,286.814,42,46974.2
3726,4689,3,15,6,8,8,8,8,8,1,1,286.501,41,47179.4
3727,4690,1,4,1,9,9,9,9,9,0,1,286.373,42,156.494
3728,4690,2,4,1,9,9,9,9,9,0,1,286.98,42,157.364
3729,4690,3,4,1,9,9,9,9,9,0,1,287.133,41,156.634
3730,4691,1,8,2,41,41,41,41,41,0,1,286.727,42,172.878
3731,4691,2,8,2,41,41,41,41,41,0,1,286.68,42,156.785
3732,4691,3,8,2,41,41,41,41,41,0,1,287.019,42,157.95
3733,4692,1,6,2,9,9,9,9,9,0,1,286.742,42,168.332
3734,4692,2,6,2,9,9,9,9,9,0,1,286.802,41,170.601
3735,4692,3,6,2,9,9,9,9,9,0,1,286.894,41,168.77
3736,4693,1,5,2,8,8,8,8,8,0,1,286.629,41,170.061
3737,4693,2,5,2,8,8,8,8,8,0,1,287.04,42,174.419
3738,4693,3,5,2,8,8,8,8,8,0,1,286.79,42,173.703
3739,4694,1,6,2,10,10,10,10,10,0,1,286.814,42,287.065
3740,4694,2,6,2,10,10,10,10,10,0,1,286.614,42,289.484
3741,4694,3,6,2,10,10,10,10,10,0,1,287.395,42,286.991
3742,4695,1,6,2,5,5,5,5,5,1,1,287.107,41,1614.56
3743,4695,2,6,2,5,5,5,5,5,1,1,285.825,42,1607.77
3744,4695,3,6,2,5,5,5,5,5,1,1,286.318,42,1628.61
3745,4696,1,6,2,5,5,5,5,5,1,1,286.725,42,292.922
3746,4696,2,6,2,5,5,5,5,5,1,1,286.696,42,289.222
3747,4696,3,6,2,5,5,5,5,5,1,1,286.723,41,289.464
3748,4697,1,4,2,4,4,4,4,4,0,1,286.481,42,168.382
3749,4697,2,4,2,4,4,4,4,4,0,1,286.946,42,167.58
3750,4697,3,4,2,4,4,4,4,4,0,1,287.162,42,167.86
3751,4698,1,8,3,17,17,17,17,17,0,1,286.383,41,1774.61
3752,4698,2,8,3,17,17,17,17,17,0,1,287.337,41,1798.8
3753,4698,3,8,3,17,17,17,17,17,0,1,287.156,42,1789.59
3754,4699,1,14,6,7,7,7,7,7,1,1,287.031,42,40979.5
3755,4699,2,14,6,7,7,7,7,7,1,1,287.367,42,40302.3
3756,4699,3,14,6,7,7,7,7,7,1,1,287.063,41,41184.6
3757,4700,1,6,2,6,6,6,6,6,1,1,287.228,42,198.042
3758,4700,2,6,2,6,6,6,6,6,1,1,286.249,41,180.712
3759,4700,3,6,2,6,6,6,6,6,1,1,286.805,42,182.264
3760,4701,1,7,2,4,4,4,4,4,1,1,286.413,42,9668.84
3761,4701,2,7,2,4,4,4,4,4,1,1,287.029,42,9506.42
3762,4701,3,7,2,4,4,4,4,4,1,1,287.007,41,9782.86
3763,4702,1,4,1,7,7,7,7,7,0,1,286.393,42,145.517
3764,4702,2,4,1,7,7,7,7,7,0,1,286.868,41,152.096
3765,4702,3,4,1,7,7,7,7,7,0,1,287.01,42,163.567
3766,4703,1,7,2,39,39,39,39,39,0,1,286.511,41,148.066
3767,4703,2,7,2,39,39,39,39,39,0,1,286.831,42,148.957
3768,4703,3,7,2,39,39,39,39,39,0,1,286.769,42,148.284
3769,4704,1,9,4,10,10,10,10,10,0,1,286.793,41,7509.59
3770,4704,2,9,4,10,10,10,10,10,0,1,287.121,42,7397.74
3771,4704,3,9,4,10,10,10,10,10,0,1,286.752,42,7378.18
3772,4705,1,4,1,6,6,6,6,6,0,1,286.105,42,156.846
3773,4705,2,4,1,6,6,6,6,6,0,1,286.526,42,155.323
3774,4705,3,4,1,6,6,6,6,6,0,1,286.26,41,156.722
3775,4706,1,8,5,9,9,9,9,9,2,1,286.131,42,205.16
3776,4706,2,8,5,9,9,9,9,9,2,1,286.745,41,189.71
3777,4706,3,8,5,9,9,9,9,9,2,1,286.452,42,189.74
3778,4707,1,6,1,7,7,7,7,7,1,1,286.894,42,152.473
3779,4707,2,6,1,7,7,7,7,7,1,1,286.853,41,151.311
3780,4707,3,6,1,7,7,7,7,7,1,1,286.778,42,151.048
3781,4708,1,9,4,10,10,10,10,10,2,1,286.784,42,282.422
3782,4708,2,9,4,10,10,10,10,10,2,1,287.137,42,283.75
3783,4708,3,9,4,10,10,10,10,10,2,1,286.204,42,283.126
3784,4709,1,6,2,32,32,32,32,32,0,1,286.345,42,150.283
3785,4709,2,6,2,32,32,32,32,32,0,1,286.319,42,147.522
3786,4709,3,6,2,32,32,32,32,32,0,1,287.043,42,152.768
3787,4710,1,7,3,5,5,5,5,5,1,1,286.424,42,163.025
3788,4710,2,7,3,5,5,5,5,5,1,1,288.018,42,162.734
3789,4710,3,7,3,5,5,5,5,5,1,1,286.302,41,162.753
3790,4711,1,5,2,4,4,4,4,4,0,1,287.127,42,239.251
3791,4711,2,5,2,4,4,4,4,4,0,1,286.646,42,225.447
3792,4711,3,5,2,4,4,4,4,4,0,1,287.203,42,221.534
3793,4712,1,5,2,8,8,8,8,8,0,1,287.045,42,198.791
3794,4712,2,5,2,8,8,8,8,8,0,1,286.729,42,198.675
3795,4712,3,5,2,8,8,8,8,8,0,1,286.332,42,198.137
3796,4713,1,7,3,3,3,3,3,3,1,1,287.212,41,166.012
3797,4713,2,7,3,3,3,3,3,3,1,1,286.831,42,167.087
3798,4713,3,7,3,3,3,3,3,3,1,1,286.438,42,167.19
3799,4714,1,6,2,8,8,8,8,8,0,1,286.153,42,187.432
3800,4714,2,6,2,8,8,8,8,8,0,1,286.634,42,187.583
3801,4714,3,6,2,8,8,8,8,8,0,1,286.366,41,188.364
3802,4715,1,5,2,3,3,3,3,3,1,1,286.865,42,145.129
3803,4715,2,5,2,3,3,3,3,3,1,1,286.908,42,144.968
3804,4715,3,5,2,3,3,3,3,3,1,1,286.858,41,150.135
3805,4716,1,3,1,3,3,3,3,3,0,1,286.861,42,166.498
3806,4716,2,3,1,3,3,3,3,3,0,1,287.018,42,150.595
3807,4716,3,3,1,3,3,3,3,3,0,1,286.804,42,149.261
3808,4717,1,7,2,4,4,4,4,4,2,1,287.393,42,492.465
3809,4717,2,7,2,4,4,4,4,4,2,1,287.12,42,486.291
3810,4717,3,7,2,4,4,4,4,4,2,1,287.002,42,488.92
3811,4718,1,4,1,5,5,5,5,5,0,1,286.529,41,147.422
3812,4718,2,4,1,5,5,5,5,5,0,1,287.093,41,146.621
3813,4718,3,4,1,5,5,5,5,5,0,1,287.404,42,146.47
3814,4719,1,3,1,3,3,3,3,3,0,1,286.2,42,158.427
3815,4719,2,3,1,3,3,3,3,3,0,1,286.993,42,157.57
3816,4719,3,3,1,3,3,3,3,3,0,1,286.233,42,158.902
3817,4720,1,7,2,7,7,7,7,7,1,1,287.017,42,180.331
3818,4720,2,7,2,7,7,7,7,7,1,1,286.426,41,178.715
3819,4720,3,7,2,7,7,7,7,7,1,1,286.348,42,178.841
3820,4721,1,6,2,3,3,3,3,3,1,1,286.843,42,557.617
3821,4721,2,6,2,3,3,3,3,3,1,1,286.809,42,539.674
3822,4721,3,6,2,3,3,3,3,3,1,1,286.265,42,541.172
3823,4722,1,4,2,5,5,5,5,5,0,1,286.078,41,175.174
3824,4722,2,4,2,5,5,5,5,5,0,1,287.281,42,176.141
3825,4722,3,4,2,5,5,5,5,5,0,1,286.789,41,175.548
3826,4723,1,5,2,5,5,5,5,5,0,1,286.644,42,787.257
3827,4723,2,5,2,5,5,5,5,5,0,1,286.247,42,796.598
3828,4723,3,5,2,5,5,5,5,5,0,1,286.817,41,787.752
3829,4724,1,5,3,4,4,4,4,4,0,1,286.776,42,280.64
3830,4724,2,5,3,4,4,4,4,4,0,1,287.063,41,278.254
3831,4724,3,5,3,4,4,4,4,4,0,1,286.802,42,282.119
3832,4725,1,6,1,20,20,20,20,20,0,1,286.42,42,145.237
3833,4725,2,6,1,20,20,20,20,20,0,1,286.99,42,145.619
3834,4725,3,6,1,20,20,20,20,20,0,1,286.378,42,163.92
3835,4726,1,9,3,5,5,5,5,5,1,1,286.276,42,314.092
3836,4726,2,9,3,5,5,5,5,5,1,1,287.174,42,308.826
3837,4726,3,9,3,5,5,5,5,5,1,1,287.104,42,315.177
3838,4727,1,5,2,5,5,5,5,5,1,1,287.076,41,163.99
3839,4727,2,5,2,5,5,5,5,5,1,1,286.43,42,162.645
3840,4727,3,5,2,5,5,5,5,5,1,1,286.468,42,161.793
3841,4728,1,6,2,13,13,13,13,13,0,1,286.777,42,198.838
3842,4728,2,6,2,13,13,13,13,13,0,1,286.717,42,198.879
3843,4728,3,6,2,13,13,13,13,13,0,1,286.941,42,200.583
3844,4729,1,10,4,10,10,10,10,10,0,1,287.73,42,8501.9
3845,4729,2,10,4,10,10,10,10,10,0,1,286.786,42,8651.38
3846,4729,3,10,4,10,10,10,10,10,0,1,286.464,42,8592.51
3847,4730,1,6,2,5,5,5,5,5,1,1,286.865,41,150.859
3848,4730,2,6,2,5,5,5,5,5,1,1,286.859,42,148.669
3849,4730,3,6,2,5,5,5,5,5,1,1,287.5,42,151.286
3850,4731,1,5,2,2,2,2,2,2,3,1,286.784,41,148.859
3851,4731,2,5,2,2,2,2,2,2,3,1,286.455,42,148.43
3852,4731,3,5,2,2,2,2,2,2,3,1,286.73,42,149.705
3853,4732,1,4,1,3,3,3,3,3,1,1,287.244,42,159.997
3854,4732,2,4,1,3,3,3,3,3,1,1,287.042,42,158.097
3855,4732,3,4,1,3,3,3,3,3,1,1,286.864,41,158.911
3856,4733,1,4,2,3,3,3,3,3,0,1,286.957,41,200.56
3857,4733,2,4,2,3,3,3,3,3,0,1,286.779,42,199.185
3858,4733,3,4,2,3,3,3,3,3,0,1,287.045,42,201.726
3859,4734,1,6,1,5,5,5,5,5,1,1,286.84,42,266.412
3860,4734,2,6,1,5,5,5,5,5,1,1,287.148,41,249.107
3861,4734,3,6,1,5,5,5,5,5,1,1,286.925,42,247.441
3862,4735,1,7,3,8,8,8,8,8,0,1,286.486,42,314.941
3863,4735,2,7,3,8,8,8,8,8,0,1,286.705,42,319.814
3864,4735,3,7,3,8,8,8,8,8,0,1,286.412,41,319.437
3865,4736,1,5,2,3,3,3,3,3,1,1,286.569,41,145.298
3866,4736,2,5,2,3,3,3,3,3,1,1,286.238,42,145.756
3867,4736,3,5,2,3,3,3,3,3,1,1,286.765,41,146.304
3868,4737,1,6,3,2,2,2,2,2,1,1,286.807,41,1946.15
3869,4737,2,6,3,2,2,2,2,2,1,1,287.108,41,1927.14
3870,4737,3,6,3,2,2,2,2,2,1,1,287.116,42,1942.2
3871,4738,1,6,3,8,8,8,8,8,1,1,286.753,42,159.721
3872,4738,2,6,3,8,8,8,8,8,1,1,287.065,42,155.846
3873,4738,3,6,3,8,8,8,8,8,1,1,286.134,41,173.824
3874,4739,1,5,1,13,13,13,13,13,0,1,286.481,42,148.596
3875,4739,2,5,1,13,13,13,13,13,0,1,286.85,42,149.861
3876,4739,3,5,1,13,13,13,13,13,0,1,287.039,42,148.118
3877,4740,1,8,2,8,8,8,8,8,1,1,287.713,42,1416.73
3878,4740,2,8,2,8,8,8,8,8,1,1,286.319,42,1418.38
3879,4740,3,8,2,8,8,8,8,8,1,1,286.173,42,1445.13
3880,4741,1,8,4,9,9,9,9,9,2,1,286.753,42,184.808
3881,4741,2,8,4,9,9,9,9,9,2,1,286.423,41,188.893
3882,4741,3,8,4,9,9,9,9,9,2,1,286.276,41,182.54
3883,4742,1,5,2,5,5,5,5,5,0,1,286.92,41,168.96
3884,4742,2,5,2,5,5,5,5,5,0,1,286.585,41,167.866
3885,4742,3,5,2,5,5,5,5,5,0,1,286.407,42,165.894
3886,4743,1,4,2,6,6,6,6,6,0,1,286.418,41,168.448
3887,4743,2,4,2,6,6,6,6,6,0,1,286.28,41,192.357
3888,4743,3,4,2,6,6,6,6,6,0,1,286.317,42,170.25
3889,4744,1,5,1,4,4,4,4,4,1,1,286.545,42,190.876
3890,4744,2,5,1,4,4,4,4,4,1,1,286.892,42,191.997
3891,4744,3,5,1,4,4,4,4,4,1,1,286.644,42,191.278
3892,4745,1,6,2,5,5,5,5,5,1,1,287.112,42,152.227
3893,4745,2,6,2,5,5,5,5,5,1,1,286.221,41,154.148
3894,4745,3,6,2,5,5,5,5,5,1,1,286.563,41,153.665
3895,4746,1,6,2,3,3,3,3,3,1,1,286.934,42,150.118
3896,4746,2,6,2,3,3,3,3,3,1,1,287.152,42,151.628
3897,4746,3,6,2,4,4,4,4,4,1,1,286.34,42,151.539
3898,4747,1,7,2,5,5,5,5,5,1,1,286.209,42,242.406
3899,4747,2,7,2,5,5,5,5,5,1,1,286.384,41,242.197
3900,4747,3,7,2,5,5,5,5,5,1,1,286.21,42,245.889
3901,4748,1,7,2,39,39,39,39,39,0,1,286.79,41,152.154
3902,4748,2,7,2,39,39,39,39,39,0,1,287.008,42,168.409
3903,4748,3,7,2,39,39,39,39,39,0,1,286.899,42,149.518
3904,4749,1,4,1,7,7,7,7,7,0,1,286.362,42,147.307
3905,4749,2,4,1,7,7,7,7,7,0,1,287.079,42,147.634
3906,4749,3,4,1,7,7,7,7,7,0,1,286.492,41,151.147
3907,4750,1,7,2,5,5,5,5,5,2,1,287.338,42,159.339
3908,4750,2,7,2,5,5,5,5,5,2,1,286.795,42,157.806
3909,4750,3,7,2,5,5,5,5,5,2,1,287.222,41,160.502
3910,4751,1,5,1,17,17,17,17,17,0,1,286.349,42,184.396
3911,4751,2,5,1,17,17,17,17,17,0,1,286.173,41,180.813
3912,4751,3,5,1,17,17,17,17,17,0,1,286.503,42,185.945
3913,4752,1,5,1,3,3,3,3,3,1,1,286.567,42,237.493
3914,4752,2,5,1,3,3,3,3,3,1,1,286.867,42,236.46
3915,4752,3,5,1,3,3,3,3,3,1,1,286.616,42,240.324
3916,4753,1,5,2,6,6,6,6,6,0,1,286.861,42,205.961
3917,4753,2,5,2,6,6,6,6,6,0,1,286.272,42,222.84
3918,4753,3,5,2,6,6,6,6,6,0,1,286.388,42,206.538
3919,4754,1,7,3,5,5,5,5,5,2,1,286.959,42,178.311
3920,4754,2,7,3,5,5,5,5,5,2,1,286.944,42,177.432
3921,4754,3,7,3,5,5,5,5,5,2,1,286.387,41,178.596
3922,4755,1,4,1,7,7,7,7,7,0,1,286.835,41,190.063
3923,4755,2,4,1,7,7,7,7,7,0,1,287.073,42,190.655
3924,4755,3,4,1,7,7,7,7,7,0,1,286.845,42,188.034
3925,4756,1,5,2,5,5,5,5,5,1,1,286.514,42,547.531
3926,4756,2,5,2,5,5,5,5,5,1,1,286.395,42,545.943
3927,4756,3,5,2,5,5,5,5,5,1,1,286.689,42,557.677
3928,4757,1,3,1,4,4,4,4,4,0,1,287.023,41,150.526
3929,4757,2,3,1,4,4,4,4,4,0,1,287.357,42,152.123
3930,4757,3,3,1,4,4,4,4,4,0,1,286.74,42,152.07
3931,4758,1,8,2,44,44,44,44,44,0,1,287.065,42,155.434
3932,4758,2,8,2,44,44,44,44,44,0,1,287.268,41,173.287
3933,4758,3,8,2,44,44,44,44,44,0,1,286.324,41,156.927
3934,4759,1,11,4,6,6,6,6,6,1,1,287.026,41,5681.38
3935,4759,2,11,4,6,6,6,6,6,1,1,287.065,41,5724.5
3936,4759,3,11,4,6,6,6,6,6,1,1,286.892,42,5616.9
3937,4760,1,7,4,9,9,9,9,9,1,1,286.803,42,160.949
3938,4760,2,7,4,9,9,9,9,9,1,1,286.77,41,161.108
3939,4760,3,7,4,8,8,8,8,8,1,1,286.859,42,163.63
3940,4761,1,7,3,10,10,10,10,10,0,1,286.843,41,581.478
3941,4761,2,7,3,10,10,10,10,10,0,1,286.18,42,585.335
3942,4761,3,7,3,10,10,10,10,10,0,1,286.617,41,579.08
3943,4762,1,9,5,9,9,9,9,9,0,1,286.544,41,8531.62
3944,4762,2,9,5,9,9,9,9,9,0,1,286.874,41,8432.71
3945,4762,3,9,5,9,9,9,9,9,0,1,286.672,42,8627.38
3946,4763,1,6,1,24,24,24,24,24,0,1,287.116,41,147.368
3947,4763,2,6,1,24,24,24,24,24,0,1,286.239,41,146.654
3948,4763,3,6,1,24,24,24,24,24,0,1,287.059,41,146.531
3949,4764,1,7,2,4,4,4,4,4,1,1,286.238,41,10530.0
3950,4764,2,7,2,4,4,4,4,4,1,1,286.484,42,10450.2
3951,4764,3,7,2,4,4,4,4,4,1,1,286.399,42,10318.2
3952,4765,1,4,1,3,3,3,3,3,1,1,286.877,41,164.254
3953,4765,2,4,1,3,3,3,3,3,1,1,286.959,42,165.925
3954,4765,3,4,1,3,3,3,3,3,1,1,286.649,42,171.378
3955,4766,1,6,2,8,8,8,8,8,0,1,286.204,42,197.226
3956,4766,2,6,2,8,8,8,8,8,0,1,287.137,42,196.47
3957,4766,3,6,2,8,8,8,8,8,0,1,286.372,42,195.319
3958,4767,1,6,2,18,18,18,18,18,0,1,286.139,41,148.864
3959,4767,2,6,2,18,18,18,18,18,0,1,286.99,41,150.646
3960,4767,3,6,2,18,18,18,18,18,0,1,286.225,42,165.396
3961,4768,1,4,3,8,8,8,8,8,0,1,286.495,42,185.766
3962,4768,2,4,3,8,8,8,8,8,0,1,286.402,42,186.611
3963,4768,3,4,3,8,8,8,8,8,0,1,286.376,42,186.281
3964,4769,1,5,2,7,7,7,7,7,0,1,286.471,42,164.825
3965,4769,2,5,2,7,7,7,7,7,0,1,287.038,42,169.358
3966,4769,3,5,2,7,7,7,7,7,0,1,286.307,41,166.343
3967,4770,1,12,4,54,54,54,54,54,0,1,287.071,42,9158.23
3968,4770,2,12,4,54,54,54,54,54,0,1,286.703,41,9016.72
3969,4770,3,12,4,54,54,54,54,54,0,1,286.086,41,8970.2
3970,4771,1,10,4,5,5,5,5,5,1,1,286.919,41,1221.1
3971,4771,2,10,4,5,5,5,5,5,1,1,286.524,42,1200.41
3972,4771,3,10,4,5,5,5,5,5,1,1,286.409,42,1180.32
3973,4772,1,7,3,9,9,9,9,9,0,1,286.889,41,587.772
3974,4772,2,7,3,9,9,9,9,9,0,1,286.401,42,589.08
3975,4772,3,7,3,9,9,9,9,9,0,1,286.146,41,580.327
3976,4773,1,7,2,4,4,4,4,4,1,1,286.741,42,164.887
3977,4773,2,7,2,4,4,4,4,4,1,1,286.795,42,166.81
3978,4773,3,7,2,4,4,4,4,4,1,1,286.644,42,162.583
3979,4774,1,7,3,7,7,7,7,7,0,1,286.966,41,253.371
3980,4774,2,7,3,7,7,7,7,7,0,1,286.926,42,251.473
3981,4774,3,7,3,7,7,7,7,7,0,1,287.052,42,254.045
3982,4775,1,8,3,12,12,12,12,12,0,1,286.354,42,1694.28
3983,4775,2,8,3,12,12,12,12,12,0,1,286.287,41,1654.33
3984,4775,3,8,3,12,12,12,12,12,0,1,286.84,42,1675.74
3985,4776,1,6,2,8,8,8,8,8,0,1,287.179,41,217.185
3986,4776,2,6,2,8,8,8,8,8,0,1,286.992,42,216.544
3987,4776,3,6,2,8,8,8,8,8,0,1,286.498,42,214.787
3988,4777,1,5,2,3,3,3,3,3,1,1,286.375,42,593.142
3989,4777,2,5,2,3,3,3,3,3,1,1,287.037,42,592.078
3990,4777,3,5,2,3,3,3,3,3,1,1,286.257,41,588.602
3991,4778,1,4,1,9,9,9,9,9,0,1,286.508,42,153.968
3992,4778,2,4,1,9,9,9,9,9,0,1,286.618,41,150.414
3993,4778,3,4,1,9,9,9,9,9,0,1,287.241,42,149.866
3994,4779,1,5,1,7,7,7,7,7,0,1,286.881,41,159.759
3995,4779,2,5,1,7,7,7,7,7,0,1,286.746,42,159.11
3996,4779,3,5,1,7,7,7,7,7,0,1,286.215,42,156.501
3997,4780,1,,,,,,,,,,,,
3998,4780,2,,,,,,,,,,,,
3999,4780,3,,,,,,,,,,,,
4000,4781,1,3,2,3,3,3,3,3,0,1,286.7,42,156.896
4001,4781,2,3,2,3,3,3,3,3,0,1,287.258,42,173.196
4002,4781,3,3,2,3,3,3,3,3,0,1,286.495,42,156.801
4003,4782,1,7,3,16,16,16,16,16,1,1,287.132,42,174.408
4004,4782,2,7,3,16,16,16,16,16,1,1,286.354,41,168.357
4005,4782,3,7,3,16,16,16,16,16,1,1,286.271,42,167.342
4006,4783,1,8,4,9,9,9,9,9,0,1,286.713,42,606.76
4007,4783,2,8,4,9,9,9,9,9,0,1,286.991,42,603.354
4008,4783,3,8,4,9,9,9,9,9,0,1,287.348,41,612.33
4009,4784,1,8,3,16,16,16,16,16,0,1,286.712,42,1833.45
4010,4784,2,8,3,16,16,16,16,16,0,1,286.451,41,1836.3
4011,4784,3,8,3,16,16,16,16,16,0,1,286.948,42,1817.49
4012,4785,1,7,3,5,5,5,5,5,2,1,286.492,42,162.63
4013,4785,2,7,3,5,5,5,5,5,2,1,286.767,42,161.894
4014,4785,3,7,3,5,5,5,5,5,2,1,286.487,42,166.323
4015,4786,1,7,2,26,26,26,26,26,0,1,286.803,42,169.339
4016,4786,2,7,2,26,26,26,26,26,0,1,286.429,42,151.898
4017,4786,3,7,2,26,26,26,26,26,0,1,286.876,42,155.842
4018,4787,1,6,3,7,7,7,7,7,1,1,286.882,42,264.919
4019,4787,2,6,3,7,7,7,7,7,1,1,287.223,41,158.442
4020,4787,3,6,3,7,7,7,7,7,1,1,286.425,42,157.527
4021,4788,1,5,1,6,6,6,6,6,0,1,286.855,42,174.467
4022,4788,2,5,1,6,6,6,6,6,0,1,287.096,41,177.318
4023,4788,3,5,1,6,6,6,6,6,0,1,286.489,41,172.606
4024,4789,1,7,2,30,30,30,30,30,0,1,286.575,41,154.883
4025,4789,2,7,2,30,30,30,30,30,0,1,286.255,42,150.911
4026,4789,3,7,2,30,30,30,30,30,0,1,286.91,42,149.42
4027,4790,1,7,2,9,9,9,9,9,0,1,286.248,42,297.886
4028,4790,2,7,2,9,9,9,9,9,0,1,286.289,42,296.983
4029,4790,3,7,2,9,9,9,9,9,0,1,286.918,42,299.311
4030,4791,1,7,3,9,9,9,9,9,0,1,286.464,41,317.53
4031,4791,2,7,3,9,9,9,9,9,0,1,287.137,42,296.169
4032,4791,3,7,3,9,9,9,9,9,0,1,287.397,41,299.238
4033,4792,1,4,1,11,11,11,11,11,0,1,287.151,42,149.827
4034,4792,2,4,1,11,11,11,11,11,0,1,286.902,42,148.776
4035,4792,3,4,1,11,11,11,11,11,0,1,286.513,42,150.324
4036,4793,1,7,3,9,9,9,9,9,0,1,287.044,42,299.125
4037,4793,2,7,3,9,9,9,9,9,0,1,286.194,42,331.413
4038,4793,3,7,3,9,9,9,9,9,0,1,286.642,41,302.218
4039,4794,1,6,2,6,6,6,6,6,0,1,287.034,41,281.186
4040,4794,2,6,2,6,6,6,6,6,0,1,287.244,42,274.981
4041,4794,3,6,2,6,6,6,6,6,0,1,286.9,42,281.983
4042,4795,1,7,4,6,6,6,6,6,0,1,286.931,42,610.985
4043,4795,2,7,4,6,6,6,6,6,0,1,286.998,42,607.365
4044,4795,3,7,4,6,6,6,6,6,0,1,287.206,41,612.596
4045,4796,1,8,3,12,12,12,12,12,0,1,287.091,41,1964.21
4046,4796,2,8,3,12,12,12,12,12,0,1,286.308,42,1964.73
4047,4796,3,8,3,12,12,12,12,12,0,1,286.728,42,2095.26
4048,4797,1,7,2,8,8,8,8,8,1,1,286.98,42,177.496
4049,4797,2,7,2,8,8,8,8,8,1,1,287.163,42,177.642
4050,4797,3,7,2,8,8,8,8,8,1,1,286.831,41,177.472
4051,4798,1,6,3,6,6,6,6,6,0,1,287.053,42,195.314
4052,4798,2,6,3,6,6,6,6,6,0,1,286.991,42,196.006
4053,4798,3,6,3,6,6,6,6,6,0,1,286.514,42,194.225
4054,4799,1,5,1,9,9,9,9,9,0,1,286.822,42,262.526
4055,4799,2,5,1,9,9,9,9,9,0,1,286.33,42,259.467
4056,4799,3,5,1,9,9,9,9,9,0,1,287.141,42,258.704
4057,4800,1,4,1,7,7,7,7,7,0,1,286.547,42,164.028
4058,4800,2,4,1,7,7,7,7,7,0,1,286.984,42,161.279
4059,4800,3,4,1,7,7,7,7,7,0,1,286.399,42,177.968
4060,4801,1,5,2,4,4,4,4,4,1,1,287.013,41,153.807
4061,4801,2,5,2,4,4,4,4,4,1,1,287.318,42,276.377
4062,4801,3,5,2,4,4,4,4,4,1,1,286.342,42,417.727
4063,4802,1,10,5,9,9,9,9,9,0,1,286.569,42,8533.85
4064,4802,2,10,5,9,9,9,9,9,0,1,286.522,41,8351.6
4065,4802,3,10,5,9,9,9,9,9,0,1,286.889,41,8318.78
4066,4803,1,7,3,11,11,11,11,11,0,1,286.805,42,2604.9
4067,4803,2,7,3,11,11,11,11,11,0,1,287.662,42,2653.42
4068,4803,3,7,3,11,11,11,11,11,0,1,287.02,42,2625.38
4069,4804,1,15,5,9,9,9,9,9,1,1,286.372,42,39044.9
4070,4804,2,15,5,9,9,9,9,9,1,1,286.89,41,39471.9
4071,4804,3,15,5,9,9,9,9,9,1,1,287.052,42,39083.6
4072,4805,1,8,3,9,9,9,9,9,0,1,286.628,42,561.873
4073,4805,2,8,3,9,9,9,9,9,0,1,286.208,42,557.471
4074,4805,3,8,3,9,9,9,9,9,0,1,286.898,42,557.264
4075,4806,1,3,2,2,2,2,2,2,0,1,286.76,41,144.391
4076,4806,2,3,2,2,2,2,2,2,0,1,286.982,42,160.4
4077,4806,3,3,2,2,2,2,2,2,0,1,286.185,41,149.022
4078,4807,1,4,1,5,5,5,5,5,0,1,286.466,42,187.435
4079,4807,2,4,1,5,5,5,5,5,0,1,286.887,42,186.256
4080,4807,3,4,1,5,5,5,5,5,0,1,286.966,42,185.029
4081,4808,1,11,4,6,6,6,6,6,1,1,287.07,42,3894.78
4082,4808,2,11,4,6,6,6,6,6,1,1,287.368,41,3908.95
4083,4808,3,11,4,6,6,6,6,6,1,1,287.122,41,3872.12
4084,4809,1,6,2,3,3,3,3,3,1,1,287.343,42,1858.21
4085,4809,2,6,2,3,3,3,3,3,1,1,287.16,42,1849.0
4086,4809,3,6,2,3,3,3,3,3,1,1,286.595,42,1846.22
4087,4810,1,15,5,9,9,9,9,9,1,1,287.058,42,63047.8
4088,4810,2,15,5,9,9,9,9,9,1,1,286.244,41,62368.3
4089,4810,3,15,5,9,9,9,9,9,1,1,286.935,42,63351.0
4090,4811,1,13,5,11,11,11,11,11,0,1,286.5,41,39226.1
4091,4811,2,13,5,11,11,11,11,11,0,1,286.937,42,38564.2
4092,4811,3,13,5,11,11,11,11,11,0,1,286.962,42,39536.1
4093,4812,1,6,2,8,8,8,8,8,0,1,286.663,41,178.885
4094,4812,2,6,2,8,8,8,8,8,0,1,286.29,41,181.23
4095,4812,3,6,2,8,8,8,8,8,0,1,286.892,41,180.846
4096,4813,1,10,4,11,11,11,11,11,0,1,287.376,42,15928.7
4097,4813,2,10,4,11,11,11,11,11,0,1,287.025,42,15752.1
4098,4813,3,10,4,11,11,11,11,11,0,1,286.448,42,15581.5
4099,4814,1,6,2,5,5,5,5,5,1,1,286.164,41,151.723
4100,4814,2,6,2,5,5,5,5,5,1,1,286.596,42,151.648
4101,4814,3,6,2,5,5,5,5,5,1,1,286.899,41,149.908
4102,4815,1,8,3,14,14,14,14,14,0,1,286.199,42,851.043
4103,4815,2,8,3,14,14,14,14,14,0,1,286.245,42,837.219
4104,4815,3,8,3,14,14,14,14,14,0,1,286.997,41,853.596
4105,4816,1,7,3,14,14,14,14,14,0,1,286.387,42,277.785
4106,4816,2,7,3,14,14,14,14,14,0,1,286.882,42,273.406
4107,4816,3,7,3,14,14,14,14,14,0,1,287.066,42,276.245
4108,4817,1,7,4,12,12,12,12,12,1,1,287.009,42,167.793
4109,4817,2,7,4,12,12,12,12,12,1,1,286.41,42,168.978
4110,4817,3,7,4,12,12,12,12,12,1,1,287.025,41,169.199
4111,4818,1,10,4,15,15,15,15,15,0,1,287.453,42,19263.6
4112,4818,2,10,4,15,15,15,15,15,0,1,286.806,42,19247.5
4113,4818,3,10,4,15,15,15,15,15,0,1,286.931,42,18895.8
4114,4819,1,9,3,5,5,5,5,5,1,1,286.741,42,16443.3
4115,4819,2,9,3,5,5,5,5,5,1,1,286.985,42,16127.8
4116,4819,3,9,3,5,5,5,5,5,1,1,286.971,41,16109.6
4117,4820,1,5,1,5,5,5,5,5,1,1,286.896,42,161.284
4118,4820,2,5,1,5,5,5,5,5,1,1,286.433,42,161.872
4119,4820,3,5,1,5,5,5,5,5,1,1,286.917,42,160.545
4120,4821,1,5,1,4,4,4,4,4,1,1,286.562,42,284.47
4121,4821,2,5,1,4,4,4,4,4,1,1,286.157,41,278.933
4122,4821,3,5,1,4,4,4,4,4,1,1,286.539,41,279.911
4123,4822,1,7,3,9,9,9,9,9,0,1,286.852,41,406.396
4124,4822,2,7,3,9,9,9,9,9,0,1,286.513,42,334.927
4125,4822,3,7,3,9,9,9,9,9,0,1,287.183,41,332.433
4126,4823,1,7,4,9,9,9,9,9,1,1,286.779,42,282.321
4127,4823,2,7,4,9,9,9,9,9,1,1,286.259,42,301.396
4128,4823,3,7,4,9,9,9,9,9,1,1,286.995,42,285.123
4129,4824,1,4,2,5,5,5,5,5,0,1,286.4,42,166.797
4130,4824,2,4,2,5,5,5,5,5,0,1,286.857,42,170.061
4131,4824,3,4,2,5,5,5,5,5,0,1,287.672,42,165.671
4132,4825,1,6,2,3,3,3,3,3,1,1,286.884,42,201.008
4133,4825,2,6,2,3,3,3,3,3,1,1,286.492,42,201.243
4134,4825,3,6,2,3,3,3,3,3,1,1,286.666,42,198.66
4135,4826,1,5,1,4,4,4,4,4,1,1,286.295,42,145.667
4136,4826,2,5,1,4,4,4,4,4,1,1,287.136,41,143.85
4137,4826,3,5,1,4,4,4,4,4,1,1,286.262,41,151.129
4138,4827,1,6,2,5,5,5,5,5,1,1,287.051,42,262.43
4139,4827,2,6,2,5,5,5,5,5,1,1,286.556,42,265.838
4140,4827,3,6,2,5,5,5,5,5,1,1,286.584,42,259.254
4141,4828,1,4,1,5,5,5,5,5,0,1,286.739,41,177.316
4142,4828,2,4,1,5,5,5,5,5,0,1,286.716,42,192.064
4143,4828,3,4,1,5,5,5,5,5,0,1,286.426,42,178.315
4144,4829,1,6,2,4,4,4,4,4,1,1,286.225,42,151.18
4145,4829,2,6,2,4,4,4,4,4,1,1,286.951,42,155.268
4146,4829,3,6,2,4,4,4,4,4,1,1,286.398,42,150.495
4147,4830,1,9,4,4,4,4,4,4,1,1,286.457,42,303.89
4148,4830,2,9,4,4,4,4,4,4,1,1,287.829,41,303.587
4149,4830,3,9,4,4,4,4,4,4,1,1,286.147,41,301.638
4150,4831,1,5,1,10,10,10,10,10,0,1,286.327,42,148.14
4151,4831,2,5,1,10,10,10,10,10,0,1,286.497,41,147.662
4152,4831,3,5,1,10,10,10,10,10,0,1,286.436,42,149.699
4153,4832,1,4,1,8,8,8,8,8,0,1,286.851,41,161.875
4154,4832,2,4,1,8,8,8,8,8,0,1,286.989,42,161.6
4155,4832,3,4,1,8,8,8,8,8,0,1,286.726,42,159.37
4156,4833,1,7,2,5,5,5,5,5,2,1,286.921,42,162.196
4157,4833,2,7,2,5,5,5,5,5,2,1,286.317,42,178.808
4158,4833,3,7,2,5,5,5,5,5,2,1,287.067,42,160.671
4159,4834,1,7,2,7,7,7,7,7,1,1,287.065,42,275.755
4160,4834,2,7,2,7,7,7,7,7,1,1,287.13,42,275.053
4161,4834,3,7,2,7,7,7,7,7,1,1,287.053,41,272.305
4162,4835,1,4,1,9,9,9,9,9,0,1,286.917,41,160.66
4163,4835,2,4,1,9,9,9,9,9,0,1,286.981,42,158.839
4164,4835,3,4,1,9,9,9,9,9,0,1,286.421,42,158.994
4165,4836,1,6,2,9,9,9,9,9,0,1,286.439,42,242.191
4166,4836,2,6,2,9,9,9,9,9,0,1,286.797,42,237.385
4167,4836,3,6,2,9,9,9,9,9,0,1,286.867,42,239.675
4168,4837,1,5,2,3,3,3,3,3,1,1,286.388,41,235.151
4169,4837,2,5,2,3,3,3,3,3,1,1,287.24,41,237.143
4170,4837,3,5,2,3,3,3,3,3,1,1,286.766,42,239.672
4171,4838,1,5,2,4,4,4,4,4,1,1,286.716,42,549.252
4172,4838,2,5,2,4,4,4,4,4,1,1,286.993,42,563.07
4173,4838,3,5,2,4,4,4,4,4,1,1,287.015,42,548.883
4174,4839,1,5,3,4,4,4,4,4,1,1,286.586,42,147.215
4175,4839,2,5,3,4,4,4,4,4,1,1,288.228,41,147.689
4176,4839,3,5,3,4,4,4,4,4,1,1,286.623,42,145.346
4177,4840,1,11,5,23,23,23,23,23,3,1,287.154,42,2753.83
4178,4840,2,11,5,23,23,23,23,23,3,1,286.494,41,2740.59
4179,4840,3,11,5,23,23,23,23,23,3,1,286.472,41,2802.38
4180,4841,1,6,2,6,6,6,6,6,0,1,286.828,42,197.354
4181,4841,2,6,2,6,6,6,6,6,0,1,287.105,42,197.813
4182,4841,3,6,2,6,6,6,6,6,0,1,286.681,41,199.49
4183,4842,1,6,2,3,3,3,3,3,1,1,287.798,42,144.27
4184,4842,2,6,2,3,3,3,3,3,1,1,286.86,42,147.409
4185,4842,3,6,2,3,3,3,3,3,1,1,287.206,42,160.266
4186,4843,1,5,2,3,3,3,3,3,1,1,288.209,42,145.155
4187,4843,2,5,2,3,3,3,3,3,1,1,287.068,42,145.272
4188,4843,3,5,2,3,3,3,3,3,1,1,287.377,41,143.937
4189,4844,1,5,2,3,3,3,3,3,1,1,286.81,42,647.833
4190,4844,2,5,2,3,3,3,3,3,1,1,286.757,41,648.183
4191,4844,3,5,2,3,3,3,3,3,1,1,287.32,42,661.731
4192,4845,1,5,2,4,4,4,4,4,1,1,288.761,42,269.436
4193,4845,2,5,2,4,4,4,4,4,1,1,286.613,42,265.207
4194,4845,3,5,2,4,4,4,4,4,1,1,286.935,42,265.642
4195,4846,1,10,4,5,5,5,5,5,1,1,286.855,42,608.534
4196,4846,2,10,4,5,5,5,5,5,1,1,286.81,42,616.304
4197,4846,3,10,4,5,5,5,5,5,1,1,286.94,41,606.915
4198,4847,1,3,1,4,4,4,4,4,0,1,286.983,42,161.005
4199,4847,2,3,1,4,4,4,4,4,0,1,286.851,41,170.167
4200,4847,3,3,1,4,4,4,4,4,0,1,287.108,42,158.129
4201,4848,1,3,1,4,4,4,4,4,0,1,286.971,41,745.073
4202,4848,2,3,1,4,4,4,4,4,0,1,289.117,41,257.311
4203,4848,3,3,1,4,4,4,4,4,0,1,288.507,42,246.02
4204,4849,1,8,3,8,8,8,8,8,1,1,286.703,42,458.786
4205,4849,2,8,3,8,8,8,8,8,1,1,286.629,41,554.128
4206,4849,3,8,3,8,8,8,8,8,1,1,286.732,42,240.114
4207,4850,1,10,5,8,8,8,8,8,1,1,286.826,41,771.07
4208,4850,2,10,5,8,8,8,8,8,1,1,287.096,41,774.218
4209,4850,3,10,5,8,8,8,8,8,1,1,286.894,41,789.1
4210,4851,1,6,2,8,8,8,8,8,1,1,286.489,41,188.032
4211,4851,2,6,2,8,8,8,8,8,1,1,286.716,41,188.607
4212,4851,3,6,2,8,8,8,8,8,1,1,286.492,42,188.256
4213,4852,1,8,2,48,48,48,48,48,0,1,286.975,41,186.479
4214,4852,2,8,2,48,48,48,48,48,0,1,286.638,41,174.062
4215,4852,3,8,2,48,48,48,48,48,0,1,286.516,42,174.051
4216,4853,1,5,2,6,6,6,6,6,0,1,286.908,42,196.556
4217,4853,2,5,2,6,6,6,6,6,0,1,286.877,42,196.065
4218,4853,3,5,2,6,6,6,6,6,0,1,286.84,42,197.53
4219,4854,1,8,2,9,9,9,9,9,2,1,286.959,42,184.273
4220,4854,2,8,2,9,9,9,9,9,2,1,286.656,41,182.533
4221,4854,3,8,2,9,9,9,9,9,2,1,287.269,42,182.036
4222,4855,1,3,1,1,1,1,1,1,1,1,286.624,42,156.714
4223,4855,2,3,1,1,1,1,1,1,1,1,287.177,41,156.672
4224,4855,3,3,1,1,1,1,1,1,1,1,286.71,42,157.566
4225,4856,1,6,3,3,3,3,3,3,1,1,287.345,41,154.725
4226,4856,2,6,3,3,3,3,3,3,1,1,286.883,41,152.311
4227,4856,3,6,3,3,3,3,3,3,1,1,287.043,41,151.41
4228,4857,1,5,2,5,5,5,5,5,0,1,287.22,42,697.082
4229,4857,2,5,2,5,5,5,5,5,0,1,287.297,42,687.829
4230,4857,3,5,2,5,5,5,5,5,0,1,286.475,41,690.465
4231,4858,1,6,2,9,9,9,9,9,0,1,287.106,42,190.988
4232,4858,2,6,2,9,9,9,9,9,0,1,287.127,42,190.347
4233,4858,3,6,2,9,9,9,9,9,0,1,287.11,42,189.045
4234,4859,1,5,2,8,8,8,8,8,0,1,286.934,41,166.255
4235,4859,2,5,2,8,8,8,8,8,0,1,287.103,42,165.94
4236,4859,3,5,2,8,8,8,8,8,0,1,286.261,42,171.452
4237,4860,1,7,3,6,6,6,6,6,1,1,287.183,41,168.589
4238,4860,2,7,3,6,6,6,6,6,1,1,286.736,41,168.648
4239,4860,3,7,3,6,6,6,6,6,1,1,286.762,41,169.531
4240,4861,1,5,3,4,4,4,4,4,1,1,287.344,42,148.918
4241,4861,2,5,3,4,4,4,4,4,1,1,287.027,42,147.862
4242,4861,3,5,3,4,4,4,4,4,1,1,286.428,42,147.618
4243,4862,1,7,3,8,8,8,8,8,0,1,288.057,42,293.304
4244,4862,2,7,3,8,8,8,8,8,0,1,287.272,42,279.169
4245,4862,3,7,3,8,8,8,8,8,0,1,286.939,41,277.836
4246,4863,1,7,3,4,4,4,4,4,2,1,287.173,42,161.293
4247,4863,2,7,3,4,4,4,4,4,2,1,287.06,42,163.092
4248,4863,3,7,3,4,4,4,4,4,2,1,287.552,42,167.447
4249,4864,1,5,2,5,5,5,5,5,0,1,286.829,42,147.488
4250,4864,2,5,2,5,5,5,5,5,0,1,286.581,42,151.5
4251,4864,3,5,2,5,5,5,5,5,0,1,286.488,41,149.112
4252,4865,1,4,1,7,7,7,7,7,0,1,286.997,41,157.661
4253,4865,2,4,1,7,7,7,7,7,0,1,286.914,42,153.523
4254,4865,3,4,1,7,7,7,7,7,0,1,286.903,41,152.503
4255,4866,1,5,2,5,5,5,5,5,0,1,286.945,41,298.475
4256,4866,2,5,2,5,5,5,5,5,0,1,287.155,42,303.667
4257,4866,3,5,2,5,5,5,5,5,0,1,287.232,41,304.561
4258,4867,1,6,2,5,5,5,5,5,1,1,286.244,42,169.195
4259,4867,2,6,2,5,5,5,5,5,1,1,286.77,42,153.468
4260,4867,3,6,2,5,5,5,5,5,1,1,286.908,42,152.301
4261,4868,1,4,3,2,2,2,2,2,0,1,286.439,41,281.283
4262,4868,2,4,3,2,2,2,2,2,0,1,286.144,42,278.347
4263,4868,3,4,3,2,2,2,2,2,0,1,286.434,41,280.213
4264,4869,1,6,2,3,3,3,3,3,1,1,286.791,42,303.754
4265,4869,2,6,2,3,3,3,3,3,1,1,287.187,42,305.882
4266,4869,3,6,2,3,3,3,3,3,1,1,286.24,42,301.692
4267,4870,1,9,5,9,9,9,9,9,3,1,287.581,41,499.478
4268,4870,2,9,5,9,9,9,9,9,3,1,287.014,42,510.982
4269,4870,3,9,5,9,9,9,9,9,3,1,287.008,42,501.525
4270,4871,1,7,3,9,9,9,9,9,0,1,286.572,41,582.699
4271,4871,2,7,3,9,9,9,9,9,0,1,286.822,42,582.285
4272,4871,3,7,3,9,9,9,9,9,0,1,286.787,42,583.3
4273,4872,1,6,2,9,9,9,9,9,0,1,286.441,42,286.299
4274,4872,2,6,2,9,9,9,9,9,0,1,286.48,42,266.831
4275,4872,3,6,2,9,9,9,9,9,0,1,286.237,41,264.972
4276,4873,1,6,4,8,8,8,8,8,0,1,287.193,42,262.058
4277,4873,2,6,4,8,8,8,8,8,0,1,286.84,42,267.935
4278,4873,3,6,4,8,8,8,8,8,0,1,286.993,42,264.58
4279,4874,1,3,1,3,3,3,3,3,0,1,285.887,42,145.387
4280,4874,2,3,1,3,3,3,3,3,0,1,286.36,42,145.357
4281,4874,3,3,1,3,3,3,3,3,0,1,286.678,42,143.556
4282,4875,1,4,1,7,7,7,7,7,0,1,286.739,41,157.313
4283,4875,2,4,1,7,7,7,7,7,0,1,287.013,41,155.934
4284,4875,3,4,1,7,7,7,7,7,0,1,287.341,42,156.075
4285,4876,1,6,2,4,4,4,4,4,1,1,287.249,41,151.707
4286,4876,2,6,2,4,4,4,4,4,1,1,286.926,42,150.365
4287,4876,3,6,2,4,4,4,4,4,1,1,287.15,42,151.588
4288,4877,1,7,3,5,5,5,5,5,1,1,287.227,42,178.282
4289,4877,2,7,3,5,5,5,5,5,1,1,286.395,42,165.289
4290,4877,3,7,3,5,5,5,5,5,1,1,286.911,42,164.38
4291,4878,1,6,2,5,5,5,5,5,1,1,287.549,41,154.969
4292,4878,2,6,2,5,5,5,5,5,1,1,287.937,41,152.195
4293,4878,3,6,2,5,5,5,5,5,1,1,288.249,42,152.0
4294,4879,1,6,2,9,9,9,9,9,0,1,287.041,42,280.141
4295,4879,2,6,2,9,9,9,9,9,0,1,286.544,41,284.489
4296,4879,3,6,2,9,9,9,9,9,0,1,287.068,42,279.04
4297,4880,1,2,1,2,2,2,2,2,0,1,286.848,42,149.774
4298,4880,2,2,1,2,2,2,2,2,0,1,286.895,42,150.346
4299,4880,3,2,1,2,2,2,2,2,0,1,286.399,41,150.926
4300,4881,1,7,2,22,22,22,22,22,0,1,287.282,42,176.56
4301,4881,2,7,2,22,22,22,22,22,0,1,286.974,42,177.649
4302,4881,3,7,2,22,22,22,22,22,0,1,286.814,42,176.433
4303,4882,1,6,2,23,23,23,23,23,0,1,287.137,42,188.706
4304,4882,2,6,2,23,23,23,23,23,0,1,287.188,42,175.344
4305,4882,3,6,2,23,23,23,23,23,0,1,287.466,42,242.88
4306,4883,1,3,1,3,3,3,3,3,0,1,286.526,42,159.104
4307,4883,2,3,1,3,3,3,3,3,0,1,286.475,41,150.502
4308,4883,3,3,1,3,3,3,3,3,0,1,286.885,42,148.193
4309,4884,1,5,2,3,3,3,3,3,1,1,286.888,42,148.711
4310,4884,2,5,2,3,3,3,3,3,1,1,286.757,41,150.007
4311,4884,3,5,2,3,3,3,3,3,1,1,286.321,41,146.687
4312,4885,1,7,1,25,25,25,25,25,0,1,286.684,41,149.858
4313,4885,2,7,1,25,25,25,25,25,0,1,286.606,42,148.793
4314,4885,3,7,1,25,25,25,25,25,0,1,286.89,42,148.878
4315,4886,1,7,2,5,5,5,5,5,2,1,286.974,42,164.632
4316,4886,2,7,2,5,5,5,5,5,2,1,286.732,41,161.497
4317,4886,3,7,2,5,5,5,5,5,2,1,286.869,42,165.757
4318,4887,1,6,2,17,17,17,17,17,0,1,287.576,42,168.83
4319,4887,2,6,2,17,17,17,17,17,0,1,287.005,42,154.909
4320,4887,3,6,2,17,17,17,17,17,0,1,286.328,41,153.108
4321,4888,1,6,2,8,8,8,8,8,0,1,286.456,41,195.624
4322,4888,2,6,2,8,8,8,8,8,0,1,287.079,41,197.656
4323,4888,3,6,2,8,8,8,8,8,0,1,286.908,42,196.929
4324,4889,1,7,4,6,6,6,6,6,2,1,286.915,42,162.411
4325,4889,2,7,4,6,6,6,6,6,2,1,287.031,42,164.32
4326,4889,3,7,4,6,6,6,6,6,2,1,286.679,41,167.236
4327,4890,1,5,1,5,5,5,5,5,1,1,287.027,41,147.97
4328,4890,2,5,1,5,5,5,5,5,1,1,286.708,42,143.623
4329,4890,3,5,1,5,5,5,5,5,1,1,287.019,42,145.028
4330,4891,1,7,3,7,7,7,7,7,0,1,286.484,41,272.496
4331,4891,2,7,3,7,7,7,7,7,0,1,286.5,42,276.668
4332,4891,3,7,3,7,7,7,7,7,0,1,286.707,42,275.277
4333,4892,1,5,1,5,5,5,5,5,1,1,287.066,42,257.61
4334,4892,2,5,1,5,5,5,5,5,1,1,286.915,42,244.031
4335,4892,3,5,1,5,5,5,5,5,1,1,286.66,41,242.831
4336,4893,1,5,2,5,5,5,5,5,1,1,286.895,42,147.538
4337,4893,2,5,2,5,5,5,5,5,1,1,286.675,41,148.24
4338,4893,3,5,2,5,5,5,5,5,1,1,287.13,42,146.308
4339,4894,1,7,2,7,7,7,7,7,1,1,287.29,41,302.62
4340,4894,2,7,2,7,7,7,7,7,1,1,286.607,42,304.082
4341,4894,3,7,2,7,7,7,7,7,1,1,286.608,42,303.906
4342,4895,1,8,3,8,8,8,8,8,2,1,286.782,42,569.978
4343,4895,2,8,3,8,8,8,8,8,2,1,286.711,42,578.872
4344,4895,3,8,3,8,8,8,8,8,2,1,287.184,41,580.286
4345,4896,1,5,2,2,2,2,2,2,1,1,286.909,41,149.076
4346,4896,2,5,2,2,2,2,2,2,1,1,287.548,42,146.019
4347,4896,3,5,2,2,2,2,2,2,1,1,286.738,41,147.216
4348,4897,1,8,4,8,8,8,8,8,0,1,286.436,42,793.669
4349,4897,2,8,4,8,8,8,8,8,0,1,286.793,42,777.185
4350,4897,3,8,4,8,8,8,8,8,0,1,286.966,42,782.821
4351,4898,1,8,2,13,13,13,13,13,0,1,287.037,42,2146.58
4352,4898,2,8,2,13,13,13,13,13,0,1,286.472,42,2175.82
4353,4898,3,8,2,13,13,13,13,13,0,1,286.662,42,2154.74
4354,4899,1,4,2,3,3,3,3,3,0,1,286.935,42,153.708
4355,4899,2,4,2,3,3,3,3,3,0,1,287.372,42,155.471
4356,4899,3,4,2,3,3,3,3,3,0,1,286.644,41,152.604
4357,4900,1,9,3,5,5,5,5,5,1,1,286.707,42,425.145
4358,4900,2,9,3,5,5,5,5,5,1,1,286.687,42,430.864
4359,4900,3,9,3,5,5,5,5,5,1,1,286.971,42,429.977
4360,4901,1,4,2,4,4,4,4,4,0,1,286.902,42,222.274
4361,4901,2,4,2,4,4,4,4,4,0,1,286.642,42,236.718
4362,4901,3,4,2,4,4,4,4,4,0,1,286.65,42,221.293
4363,4902,1,6,2,6,6,6,6,6,1,1,286.809,42,571.901
4364,4902,2,6,2,6,6,6,6,6,1,1,286.51,42,570.247
4365,4902,3,6,2,6,6,6,6,6,1,1,286.509,41,583.048
4366,4903,1,7,2,24,24,24,24,24,0,1,286.783,42,157.772
4367,4903,2,7,2,24,24,24,24,24,0,1,288.479,42,155.771
4368,4903,3,7,2,24,24,24,24,24,0,1,286.698,41,156.748
4369,4904,1,6,1,18,18,18,18,18,0,1,286.473,41,157.271
4370,4904,2,6,1,18,18,18,18,18,0,1,286.534,42,154.614
4371,4904,3,6,1,18,18,18,18,18,0,1,286.773,42,156.028
4372,4905,1,7,3,6,6,6,6,6,1,1,287.045,42,161.227
4373,4905,2,7,3,6,6,6,6,6,1,1,286.467,42,160.334
4374,4905,3,7,3,6,6,6,6,6,1,1,286.909,42,159.808
4375,4906,1,9,3,12,12,12,12,12,2,1,286.465,41,242.821
4376,4906,2,9,3,13,13,13,13,13,2,1,286.377,41,257.081
4377,4906,3,9,3,12,12,12,12,12,2,1,286.572,41,240.966
4378,4907,1,3,1,4,4,4,4,4,0,1,287.066,42,147.932
4379,4907,2,3,1,4,4,4,4,4,0,1,286.696,42,147.542
4380,4907,3,3,1,4,4,4,4,4,0,1,287.093,41,148.075
4381,4908,1,4,2,8,8,8,8,8,0,1,287.071,42,161.319
4382,4908,2,4,2,8,8,8,8,8,0,1,287.129,42,159.937
4383,4908,3,4,2,8,8,8,8,8,0,1,287.253,41,162.276
4384,4909,1,9,3,16,16,16,16,16,1,1,286.461,42,19345.2
4385,4909,2,9,3,16,16,16,16,16,1,1,286.346,42,19713.6
4386,4909,3,9,3,16,16,16,16,16,1,1,286.916,41,19857.6
4387,4910,1,2,2,1,1,1,1,1,0,1,286.993,42,150.285
4388,4910,2,2,2,1,1,1,1,1,0,1,286.865,42,148.639
4389,4910,3,2,2,1,1,1,1,1,0,1,286.376,42,153.741
4390,4911,1,6,2,8,8,8,8,8,0,1,286.88,41,240.395
4391,4911,2,6,2,8,8,8,8,8,0,1,286.831,42,243.88
4392,4911,3,6,2,8,8,8,8,8,0,1,287.966,41,239.922
4393,4912,1,7,1,31,31,31,31,31,0,1,286.78,42,149.869
4394,4912,2,7,1,31,31,31,31,31,0,1,286.903,42,149.488
4395,4912,3,7,1,31,31,31,31,31,0,1,287.009,41,151.291
4396,4913,1,5,2,7,7,7,7,7,0,1,286.61,41,326.046
4397,4913,2,5,2,7,7,7,7,7,0,1,288.096,42,315.876
4398,4913,3,5,2,7,7,7,7,7,0,1,286.92,42,312.294
4399,4914,1,7,3,5,5,5,5,5,1,1,286.875,42,6337.99
4400,4914,2,7,3,5,5,5,5,5,1,1,288.334,42,6417.4
4401,4914,3,7,3,5,5,5,5,5,1,1,287.189,42,6383.8
4402,4915,1,11,4,6,6,6,6,6,1,1,287.349,41,3617.36
4403,4915,2,11,4,6,6,6,6,6,1,1,286.906,42,3623.67
4404,4915,3,11,4,6,6,6,6,6,1,1,286.688,41,3610.73
4405,4916,1,8,3,5,5,5,5,5,1,1,286.67,42,3610.6
4406,4916,2,8,3,5,5,5,5,5,1,1,286.807,41,203.005
4407,4916,3,8,3,5,5,5,5,5,1,1,286.397,42,202.893
4408,4917,1,8,3,8,8,8,8,8,2,1,286.252,42,192.605
4409,4917,2,8,3,8,8,8,8,8,2,1,286.934,42,190.694
4410,4917,3,8,3,8,8,8,8,8,2,1,288.126,42,188.083
4411,4918,1,8,1,36,36,36,36,36,0,1,286.603,42,157.774
4412,4918,2,8,1,36,36,36,36,36,0,1,286.532,42,159.442
4413,4918,3,8,1,36,36,36,36,36,0,1,286.33,41,160.855
4414,4919,1,4,2,5,5,5,5,5,0,1,286.776,42,160.335
4415,4919,2,4,2,5,5,5,5,5,0,1,286.658,41,160.163
4416,4919,3,4,2,5,5,5,5,5,0,1,286.849,42,160.14
4417,4920,1,5,1,17,17,17,17,17,0,1,286.579,42,154.747
4418,4920,2,5,1,17,17,17,17,17,0,1,286.693,42,153.855
4419,4920,3,5,1,17,17,17,17,17,0,1,287.929,42,154.3
4420,4921,1,15,6,8,8,8,8,8,1,1,286.477,42,53044.5
4421,4921,2,15,6,8,8,8,8,8,1,1,287.163,41,55468.1
4422,4921,3,15,6,8,8,8,8,8,1,1,286.759,41,54732.3
4423,4922,1,9,4,5,5,5,5,5,1,1,286.906,41,2035.51
4424,4922,2,9,4,5,5,5,5,5,1,1,286.528,42,2034.85
4425,4922,3,9,4,5,5,5,5,5,1,1,286.588,41,2023.76
4426,4923,1,4,1,4,4,4,4,4,0,1,286.97,42,195.706
4427,4923,2,4,1,4,4,4,4,4,0,1,286.871,41,196.567
4428,4923,3,4,1,4,4,4,4,4,0,1,286.503,42,197.098
4429,4924,1,5,1,3,3,3,3,3,1,1,286.677,42,456.286
4430,4924,2,5,1,3,3,3,3,3,1,1,287.389,42,456.819
4431,4924,3,5,1,3,3,3,3,3,1,1,286.512,42,460.753
4432,4925,1,6,2,3,3,3,3,3,2,1,286.751,42,1708.18
4433,4925,2,6,2,3,3,3,3,3,2,1,287.416,42,1723.67
4434,4925,3,6,2,3,3,3,3,3,2,1,287.146,41,1730.3
4435,4926,1,6,2,5,5,5,5,5,1,1,286.694,41,2032.41
4436,4926,2,6,2,5,5,5,5,5,1,1,287.162,42,2031.85
4437,4926,3,6,2,5,5,5,5,5,1,1,286.932,42,2032.4
4438,4927,1,6,2,3,3,3,3,3,1,1,286.372,42,182.031
4439,4927,2,6,2,3,3,3,3,3,1,1,286.513,41,179.991
4440,4927,3,6,2,3,3,3,3,3,1,1,286.667,41,182.04
4441,4928,1,6,2,9,9,9,9,9,0,1,287.052,42,186.521
4442,4928,2,6,2,9,9,9,9,9,0,1,287.674,42,185.775
4443,4928,3,6,2,9,9,9,9,9,0,1,286.841,42,186.29
4444,4929,1,6,2,7,7,7,7,7,0,1,287.027,41,192.455
4445,4929,2,6,2,7,7,7,7,7,0,1,286.96,41,191.739
4446,4929,3,6,2,7,7,7,7,7,0,1,286.896,41,192.954
4447,4930,1,7,2,24,24,24,24,24,0,1,286.881,41,168.273
4448,4930,2,7,2,24,24,24,24,24,0,1,287.01,41,169.251
4449,4930,3,7,2,24,24,24,24,24,0,1,286.904,42,172.78
4450,4931,1,8,3,16,16,16,16,16,0,1,286.495,41,1911.35
4451,4931,2,8,3,16,16,16,16,16,0,1,286.878,41,1895.34
4452,4931,3,8,3,16,16,16,16,16,0,1,287.09,42,1903.88
4453,4932,1,6,1,25,25,25,25,25,0,1,287.093,42,145.315
4454,4932,2,6,1,25,25,25,25,25,0,1,286.976,42,146.055
4455,4932,3,6,1,25,25,25,25,25,0,1,286.605,41,145.986
4456,4933,1,7,3,10,10,10,10,10,0,1,286.648,41,273.959
4457,4933,2,7,3,10,10,10,10,10,0,1,287.01,42,273.783
4458,4933,3,7,3,10,10,10,10,10,0,1,286.696,42,275.418
4459,4934,1,9,3,14,14,14,14,14,2,1,287.69,42,263.604
4460,4934,2,8,3,13,13,13,13,13,2,1,286.989,42,187.381
4461,4934,3,8,3,13,13,13,13,13,2,1,286.261,42,187.35
4462,4935,1,4,1,4,4,4,4,4,0,1,287.067,42,296.714
4463,4935,2,4,1,4,4,4,4,4,0,1,286.693,41,301.035
4464,4935,3,4,1,4,4,4,4,4,0,1,286.676,42,308.752
4465,4936,1,7,3,6,6,6,6,6,1,1,286.802,42,187.545
4466,4936,2,7,3,6,6,6,6,6,1,1,286.747,42,161.435
4467,4936,3,7,3,6,6,6,6,6,1,1,287.239,42,160.937
4468,4937,1,4,1,5,5,5,5,5,0,1,286.897,41,155.072
4469,4937,2,4,1,5,5,5,5,5,0,1,287.053,41,154.052
4470,4937,3,4,1,5,5,5,5,5,0,1,286.545,42,152.71
4471,4938,1,8,3,4,4,4,4,4,1,1,286.453,42,13029.2
4472,4938,2,8,3,4,4,4,4,4,1,1,286.467,42,12976.6
4473,4938,3,8,3,4,4,4,4,4,1,1,286.667,42,12977.9
4474,4939,1,5,3,5,5,5,5,5,1,1,287.134,41,203.052
4475,4939,2,5,3,5,5,5,5,5,1,1,286.729,42,202.081
4476,4939,3,5,3,5,5,5,5,5,1,1,286.355,42,201.433
4477,4940,1,4,2,7,7,7,7,7,0,1,286.693,42,169.36
4478,4940,2,4,2,7,7,7,7,7,0,1,287.102,41,169.504
4479,4940,3,4,2,7,7,7,7,7,0,1,286.464,41,169.357
4480,4941,1,6,3,5,5,5,5,5,1,1,286.962,42,153.941
4481,4941,2,6,3,5,5,5,5,5,1,1,286.426,41,155.17
4482,4941,3,6,3,5,5,5,5,5,1,1,286.815,42,156.336
4483,4942,1,6,2,3,3,3,3,3,1,1,286.885,42,253.333
4484,4942,2,6,2,3,3,3,3,3,1,1,286.694,41,256.08
4485,4942,3,6,2,3,3,3,3,3,1,1,286.742,42,266.492
4486,4943,1,7,3,9,9,9,9,9,0,1,287.106,42,503.553
4487,4943,2,7,3,9,9,9,9,9,0,1,287.163,41,497.51
4488,4943,3,7,3,9,9,9,9,9,0,1,287.292,41,492.193
4489,4944,1,4,1,2,2,2,2,2,1,1,286.718,42,160.967
4490,4944,2,4,1,2,2,2,2,2,1,1,286.742,42,159.167
4491,4944,3,4,1,2,2,2,2,2,1,1,286.586,42,160.253
4492,4945,1,6,3,3,3,3,3,3,1,1,287.109,42,150.459
4493,4945,2,6,3,3,3,3,3,3,1,1,286.393,41,153.548
4494,4945,3,6,3,3,3,3,3,3,1,1,287.081,42,152.077
4495,4946,1,9,4,11,11,11,11,11,0,1,287.084,42,8311.07
4496,4946,2,9,4,11,11,11,11,11,0,1,286.635,42,8357.42
4497,4946,3,9,4,11,11,11,11,11,0,1,286.518,42,8276.09
4498,4947,1,6,2,3,3,3,3,3,1,1,286.832,42,151.439
4499,4947,2,6,2,3,3,3,3,3,1,1,287.105,42,151.315
4500,4947,3,6,2,3,3,3,3,3,1,1,287.023,42,152.264
4501,4948,1,5,2,4,4,4,4,4,1,1,286.907,42,150.116
4502,4948,2,5,2,4,4,4,4,4,1,1,286.742,41,146.717
4503,4948,3,5,2,4,4,4,4,4,1,1,286.645,41,146.354
4504,4949,1,4,2,7,7,7,7,7,0,1,287.221,42,169.423
4505,4949,2,4,2,7,7,7,7,7,0,1,286.411,42,166.867
4506,4949,3,4,2,7,7,7,7,7,0,1,286.787,42,169.148
4507,4950,1,7,3,11,11,11,11,11,0,1,286.787,42,776.867
4508,4950,2,7,3,11,11,11,11,11,0,1,286.752,42,775.741
4509,4950,3,7,3,11,11,11,11,11,0,1,286.649,42,785.133
4510,4951,1,9,4,12,12,12,12,12,1,1,286.882,42,325.767
4511,4951,2,9,4,12,12,12,12,12,1,1,286.665,41,311.046
4512,4951,3,9,4,12,12,12,12,12,1,1,287.177,41,311.658
4513,4952,1,8,3,4,4,4,4,4,1,1,286.686,42,194.918
4514,4952,2,8,3,4,4,4,4,4,1,1,286.612,41,195.629
4515,4952,3,8,3,4,4,4,4,4,1,1,286.989,42,198.336
4516,4953,1,3,2,2,2,2,2,2,0,1,286.732,42,143.328
4517,4953,2,3,2,2,2,2,2,2,0,1,286.354,42,142.693
4518,4953,3,3,2,2,2,2,2,2,0,1,286.668,41,142.096
4519,4954,1,4,2,4,4,4,4,4,0,1,287.387,41,144.569
4520,4954,2,4,2,4,4,4,4,4,0,1,286.769,42,144.546
4521,4954,3,4,2,4,4,4,4,4,0,1,286.47,42,143.583
4522,4955,1,7,1,31,31,31,31,31,0,1,287.084,42,148.49
4523,4955,2,7,1,31,31,31,31,31,0,1,287.053,41,148.924
4524,4955,3,7,1,31,31,31,31,31,0,1,287.22,42,146.708
4525,4956,1,4,1,3,3,3,3,3,1,1,286.724,42,309.823
4526,4956,2,4,1,3,3,3,3,3,1,1,286.325,41,294.451
4527,4956,3,4,1,3,3,3,3,3,1,1,286.506,42,296.301
4528,4957,1,18,6,11,11,11,11,11,1,1,287.117,41,49536.2
4529,4957,2,18,6,11,11,11,11,11,1,1,286.82,42,50246.7
4530,4957,3,18,6,11,11,11,11,11,1,1,286.795,42,50045.4
4531,4958,1,5,1,21,21,21,21,21,0,1,286.905,41,166.035
4532,4958,2,5,1,21,21,21,21,21,0,1,286.791,42,151.055
4533,4958,3,5,1,21,21,21,21,21,0,1,286.767,42,151.858
4534,4959,1,8,3,10,10,10,10,10,1,1,286.731,41,192.705
4535,4959,2,8,3,10,10,10,10,10,1,1,286.813,42,193.665
4536,4959,3,8,3,10,10,10,10,10,1,1,286.998,42,194.386
4537,4960,1,9,3,5,5,5,5,5,1,1,286.504,42,368.724
4538,4960,2,9,3,5,5,5,5,5,1,1,287.007,41,368.142
4539,4960,3,9,3,5,5,5,5,5,1,1,286.923,42,366.725
4540,4961,1,6,2,4,4,4,4,4,1,1,286.571,42,151.218
4541,4961,2,6,2,4,4,4,4,4,1,1,286.421,42,150.983
4542,4961,3,6,2,4,4,4,4,4,1,1,286.624,42,151.176
4543,4962,1,7,2,7,7,7,7,7,1,1,286.678,42,162.624
4544,4962,2,7,2,7,7,7,7,7,1,1,286.968,41,169.868
4545,4962,3,7,2,7,7,7,7,7,1,1,286.549,41,165.458
4546,4963,1,4,1,8,8,8,8,8,0,1,287.346,41,170.987
4547,4963,2,4,1,8,8,8,8,8,0,1,287.045,42,157.128
4548,4963,3,4,1,8,8,8,8,8,0,1,286.835,42,271.444
4549,4964,1,7,4,8,8,8,8,8,1,1,286.847,42,165.713
4550,4964,2,7,4,8,8,8,8,8,1,1,286.577,42,169.737
4551,4964,3,7,4,8,8,8,8,8,1,1,286.444,42,170.325
4552,4965,1,6,2,4,4,4,4,4,1,1,286.359,42,2192.69
4553,4965,2,6,2,4,4,4,4,4,1,1,286.495,42,2174.26
4554,4965,3,6,2,4,4,4,4,4,1,1,287.157,42,2197.13
4555,4966,1,8,3,7,7,7,7,7,0,1,287.03,41,570.169
4556,4966,2,8,3,7,7,7,7,7,0,1,286.784,41,684.957
4557,4966,3,8,3,7,7,7,7,7,0,1,286.693,42,574.971
4558,4967,1,6,2,7,7,7,7,7,0,1,286.759,42,316.804
4559,4967,2,6,2,7,7,7,7,7,0,1,287.312,42,331.648
4560,4967,3,6,2,7,7,7,7,7,0,1,287.236,41,445.741
4561,4968,1,7,3,9,9,9,9,9,1,1,286.856,41,239.911
4562,4968,2,7,3,9,9,9,9,9,1,1,286.848,41,170.273
4563,4968,3,7,3,9,9,9,9,9,1,1,286.895,42,171.241
4564,4969,1,15,6,8,8,8,8,8,1,1,286.997,42,58159.9
4565,4969,2,15,6,8,8,8,8,8,1,1,287.449,42,58018.5
4566,4969,3,15,6,8,8,8,8,8,1,1,286.895,41,58342.3
4567,4970,1,3,1,1,1,1,1,1,1,1,286.945,42,174.095
4568,4970,2,3,1,1,1,1,1,1,1,1,287.081,42,154.949
4569,4970,3,3,1,1,1,1,1,1,1,1,286.897,42,157.808
4570,4971,1,8,2,13,13,13,13,13,0,1,286.985,42,7108.79
4571,4971,2,8,2,13,13,13,13,13,0,1,287.127,41,7107.62
4572,4971,3,8,2,13,13,13,13,13,0,1,286.795,42,7099.95
4573,4972,1,7,3,5,5,5,5,5,2,1,286.835,42,160.049
4574,4972,2,7,3,5,5,5,5,5,2,1,286.371,41,159.233
4575,4972,3,7,3,5,5,5,5,5,2,1,286.622,41,159.782
4576,4973,1,4,3,2,2,2,2,2,1,1,286.509,42,147.438
4577,4973,2,4,3,2,2,2,2,2,1,1,286.69,42,159.829
4578,4973,3,4,3,2,2,2,2,2,1,1,286.468,41,144.77
4579,4974,1,5,3,5,5,5,5,5,1,1,287.191,42,167.102
4580,4974,2,5,3,5,5,5,5,5,1,1,286.37,42,167.816
4581,4974,3,5,3,5,5,5,5,5,1,1,286.614,42,169.35
4582,4975,1,6,2,8,8,8,8,8,0,1,286.87,42,237.968
4583,4975,2,6,2,8,8,8,8,8,0,1,286.339,41,238.692
4584,4975,3,6,2,8,8,8,8,8,0,1,286.833,42,238.337
4585,4976,1,7,3,4,4,4,4,4,2,1,286.441,41,608.583
4586,4976,2,7,3,4,4,4,4,4,2,1,286.831,41,494.666
4587,4976,3,7,3,4,4,4,4,4,2,1,287.498,42,491.892
4588,4977,1,5,2,2,2,2,2,2,1,1,286.698,41,269.509
4589,4977,2,5,2,2,2,2,2,2,1,1,286.37,42,270.864
4590,4977,3,5,2,2,2,2,2,2,1,1,286.941,41,275.022
4591,4978,1,4,1,2,2,2,2,2,1,1,286.703,41,284.198
4592,4978,2,4,1,2,2,2,2,2,1,1,286.89,42,296.335
4593,4978,3,4,1,2,2,2,2,2,1,1,287.266,41,284.096
4594,4979,1,7,3,9,9,9,9,9,0,1,286.712,41,570.761
4595,4979,2,7,3,9,9,9,9,9,0,1,286.94,42,572.448
4596,4979,3,7,3,9,9,9,9,9,0,1,286.892,42,578.443
4597,4980,1,6,2,5,5,5,5,5,1,1,286.281,41,151.926
4598,4980,2,6,2,5,5,5,5,5,1,1,286.647,41,152.074
4599,4980,3,6,2,5,5,5,5,5,1,1,286.581,41,152.018
4600,4981,1,4,1,3,3,3,3,3,1,1,286.49,42,143.102
4601,4981,2,4,1,3,3,3,3,3,1,1,286.499,41,145.507
4602,4981,3,4,1,3,3,3,3,3,1,1,286.871,42,144.845
4603,4982,1,8,3,14,14,14,14,14,0,1,286.769,41,572.281
4604,4982,2,8,3,14,14,14,14,14,0,1,287.167,42,580.846
4605,4982,3,8,3,14,14,14,14,14,0,1,287.118,41,573.493
4606,4983,1,8,4,15,15,15,15,15,0,1,286.971,42,2042.71
4607,4983,2,8,4,15,15,15,15,15,0,1,286.78,42,2055.57
4608,4983,3,8,4,15,15,15,15,15,0,1,286.608,42,2051.73
4609,4984,1,4,1,6,6,6,6,6,0,1,286.467,42,145.013
4610,4984,2,4,1,6,6,6,6,6,0,1,286.358,42,144.979
4611,4984,3,4,1,6,6,6,6,6,0,1,287.271,42,144.917
4612,4985,1,7,3,15,15,15,15,15,0,1,286.66,42,279.439
4613,4985,2,7,3,15,15,15,15,15,0,1,286.321,41,277.402
4614,4985,3,7,3,15,15,15,15,15,0,1,286.379,42,274.395
4615,4986,1,8,2,33,33,33,33,33,0,1,286.45,41,171.4
4616,4986,2,8,2,33,33,33,33,33,0,1,287.845,42,172.991
4617,4986,3,8,2,33,33,33,33,33,0,1,286.992,42,172.67
4618,4987,1,6,2,7,7,7,7,7,1,1,287.018,41,264.892
4619,4987,2,6,2,7,7,7,7,7,1,1,286.734,42,265.919
4620,4987,3,6,2,7,7,7,7,7,1,1,287.16,42,266.378
4621,4988,1,7,2,41,41,41,41,41,0,1,286.506,42,166.889
4622,4988,2,7,2,41,41,41,41,41,0,1,287.355,41,149.101
4623,4988,3,7,2,41,41,41,41,41,0,1,286.94,42,150.741
4624,4989,1,10,4,10,10,10,10,10,1,1,287.041,42,712.06
4625,4989,2,10,4,10,10,10,10,10,1,1,287.115,41,722.044
4626,4989,3,10,4,10,10,10,10,10,1,1,286.678,41,710.935
4627,4990,1,6,2,8,8,8,8,8,0,1,287.047,42,193.052
4628,4990,2,6,2,8,8,8,8,8,0,1,286.43,42,194.856
4629,4990,3,6,2,8,8,8,8,8,0,1,286.758,41,192.726
4630,4991,1,9,4,14,14,14,14,14,0,1,286.332,41,17594.7
4631,4991,2,9,4,14,14,14,14,14,0,1,286.95,42,17739.5
4632,4991,3,9,4,14,14,14,14,14,0,1,288.109,42,17520.0
4633,4992,1,5,2,3,3,3,3,3,1,1,286.763,42,188.862
4634,4992,2,5,2,3,3,3,3,3,1,1,287.269,42,186.623
4635,4992,3,5,2,3,3,3,3,3,1,1,286.754,42,187.552
4636,4993,1,6,1,22,22,22,22,22,0,1,287.286,42,148.7
4637,4993,2,6,1,22,22,22,22,22,0,1,286.937,42,147.127
4638,4993,3,6,1,22,22,22,22,22,0,1,286.912,42,146.678
4639,4994,1,5,2,2,2,2,2,2,1,1,286.979,42,269.495
4640,4994,2,5,2,2,2,2,2,2,1,1,286.934,42,270.719
4641,4994,3,5,2,2,2,2,2,2,1,1,286.307,42,272.173
4642,4995,1,10,4,11,11,11,11,11,3,1,286.926,41,531.936
4643,4995,2,10,4,11,11,11,11,11,3,1,286.99,42,541.977
4644,4995,3,10,4,11,11,11,11,11,3,1,286.865,42,528.044
4645,4996,1,7,3,13,13,13,13,13,0,1,286.995,42,275.014
4646,4996,2,7,3,13,13,13,13,13,0,1,287.021,42,273.874
4647,4996,3,7,3,13,13,13,13,13,0,1,287.078,42,271.346
4648,4997,1,5,2,7,7,7,7,7,0,1,286.589,41,207.828
4649,4997,2,5,2,7,7,7,7,7,0,1,286.34,41,203.304
4650,4997,3,5,2,7,7,7,7,7,0,1,286.337,41,207.533
4651,4998,1,8,3,8,8,8,8,8,2,1,286.495,42,191.964
4652,4998,2,8,3,8,8,8,8,8,2,1,287.272,42,188.036
4653,4998,3,8,3,8,8,8,8,8,2,1,286.865,41,189.073
4654,4999,1,7,2,4,4,4,4,4,2,1,286.81,42,158.375
4655,4999,2,7,2,4,4,4,4,4,2,1,286.784,42,158.067
4656,4999,3,7,2,4,4,4,4,4,2,1,286.79,41,158.723
4657,5000,1,5,2,7,7,7,7,7,0,1,286.931,41,166.935
4658,5000,2,5,2,7,7,7,7,7,0,1,287.021,41,189.037
4659,5000,3,5,2,7,7,7,7,7,0,1,286.372,41,172.252
4660,5001,1,9,4,14,14,14,14,14,0,1,286.822,42,8675.44
4661,5001,2,9,4,14,14,14,14,14,0,1,286.22,42,8705.63
4662,5001,3,9,4,14,14,14,14,14,0,1,286.493,42,8782.74
4663,5002,1,5,1,5,5,5,5,5,1,1,286.848,41,146.72
4664,5002,2,6,1,6,6,6,6,6,1,1,286.956,42,151.662
4665,5002,3,6,1,6,6,6,6,6,1,1,286.863,42,151.274
4666,5003,1,8,3,11,11,11,11,11,2,1,286.972,42,188.82
4667,5003,2,8,3,11,11,11,11,11,2,1,286.414,42,205.979
4668,5003,3,8,3,11,11,11,11,11,2,1,287.573,42,192.984
4669,5004,1,9,3,7,7,7,7,7,1,1,286.239,42,299.31
4670,5004,2,9,3,7,7,7,7,7,1,1,287.13,42,297.943
4671,5004,3,9,3,7,7,7,7,7,1,1,287.012,42,296.348
4672,5005,1,6,1,21,21,21,21,21,0,1,287.105,42,150.951
4673,5005,2,6,1,21,21,21,21,21,0,1,286.868,42,148.503
4674,5005,3,6,1,21,21,21,21,21,0,1,286.907,42,151.514
4675,5006,1,9,4,20,20,20,20,20,0,1,286.855,42,7409.1
4676,5006,2,9,4,20,20,20,20,20,0,1,286.899,42,7377.39
4677,5006,3,9,4,20,20,20,20,20,0,1,286.968,41,7550.81
4678,5007,1,6,2,3,3,3,3,3,1,1,286.621,41,649.928
4679,5007,2,6,2,3,3,3,3,3,1,1,286.527,41,628.904
4680,5007,3,6,2,3,3,3,3,3,1,1,286.185,41,634.134
4681,5008,1,8,3,5,5,5,5,5,1,1,286.932,41,199.948
4682,5008,2,8,3,5,5,5,5,5,1,1,286.225,42,198.442
4683,5008,3,8,3,5,5,5,5,5,1,1,286.926,42,198.303
4684,5009,1,4,1,5,5,5,5,5,0,1,287.042,41,155.96
4685,5009,2,4,1,5,5,5,5,5,0,1,288.307,41,153.33
4686,5009,3,4,1,5,5,5,5,5,0,1,287.112,42,159.075
4687,5010,1,6,2,8,8,8,8,8,0,1,287.041,42,270.044
4688,5010,2,6,2,8,8,8,8,8,0,1,287.143,41,268.992
4689,5010,3,6,2,8,8,8,8,8,0,1,286.241,42,267.468
4690,5011,1,5,1,15,15,15,15,15,0,1,286.23,42,149.288
4691,5011,2,5,1,15,15,15,15,15,0,1,286.404,42,147.264
4692,5011,3,5,1,15,15,15,15,15,0,1,287.017,42,150.282
4693,5012,1,7,2,14,14,14,14,14,0,1,286.258,41,5580.33
4694,5012,2,7,2,14,14,14,14,14,0,1,287.142,41,5584.39
4695,5012,3,7,2,14,14,14,14,14,0,1,287.069,42,5571.66
4696,5013,1,7,2,9,9,9,9,9,0,1,286.877,42,469.797
4697,5013,2,7,2,9,9,9,9,9,0,1,286.511,42,470.262
4698,5013,3,7,2,9,9,9,9,9,0,1,286.508,41,463.678
4699,5014,1,7,3,13,13,13,13,13,0,1,286.162,42,277.678
4700,5014,2,7,3,13,13,13,13,13,0,1,286.406,42,275.91
4701,5014,3,7,3,13,13,13,13,13,0,1,287.117,42,275.209
4702,5015,1,3,2,2,2,2,2,2,0,1,286.898,41,141.138
4703,5015,2,3,2,2,2,2,2,2,0,1,286.878,42,140.882
4704,5015,3,3,2,2,2,2,2,2,0,1,286.905,42,160.313
4705,5016,1,5,1,4,4,4,4,4,1,1,286.976,42,146.101
4706,5016,2,5,1,4,4,4,4,4,1,1,287.144,41,144.789
4707,5016,3,5,1,4,4,4,4,4,1,1,286.962,42,144.956
4708,5017,1,8,3,9,9,9,9,9,1,1,286.352,41,547.05
4709,5017,2,8,3,9,9,9,9,9,1,1,286.102,42,537.899
4710,5017,3,8,3,9,9,9,9,9,1,1,286.408,42,544.229
4711,5018,1,5,2,4,4,4,4,4,1,1,286.622,42,269.985
4712,5018,2,5,2,4,4,4,4,4,1,1,286.708,42,274.198
4713,5018,3,5,2,4,4,4,4,4,1,1,286.619,42,273.229
4714,5019,1,8,4,6,6,6,6,6,2,1,286.681,41,181.835
4715,5019,2,8,4,6,6,6,6,6,2,1,286.943,42,178.658
4716,5019,3,8,4,6,6,6,6,6,2,1,286.599,42,177.297
4717,5020,1,4,2,5,5,5,5,5,0,1,286.784,41,170.215
4718,5020,2,4,2,5,5,5,5,5,0,1,287.109,41,168.819
4719,5020,3,4,2,5,5,5,5,5,0,1,287.077,42,182.655
4720,5021,1,4,1,8,8,8,8,8,0,1,287.282,42,146.262
4721,5021,2,4,1,8,8,8,8,8,0,1,286.636,42,146.704
4722,5021,3,4,1,8,8,8,8,8,0,1,287.147,42,147.594
4723,5022,1,8,2,9,9,9,9,9,1,1,286.747,42,12714.1
4724,5022,2,8,2,9,9,9,9,9,1,1,286.683,42,12739.1
4725,5022,3,8,2,9,9,9,9,9,1,1,287.787,42,12752.2
4726,5023,1,4,2,2,2,2,2,2,1,1,286.999,42,157.941
4727,5023,2,4,2,2,2,2,2,2,1,1,286.815,42,145.351
4728,5023,3,4,2,2,2,2,2,2,1,1,286.951,41,144.74
4729,5024,1,9,4,7,7,7,7,7,0,1,286.284,42,11089.3
4730,5024,2,9,4,7,7,7,7,7,0,1,287.454,41,11240.6
4731,5024,3,9,4,7,7,7,7,7,0,1,286.412,41,11180.5
4732,5025,1,7,3,8,8,8,8,8,2,1,286.697,42,162.161
4733,5025,2,7,3,8,8,8,8,8,2,1,286.647,42,177.358
4734,5025,3,7,3,8,8,8,8,8,2,1,286.868,42,163.592
4735,5026,1,7,2,5,5,5,5,5,1,1,286.65,42,249.314
4736,5026,2,7,2,5,5,5,5,5,1,1,286.715,41,251.195
4737,5026,3,7,2,5,5,5,5,5,1,1,287.575,41,252.268
4738,5027,1,7,2,9,9,9,9,9,0,1,286.908,42,248.487
4739,5027,2,7,2,9,9,9,9,9,0,1,287.144,42,248.238
4740,5027,3,7,2,9,9,9,9,9,0,1,286.948,42,248.172
4741,5028,1,5,2,3,3,3,3,3,1,1,286.627,42,470.469
4742,5028,2,5,2,3,3,3,3,3,1,1,287.551,42,471.321
4743,5028,3,5,2,3,3,3,3,3,1,1,286.81,42,463.157
4744,5029,1,6,2,3,3,3,3,3,1,1,286.338,42,149.731
4745,5029,2,6,2,3,3,3,3,3,1,1,286.335,42,148.833
4746,5029,3,6,2,3,3,3,3,3,1,1,287.271,42,148.282
4747,5030,1,3,1,3,3,3,3,3,0,1,286.873,41,155.707
4748,5030,2,3,1,3,3,3,3,3,0,1,286.81,41,171.801
4749,5030,3,3,1,3,3,3,3,3,0,1,286.596,42,155.644
4750,5031,1,9,3,13,13,13,13,13,0,1,287.722,42,6741.42
4751,5031,2,9,3,13,13,13,13,13,0,1,287.464,41,6709.4
4752,5031,3,9,3,13,13,13,13,13,0,1,286.902,42,6732.66
4753,5032,1,10,4,11,11,11,11,11,0,1,286.908,41,20555.1
4754,5032,2,10,4,11,11,11,11,11,0,1,287.2,42,20666.4
4755,5032,3,10,4,11,11,11,11,11,0,1,286.406,41,20205.7
4756,5033,1,5,1,6,6,6,6,6,1,1,287.16,42,150.88
4757,5033,2,5,1,6,6,6,6,6,1,1,286.698,42,148.786
4758,5033,3,5,1,6,6,6,6,6,1,1,286.848,41,148.15
4759,5034,1,7,2,5,5,5,5,5,2,1,286.429,42,174.178
4760,5034,2,7,2,5,5,5,5,5,2,1,286.997,42,160.449
4761,5034,3,7,2,5,5,5,5,5,2,1,286.562,42,158.204
4762,5035,1,5,1,3,3,3,3,3,1,1,286.428,42,613.38
4763,5035,2,5,1,3,3,3,3,3,1,1,286.262,42,598.956
4764,5035,3,5,1,3,3,3,3,3,1,1,287.146,42,758.184
4765,5036,1,10,5,11,11,11,11,11,3,1,286.563,42,1701.25
4766,5036,2,10,5,11,11,11,11,11,3,1,286.475,42,1708.35
4767,5036,3,10,5,11,11,11,11,11,3,1,286.73,42,1732.48
4768,5037,1,5,2,5,5,5,5,5,0,1,287.413,41,159.989
4769,5037,2,5,2,5,5,5,5,5,0,1,287.006,42,158.237
4770,5037,3,5,2,5,5,5,5,5,0,1,287.235,42,158.526
4771,5038,1,6,1,28,28,28,28,28,0,1,286.889,41,161.171
4772,5038,2,6,1,28,28,28,28,28,0,1,286.762,42,154.675
4773,5038,3,6,1,28,28,28,28,28,0,1,286.78,42,169.505
4774,5039,1,4,1,11,11,11,11,11,0,1,287.043,41,158.098
4775,5039,2,4,1,11,11,11,11,11,0,1,287.273,42,159.303
4776,5039,3,4,1,11,11,11,11,11,0,1,286.525,41,159.849
4777,5040,1,3,1,1,1,1,1,1,1,1,286.634,41,144.984
4778,5040,2,3,1,1,1,1,1,1,1,1,286.927,42,146.647
4779,5040,3,3,1,1,1,1,1,1,1,1,286.91,42,142.356
4780,5041,1,4,2,3,3,3,3,3,0,1,286.896,41,359.307
4781,5041,2,4,2,3,3,3,3,3,0,1,286.817,42,357.245
4782,5041,3,4,2,3,3,3,3,3,0,1,286.536,42,356.739
4783,5042,1,10,4,10,10,10,10,10,0,1,286.554,41,24743.5
4784,5042,2,10,4,10,10,10,10,10,0,1,286.527,42,24719.7
4785,5042,3,10,4,10,10,10,10,10,0,1,286.356,42,24868.2
4786,5043,1,5,2,2,2,2,2,2,1,1,287.324,42,579.732
4787,5043,2,5,2,2,2,2,2,2,1,1,287.436,42,609.488
4788,5043,3,5,2,2,2,2,2,2,1,1,286.739,42,583.28
4789,5044,1,3,1,4,4,4,4,4,0,1,287.144,42,161.35
4790,5044,2,3,1,4,4,4,4,4,0,1,286.764,42,163.178
4791,5044,3,3,1,4,4,4,4,4,0,1,287.605,41,162.425
4792,5045,1,5,2,4,4,4,4,4,0,1,286.695,42,202.752
4793,5045,2,5,2,4,4,4,4,4,0,1,286.575,42,196.176
4794,5045,3,5,2,4,4,4,4,4,0,1,286.692,42,197.322
4795,5046,1,6,2,4,4,4,4,4,2,1,286.875,42,150.037
4796,5046,2,6,2,4,4,4,4,4,2,1,286.887,42,151.248
4797,5046,3,6,2,4,4,4,4,4,2,1,286.655,42,152.417
4798,5047,1,5,2,6,6,6,6,6,0,1,286.584,41,174.079
4799,5047,2,5,2,6,6,6,6,6,0,1,286.686,41,173.967
4800,5047,3,5,2,6,6,6,6,6,0,1,286.973,42,173.63
4801,5048,1,4,1,7,7,7,7,7,0,1,287.044,42,292.842
4802,5048,2,4,1,7,7,7,7,7,0,1,286.744,42,304.501
4803,5048,3,4,1,7,7,7,7,7,0,1,286.652,41,286.279
4804,5049,1,5,2,7,7,7,7,7,0,1,286.841,42,165.422
4805,5049,2,5,2,7,7,7,7,7,0,1,286.901,42,163.278
4806,5049,3,5,2,7,7,7,7,7,0,1,286.615,41,165.216
4807,5050,1,7,2,31,31,31,31,31,0,1,286.782,41,155.345
4808,5050,2,7,2,31,31,31,31,31,0,1,286.557,42,155.471
4809,5050,3,7,2,31,31,31,31,31,0,1,286.321,42,155.997
4810,5051,1,5,3,2,2,2,2,2,1,1,286.587,42,144.71
4811,5051,2,5,3,2,2,2,2,2,1,1,286.646,41,145.35
4812,5051,3,5,3,2,2,2,2,2,1,1,286.992,42,147.495
4813,5052,1,6,2,6,6,6,6,6,1,1,286.383,42,152.464
4814,5052,2,6,2,6,6,6,6,6,1,1,286.884,41,151.257
4815,5052,3,6,2,6,6,6,6,6,1,1,286.81,41,151.823
4816,5053,1,4,1,3,3,3,3,3,1,1,287.043,41,179.053
4817,5053,2,4,1,3,3,3,3,3,1,1,286.456,42,196.406
4818,5053,3,4,1,3,3,3,3,3,1,1,286.74,42,179.891
4819,5054,1,7,3,6,6,6,6,6,1,1,286.523,42,163.279
4820,5054,2,7,3,6,6,6,6,6,1,1,286.817,42,163.003
4821,5054,3,7,3,6,6,6,6,6,1,1,287.125,42,160.939
4822,5055,1,6,2,4,4,4,4,4,1,1,286.3,42,266.354
4823,5055,2,6,2,4,4,4,4,4,1,1,286.771,42,264.746
4824,5055,3,6,2,4,4,4,4,4,1,1,286.709,41,265.863
4825,5056,1,5,1,4,4,4,4,4,1,1,287.014,42,147.064
4826,5056,2,5,1,4,4,4,4,4,1,1,286.953,41,145.745
4827,5056,3,5,1,4,4,4,4,4,1,1,286.871,42,145.749
4828,5057,1,7,3,6,6,6,6,6,2,1,286.56,41,157.848
4829,5057,2,7,3,6,6,6,6,6,2,1,287.017,42,158.944
4830,5057,3,7,3,6,6,6,6,6,2,1,286.987,42,157.333
4831,5058,1,8,4,9,9,9,9,9,0,1,286.6,41,2241.11
4832,5058,2,8,4,9,9,9,9,9,0,1,286.856,42,2240.84
4833,5058,3,8,4,9,9,9,9,9,0,1,286.824,41,2228.93
4834,5059,1,2,2,1,1,1,1,1,0,1,286.828,42,140.97
4835,5059,2,2,2,1,1,1,1,1,0,1,286.461,41,141.753
4836,5059,3,2,2,1,1,1,1,1,0,1,286.755,42,142.022
4837,5060,1,5,2,3,3,3,3,3,1,1,286.277,42,303.179
4838,5060,2,5,2,3,3,3,3,3,1,1,286.602,41,306.87
4839,5060,3,5,2,3,3,3,3,3,1,1,286.924,42,307.0
4840,5061,1,5,2,5,5,5,5,5,0,1,286.582,42,226.334
4841,5061,2,5,2,5,5,5,5,5,0,1,286.454,41,224.173
4842,5061,3,5,2,5,5,5,5,5,0,1,287.275,41,227.163
4843,5062,1,7,3,13,13,13,13,13,0,1,287.048,42,304.695
4844,5062,2,7,3,13,13,13,13,13,0,1,287.185,42,302.481
4845,5062,3,7,3,13,13,13,13,13,0,1,286.837,42,302.263
4846,5063,1,5,2,3,3,3,3,3,1,1,286.661,41,197.558
4847,5063,2,5,2,3,3,3,3,3,1,1,287.0,41,180.872
4848,5063,3,5,2,3,3,3,3,3,1,1,286.547,41,184.602
4849,5064,1,4,2,4,4,4,4,4,0,1,287.004,41,368.922
4850,5064,2,4,2,4,4,4,4,4,0,1,286.693,42,372.062
4851,5064,3,4,2,4,4,4,4,4,0,1,286.901,41,365.552
4852,5065,1,8,3,9,9,9,9,9,2,1,286.573,42,198.844
4853,5065,2,8,3,9,9,9,9,9,2,1,286.591,42,198.934
4854,5065,3,8,3,9,9,9,9,9,2,1,286.797,42,200.981
4855,5066,1,5,2,9,9,9,9,9,0,1,286.483,41,211.733
4856,5066,2,5,2,9,9,9,9,9,0,1,286.452,41,212.57
4857,5066,3,5,2,9,9,9,9,9,0,1,287.051,42,212.457
4858,5067,1,8,3,9,9,9,9,9,0,1,286.994,41,1689.73
4859,5067,2,8,3,9,9,9,9,9,0,1,287.109,41,1689.55
4860,5067,3,8,3,9,9,9,9,9,0,1,286.47,42,1712.78
4861,5068,1,3,2,4,4,4,4,4,0,1,286.752,42,156.848
4862,5068,2,3,2,4,4,4,4,4,0,1,286.998,41,156.395
4863,5068,3,3,2,4,4,4,4,4,0,1,287.052,42,158.693
4864,5069,1,5,2,5,5,5,5,5,1,1,286.369,42,153.441
4865,5069,2,5,2,5,5,5,5,5,1,1,287.097,42,154.294
4866,5069,3,5,2,5,5,5,5,5,1,1,286.513,42,173.207
4867,5070,1,8,3,9,9,9,9,9,0,1,287.202,41,548.172
4868,5070,2,8,3,9,9,9,9,9,0,1,286.779,41,547.699
4869,5070,3,8,3,9,9,9,9,9,0,1,287.246,41,537.726
4870,5071,1,8,2,9,9,9,9,9,1,1,287.182,42,3066.05
4871,5071,2,8,2,9,9,9,9,9,1,1,286.639,41,3018.48
4872,5071,3,8,2,9,9,9,9,9,1,1,286.942,42,3040.18
4873,5072,1,6,2,9,9,9,9,9,0,1,287.001,41,204.536
4874,5072,2,6,2,9,9,9,9,9,0,1,286.729,42,189.607
4875,5072,3,6,2,9,9,9,9,9,0,1,286.859,42,189.147
4876,5073,1,4,1,3,3,3,3,3,1,1,286.796,42,283.601
4877,5073,2,4,1,3,3,3,3,3,1,1,286.699,41,285.154
4878,5073,3,4,1,3,3,3,3,3,1,1,286.746,42,284.479
4879,5074,1,10,5,15,15,15,15,15,0,1,286.418,41,23656.2
4880,5074,2,10,5,15,15,15,15,15,0,1,286.675,42,24177.0
4881,5074,3,10,5,15,15,15,15,15,0,1,286.373,41,23859.5
4882,5075,1,3,1,2,2,2,2,2,0,1,286.996,42,162.853
4883,5075,2,3,1,2,2,2,2,2,0,1,286.615,42,163.218
4884,5075,3,3,1,2,2,2,2,2,0,1,286.723,42,161.568
4885,5076,1,6,3,10,10,10,10,10,0,1,286.549,42,609.595
4886,5076,2,6,3,10,10,10,10,10,0,1,286.784,41,612.562
4887,5076,3,6,3,10,10,10,10,10,0,1,286.236,42,608.128
4888,5077,1,5,2,4,4,4,4,4,1,1,286.427,42,658.197
4889,5077,2,5,2,4,4,4,4,4,1,1,286.695,42,660.56
4890,5077,3,5,2,4,4,4,4,4,1,1,287.401,42,676.509
4891,5078,1,9,4,8,8,8,8,8,0,1,287.118,42,1979.26
4892,5078,2,9,4,8,8,8,8,8,0,1,286.836,42,1975.39
4893,5078,3,9,4,8,8,8,8,8,0,1,286.501,42,1969.08
4894,5079,1,8,2,8,8,8,8,8,2,1,286.269,42,183.36
4895,5079,2,8,2,8,8,8,8,8,2,1,287.104,42,182.092
4896,5079,3,8,2,8,8,8,8,8,2,1,286.321,41,185.98
4897,5080,1,2,1,2,2,2,2,2,0,1,286.48,42,154.969
4898,5080,2,2,1,2,2,2,2,2,0,1,287.325,42,152.824
4899,5080,3,2,1,2,2,2,2,2,0,1,286.78,42,154.228
4900,5081,1,7,3,8,8,8,8,8,1,1,286.926,42,171.554
4901,5081,2,7,3,8,8,8,8,8,1,1,286.813,42,169.856
4902,5081,3,7,3,8,8,8,8,8,1,1,286.95,41,170.49
4903,5082,1,4,1,3,3,3,3,3,1,1,286.904,42,156.479
4904,5082,2,4,1,3,3,3,3,3,1,1,286.876,42,171.562
4905,5082,3,4,1,3,3,3,3,3,1,1,286.899,41,152.953
4906,5083,1,6,1,7,7,7,7,7,1,1,286.534,42,151.433
4907,5083,2,6,1,7,7,7,7,7,1,1,286.691,42,154.281
4908,5083,3,6,1,7,7,7,7,7,1,1,286.935,42,151.241
4909,5084,1,8,3,5,5,5,5,5,1,1,286.765,42,206.405
4910,5084,2,8,3,5,5,5,5,5,1,1,287.095,42,215.065
4911,5084,3,8,3,5,5,5,5,5,1,1,286.779,41,207.869
4912,5085,1,7,3,7,7,7,7,7,1,1,286.962,42,7427.16
4913,5085,2,7,3,7,7,7,7,7,1,1,286.357,42,7082.36
4914,5085,3,7,3,7,7,7,7,7,1,1,286.506,42,7240.5
4915,5086,1,5,2,3,3,3,3,3,1,1,286.353,41,162.321
4916,5086,2,5,2,3,3,3,3,3,1,1,286.288,41,146.037
4917,5086,3,5,2,3,3,3,3,3,1,1,286.851,42,145.932
4918,5087,1,5,1,4,4,4,4,4,1,1,287.041,42,143.625
4919,5087,2,5,1,4,4,4,4,4,1,1,286.729,42,143.689
4920,5087,3,5,1,4,4,4,4,4,1,1,286.189,42,144.572
4921,5088,1,4,1,7,7,7,7,7,0,1,286.853,42,147.693
4922,5088,2,4,1,7,7,7,7,7,0,1,286.263,42,146.143
4923,5088,3,4,1,7,7,7,7,7,0,1,286.572,42,145.357
4924,5089,1,7,2,11,11,11,11,11,1,1,286.093,41,191.897
4925,5089,2,7,2,11,11,11,11,11,1,1,286.327,42,190.648
4926,5089,3,7,2,11,11,11,11,11,1,1,286.363,42,191.368
4927,5090,1,8,3,6,6,6,6,6,2,1,286.191,41,566.684
4928,5090,2,8,3,6,6,6,6,6,2,1,286.19,42,565.003
4929,5090,3,8,3,6,6,6,6,6,2,1,286.11,42,566.585
4930,5091,1,4,1,7,7,7,7,7,0,1,287.276,42,179.05
4931,5091,2,4,1,7,7,7,7,7,0,1,286.33,42,158.442
4932,5091,3,4,1,7,7,7,7,7,0,1,286.431,41,158.338
4933,5092,1,5,1,13,13,13,13,13,0,1,286.669,42,148.409
4934,5092,2,5,1,13,13,13,13,13,0,1,286.689,42,147.595
4935,5092,3,5,1,13,13,13,13,13,0,1,286.373,41,147.445
4936,5093,1,3,1,3,3,3,3,3,0,1,286.186,41,159.166
4937,5093,2,3,1,3,3,3,3,3,0,1,286.511,42,160.441
4938,5093,3,3,1,3,3,3,3,3,0,1,286.728,41,159.438
4939,5094,1,6,3,4,4,4,4,4,1,1,287.697,42,548.547
4940,5094,2,6,3,4,4,4,4,4,1,1,287.05,42,553.349
4941,5094,3,6,3,4,4,4,4,4,1,1,286.216,42,559.219
4942,5095,1,5,2,6,6,6,6,6,0,1,287.228,42,166.837
4943,5095,2,5,2,6,6,6,6,6,0,1,286.174,41,164.217
4944,5095,3,5,2,6,6,6,6,6,0,1,287.175,42,166.479
4945,5096,1,8,4,4,4,4,4,4,0,1,287.341,42,8693.11
4946,5096,2,8,4,4,4,4,4,4,0,1,286.793,41,8667.81
4947,5096,3,8,4,4,4,4,4,4,0,1,286.833,41,8467.23
4948,5097,1,3,1,3,3,3,3,3,0,1,287.178,42,159.977
4949,5097,2,3,1,3,3,3,3,3,0,1,286.143,41,154.719
4950,5097,3,3,1,3,3,3,3,3,0,1,286.351,41,154.174
4951,5098,1,5,2,3,3,3,3,3,1,1,286.803,42,144.852
4952,5098,2,5,2,3,3,3,3,3,1,1,286.175,42,146.467
4953,5098,3,5,2,3,3,3,3,3,1,1,286.879,41,149.226
4954,5099,1,5,1,4,4,4,4,4,1,1,287.081,41,1995.0
4955,5099,2,5,1,4,4,4,4,4,1,1,287.081,42,1964.25
4956,5099,3,5,1,4,4,4,4,4,1,1,288.063,42,1953.89
4957,5100,1,6,2,4,4,4,4,4,0,1,287.079,42,306.321
4958,5100,2,6,2,4,4,4,4,4,0,1,286.97,41,305.553
4959,5100,3,6,2,4,4,4,4,4,0,1,286.862,41,306.782
4960,5101,1,4,1,7,7,7,7,7,0,1,286.291,42,156.622
4961,5101,2,4,1,7,7,7,7,7,0,1,287.137,42,156.832
4962,5101,3,4,1,7,7,7,7,7,0,1,286.912,42,158.426
4963,5102,1,6,2,5,5,5,5,5,1,1,286.704,42,253.636
4964,5102,2,6,2,5,5,5,5,5,1,1,286.976,42,250.105
4965,5102,3,6,2,5,5,5,5,5,1,1,287.338,42,249.597
4966,5103,1,5,1,3,3,3,3,3,1,1,287.421,41,239.168
4967,5103,2,5,1,3,3,3,3,3,1,1,286.952,42,237.915
4968,5103,3,5,1,3,3,3,3,3,1,1,286.215,41,254.661
4969,5104,1,6,2,5,5,5,5,5,1,1,287.026,42,150.275
4970,5104,2,6,2,5,5,5,5,5,1,1,286.368,42,149.817
4971,5104,3,6,2,5,5,5,5,5,1,1,287.188,42,152.668
4972,5105,1,5,3,9,9,9,9,9,0,1,286.846,41,282.793
4973,5105,2,5,3,9,9,9,9,9,0,1,286.383,42,283.858
4974,5105,3,5,3,9,9,9,9,9,0,1,286.07,41,285.451
4975,5106,1,8,4,15,15,15,15,15,0,1,286.894,41,17607.4
4976,5106,2,8,4,15,15,15,15,15,0,1,286.245,42,17592.6
4977,5106,3,8,4,15,15,15,15,15,0,1,286.189,42,17623.3
4978,5107,1,14,5,8,8,8,8,8,1,1,286.309,42,54559.4
4979,5107,2,14,5,8,8,8,8,8,1,1,286.859,42,54650.0
4980,5107,3,14,5,8,8,8,8,8,1,1,286.818,42,56057.8
4981,5108,1,4,1,5,5,5,5,5,0,1,287.128,42,181.498
4982,5108,2,4,1,5,5,5,5,5,0,1,286.364,42,170.811
4983,5108,3,4,1,5,5,5,5,5,0,1,287.789,42,168.931
4984,5109,1,9,3,21,21,21,21,21,0,1,286.233,42,9708.09
4985,5109,2,9,3,21,21,21,21,21,0,1,287.185,42,9824.82
4986,5109,3,9,3,21,21,21,21,21,0,1,286.934,42,9884.04
4987,5110,1,8,2,6,6,6,6,6,1,1,286.158,42,998.528
4988,5110,2,8,2,6,6,6,6,6,1,1,286.374,42,1001.73
4989,5110,3,8,2,6,6,6,6,6,1,1,286.526,42,1010.67
4990,5111,1,4,2,4,4,4,4,4,0,1,286.295,41,155.525
4991,5111,2,4,2,4,4,4,4,4,0,1,287.332,41,157.534
4992,5111,3,4,2,4,4,4,4,4,0,1,286.169,41,154.314
4993,5112,1,6,4,5,5,5,5,5,1,1,287.037,42,290.146
4994,5112,2,6,4,5,5,5,5,5,1,1,286.716,41,291.335
4995,5112,3,6,4,5,5,5,5,5,1,1,286.561,42,293.744
4996,5113,1,7,2,7,7,7,7,7,1,1,287.25,42,275.419
4997,5113,2,7,2,7,7,7,7,7,1,1,286.803,42,278.329
4998,5113,3,7,2,7,7,7,7,7,1,1,286.212,41,275.053
4999,5114,1,5,2,2,2,2,2,2,1,1,286.802,42,148.171
5000,5114,2,5,2,2,2,2,2,2,1,1,286.855,42,145.157
5001,5114,3,5,2,2,2,2,2,2,1,1,286.184,42,146.559
5002,5115,1,5,2,5,5,5,5,5,0,1,286.352,42,168.352
5003,5115,2,5,2,5,5,5,5,5,0,1,286.831,42,167.32
5004,5115,3,5,2,5,5,5,5,5,0,1,286.709,42,181.93
5005,5116,1,6,1,5,5,5,5,5,1,1,286.234,41,497.388
5006,5116,2,6,1,5,5,5,5,5,1,1,286.856,41,494.608
5007,5116,3,6,1,5,5,5,5,5,1,1,286.764,42,492.156
5008,5117,1,7,2,26,26,26,26,26,0,1,286.961,41,148.755
5009,5117,2,7,2,26,26,26,26,26,0,1,286.692,41,147.514
5010,5117,3,7,2,26,26,26,26,26,0,1,287.19,42,152.759
5011,5118,1,8,2,11,11,11,11,11,0,1,287.451,41,10658.0
5012,5118,2,8,2,11,11,11,11,11,0,1,287.336,42,10737.1
5013,5118,3,8,2,11,11,11,11,11,0,1,286.873,42,10603.0
5014,5119,1,8,3,11,11,11,11,11,0,1,286.353,42,1895.97
5015,5119,2,8,3,11,11,11,11,11,0,1,286.49,42,1854.24
5016,5119,3,8,3,11,11,11,11,11,0,1,286.993,42,1878.94
5017,5120,1,7,3,4,4,4,4,4,1,1,286.888,42,277.91
5018,5120,2,7,3,4,4,4,4,4,1,1,286.833,42,275.368
5019,5120,3,7,3,4,4,4,4,4,1,1,286.457,42,279.663
5020,5121,1,6,3,5,5,5,5,5,0,1,286.649,41,271.255
5021,5121,2,6,3,5,5,5,5,5,0,1,286.962,42,268.554
5022,5121,3,6,3,5,5,5,5,5,0,1,287.244,42,268.883
5023,5122,1,7,2,4,4,4,4,4,1,1,287.149,42,172.428
5024,5122,2,7,2,4,4,4,4,4,1,1,286.278,42,174.72
5025,5122,3,7,2,4,4,4,4,4,1,1,286.774,42,175.049
5026,5123,1,3,2,3,3,3,3,3,0,1,286.575,42,224.687
5027,5123,2,3,2,3,3,3,3,3,0,1,286.718,41,154.687
5028,5123,3,3,2,3,3,3,3,3,0,1,286.883,42,172.993
5029,5124,1,5,1,4,4,4,4,4,1,1,286.707,42,268.616
5030,5124,2,5,1,4,4,4,4,4,1,1,286.8,42,267.869
5031,5124,3,5,1,4,4,4,4,4,1,1,287.058,41,266.838
5032,5125,1,5,2,6,6,6,6,6,0,1,286.433,41,185.339
5033,5125,2,5,2,6,6,6,6,6,0,1,286.475,42,187.692
5034,5125,3,5,2,6,6,6,6,6,0,1,287.106,41,185.058
5035,5126,1,4,1,5,5,5,5,5,0,1,286.958,42,158.901
5036,5126,2,4,1,5,5,5,5,5,0,1,286.889,42,159.032
5037,5126,3,4,1,5,5,5,5,5,0,1,286.776,42,159.819
5038,5127,1,5,2,13,13,13,13,13,0,1,286.966,42,154.439
5039,5127,2,5,2,13,13,13,13,13,0,1,286.674,42,155.461
5040,5127,3,5,2,13,13,13,13,13,0,1,286.944,42,155.404
5041,5128,1,6,2,6,6,6,6,6,0,1,286.629,41,185.199
5042,5128,2,6,2,6,6,6,6,6,0,1,286.528,41,187.42
5043,5128,3,6,2,6,6,6,6,6,0,1,286.711,42,199.77
5044,5129,1,6,2,10,10,10,10,10,0,1,286.894,41,466.017
5045,5129,2,6,2,10,10,10,10,10,0,1,286.97,42,472.912
5046,5129,3,6,2,10,10,10,10,10,0,1,287.228,42,463.727
5047,5130,1,10,5,14,14,14,14,14,0,1,286.687,42,15878.3
5048,5130,2,10,5,14,14,14,14,14,0,1,286.655,42,15991.5
5049,5130,3,10,5,14,14,14,14,14,0,1,286.445,42,16067.1
5050,5131,1,5,2,3,3,3,3,3,1,1,286.983,42,168.033
5051,5131,2,5,2,3,3,3,3,3,1,1,286.367,42,149.104
5052,5131,3,5,2,3,3,3,3,3,1,1,286.855,42,147.337
5053,5132,1,4,2,5,5,5,5,5,0,1,286.714,41,169.418
5054,5132,2,4,2,5,5,5,5,5,0,1,287.083,42,168.532
5055,5132,3,4,2,5,5,5,5,5,0,1,286.903,42,168.053
5056,5133,1,7,2,5,5,5,5,5,1,1,286.484,42,257.52
5057,5133,2,7,2,5,5,5,5,5,1,1,286.472,41,257.359
5058,5133,3,7,2,5,5,5,5,5,1,1,286.779,41,257.39
5059,5134,1,8,3,4,4,4,4,4,1,1,286.659,42,8038.49
5060,5134,2,8,3,4,4,4,4,4,1,1,286.314,42,7974.25
5061,5134,3,8,3,4,4,4,4,4,1,1,286.509,42,7997.68
5062,5135,1,8,3,4,4,4,4,4,1,1,287.098,42,14101.3
5063,5135,2,8,3,4,4,4,4,4,1,1,286.919,42,14078.1
5064,5135,3,8,3,4,4,4,4,4,1,1,287.118,42,14103.2
5065,5136,1,7,3,8,8,8,8,8,0,1,286.946,41,772.936
5066,5136,2,7,3,8,8,8,8,8,0,1,286.886,42,765.895
5067,5136,3,7,3,8,8,8,8,8,0,1,287.114,42,765.27
5068,5137,1,3,1,3,3,3,3,3,0,1,286.768,42,152.606
5069,5137,2,3,1,3,3,3,3,3,0,1,286.887,42,149.144
5070,5137,3,3,1,3,3,3,3,3,0,1,286.755,41,150.537
5071,5138,1,7,2,9,9,9,9,9,0,1,286.384,42,464.273
5072,5138,2,7,2,9,9,9,9,9,0,1,286.943,41,467.159
5073,5138,3,7,2,9,9,9,9,9,0,1,286.816,42,464.74
5074,5139,1,6,2,3,3,3,3,3,1,1,286.816,42,151.442
5075,5139,2,6,2,3,3,3,3,3,1,1,287.248,42,149.844
5076,5139,3,6,2,3,3,3,3,3,1,1,286.777,41,150.463
5077,5140,1,8,4,14,14,14,14,14,0,1,286.858,42,602.181
5078,5140,2,8,4,14,14,14,14,14,0,1,286.724,42,613.305
5079,5140,3,8,4,14,14,14,14,14,0,1,286.904,41,619.817
5080,5141,1,,,,,,,,,,,,
5081,5141,2,,,,,,,,,,,,
5082,5141,3,,,,,,,,,,,,
5083,5142,1,4,1,8,8,8,8,8,0,1,286.646,42,145.256
5084,5142,2,4,1,8,8,8,8,8,0,1,286.506,42,144.0
5085,5142,3,4,1,8,8,8,8,8,0,1,287.093,41,142.364
5086,5143,1,6,2,6,6,6,6,6,0,1,286.247,42,1752.02
5087,5143,2,6,2,6,6,6,6,6,0,1,286.602,42,1775.29
5088,5143,3,6,2,6,6,6,6,6,0,1,286.96,41,1745.48
5089,5144,1,15,7,7,7,7,7,7,1,1,286.466,42,45164.3
5090,5144,2,15,7,7,7,7,7,7,1,1,286.73,41,46118.9
5091,5144,3,15,7,7,7,7,7,7,1,1,286.541,41,45024.2
5092,5145,1,11,4,13,13,13,13,13,0,1,286.13,42,34187.2
5093,5145,2,11,4,13,13,13,13,13,0,1,286.469,42,34170.9
5094,5145,3,11,4,13,13,13,13,13,0,1,286.82,42,34116.0
5095,5146,1,6,2,8,8,8,8,8,0,1,286.838,41,241.255
5096,5146,2,6,2,8,8,8,8,8,0,1,286.35,42,238.877
5097,5146,3,6,2,8,8,8,8,8,0,1,286.939,42,241.727
5098,5147,1,5,1,4,4,4,4,4,1,1,287.053,42,257.638
5099,5147,2,5,1,4,4,4,4,4,1,1,286.255,42,252.092
5100,5147,3,5,1,4,4,4,4,4,1,1,286.796,42,255.33
5101,5148,1,6,2,23,23,23,23,23,0,1,286.713,42,166.43
5102,5148,2,6,2,23,23,23,23,23,0,1,286.388,42,151.388
5103,5148,3,6,2,23,23,23,23,23,0,1,286.345,42,151.366
5104,5149,1,5,1,8,8,8,8,8,0,1,286.657,41,149.518
5105,5149,2,5,1,8,8,8,8,8,0,1,286.862,41,149.812
5106,5149,3,5,1,8,8,8,8,8,0,1,287.049,41,148.221
5107,5150,1,9,3,14,14,14,14,14,0,1,287.084,42,9821.35
5108,5150,2,9,3,14,14,14,14,14,0,1,286.95,41,9891.28
5109,5150,3,9,3,14,14,14,14,14,0,1,287.093,42,10097.9
5110,5151,1,6,2,16,16,16,16,16,0,1,286.206,41,163.186
5111,5151,2,6,2,16,16,16,16,16,0,1,286.419,42,145.67
5112,5151,3,6,2,16,16,16,16,16,0,1,286.439,42,147.3
5113,5152,1,6,1,24,24,24,24,24,0,1,286.89,42,144.932
5114,5152,2,6,1,24,24,24,24,24,0,1,286.254,41,144.782
5115,5152,3,6,1,24,24,24,24,24,0,1,286.24,42,145.084
5116,5153,1,4,1,8,8,8,8,8,0,1,286.925,41,157.806
5117,5153,2,4,1,8,8,8,8,8,0,1,286.553,42,158.409
5118,5153,3,4,1,8,8,8,8,8,0,1,287.049,41,157.694
5119,5154,1,6,2,3,3,3,3,3,1,1,286.547,41,152.005
5120,5154,2,6,2,3,3,3,3,3,1,1,286.81,41,154.56
5121,5154,3,6,2,3,3,3,3,3,1,1,287.304,42,152.24
5122,5155,1,5,2,3,3,3,3,3,1,1,286.211,41,272.789
5123,5155,2,5,2,3,3,3,3,3,1,1,286.779,41,272.999
5124,5155,3,5,2,3,3,3,3,3,1,1,286.895,42,273.0
5125,5156,1,8,3,9,9,9,9,9,0,1,287.097,41,737.927
5126,5156,2,8,3,9,9,9,9,9,0,1,286.853,42,714.398
5127,5156,3,8,3,9,9,9,9,9,0,1,286.819,42,714.172
5128,5157,1,10,5,11,11,11,11,11,0,1,286.82,42,9450.72
5129,5157,2,10,5,11,11,11,11,11,0,1,286.937,42,9465.29
5130,5157,3,10,5,11,11,11,11,11,0,1,286.504,42,9318.17
5131,5158,1,6,3,6,6,6,6,6,1,1,286.214,41,152.262
5132,5158,2,6,3,6,6,6,6,6,1,1,287.023,42,152.885
5133,5158,3,6,3,6,6,6,6,6,1,1,286.925,41,168.323
5134,5159,1,9,3,5,5,5,5,5,1,1,286.436,42,26651.1
5135,5159,2,9,3,5,5,5,5,5,1,1,286.481,41,26508.2
5136,5159,3,9,3,5,5,5,5,5,1,1,286.767,42,26749.5
5137,5160,1,6,3,6,6,6,6,6,1,1,287.076,41,165.241
5138,5160,2,6,3,6,6,6,6,6,1,1,286.962,42,158.138
5139,5160,3,6,3,6,6,6,6,6,1,1,286.991,41,160.848
5140,5161,1,5,2,7,7,7,7,7,0,1,286.415,42,317.878
5141,5161,2,5,2,7,7,7,7,7,0,1,286.732,42,316.964
5142,5161,3,5,2,7,7,7,7,7,0,1,286.987,41,316.244
5143,5162,1,3,1,1,1,1,1,1,1,1,286.64,41,158.108
5144,5162,2,3,1,1,1,1,1,1,1,1,286.157,42,157.84
5145,5162,3,3,1,1,1,1,1,1,1,1,286.781,41,173.516
5146,5163,1,6,2,26,26,26,26,26,0,1,286.732,41,150.008
5147,5163,2,6,2,26,26,26,26,26,0,1,286.342,42,150.301
5148,5163,3,6,2,26,26,26,26,26,0,1,287.174,42,147.251
5149,5164,1,3,2,2,2,2,2,2,0,1,286.119,42,141.145
5150,5164,2,3,2,2,2,2,2,2,0,1,286.697,42,142.278
5151,5164,3,3,2,2,2,2,2,2,0,1,286.577,42,142.945
5152,5165,1,10,4,12,12,12,12,12,0,1,287.133,42,21582.5
5153,5165,2,10,4,12,12,12,12,12,0,1,287.051,42,22168.7
5154,5165,3,10,4,12,12,12,12,12,0,1,287.066,42,21524.4
5155,5166,1,4,1,6,6,6,6,6,0,1,286.841,42,307.835
5156,5166,2,4,1,6,6,6,6,6,0,1,286.507,42,309.604
5157,5166,3,4,1,6,6,6,6,6,0,1,286.859,42,308.66
5158,5167,1,14,6,8,8,8,8,8,1,1,287.001,42,40316.8
5159,5167,2,14,6,8,8,8,8,8,1,1,286.492,42,40547.0
5160,5167,3,14,6,8,8,8,8,8,1,1,286.739,41,40318.8
5161,5168,1,6,2,6,6,6,6,6,0,1,286.952,42,250.898
5162,5168,2,6,2,6,6,6,6,6,0,1,286.877,42,238.699
5163,5168,3,6,2,6,6,6,6,6,0,1,285.869,42,236.64
5164,5169,1,7,3,13,13,13,13,13,0,1,286.595,42,591.414
5165,5169,2,7,3,13,13,13,13,13,0,1,286.397,42,579.4
5166,5169,3,7,3,13,13,13,13,13,0,1,286.289,42,600.674
5167,5170,1,4,1,9,9,9,9,9,0,1,286.598,42,152.886
5168,5170,2,4,1,9,9,9,9,9,0,1,286.652,42,151.679
5169,5170,3,4,1,9,9,9,9,9,0,1,286.711,42,150.532
5170,5171,1,6,2,12,12,12,12,12,0,1,286.695,42,190.848
5171,5171,2,6,2,12,12,12,12,12,0,1,287.102,42,190.38
5172,5171,3,6,2,12,12,12,12,12,0,1,286.913,42,192.064
5173,5172,1,7,2,4,4,4,4,4,2,1,287.169,42,157.538
5174,5172,2,7,2,4,4,4,4,4,2,1,287.292,42,158.233
5175,5172,3,7,2,4,4,4,4,4,2,1,286.46,42,158.19
5176,5173,1,4,3,5,5,5,5,5,0,1,287.074,42,295.61
5177,5173,2,4,3,5,5,5,5,5,0,1,286.459,42,284.742
5178,5173,3,4,3,5,5,5,5,5,0,1,286.864,42,281.712
5179,5174,1,5,1,11,11,11,11,11,0,1,286.855,42,156.583
5180,5174,2,5,1,11,11,11,11,11,0,1,286.927,41,156.585
5181,5174,3,5,1,11,11,11,11,11,0,1,287.013,41,154.879
5182,5175,1,5,2,4,4,4,4,4,1,1,286.865,42,149.133
5183,5175,2,5,2,4,4,4,4,4,1,1,286.675,41,148.932
5184,5175,3,5,2,4,4,4,4,4,1,1,286.794,42,148.406
5185,5176,1,5,2,4,4,4,4,4,1,1,286.753,41,229.105
5186,5176,2,5,2,4,4,4,4,4,1,1,286.338,42,147.279
5187,5176,3,5,2,4,4,4,4,4,1,1,286.847,42,146.999
5188,5177,1,8,3,5,5,5,5,5,1,1,286.636,42,205.058
5189,5177,2,8,3,5,5,5,5,5,1,1,286.383,42,205.489
5190,5177,3,8,3,5,5,5,5,5,1,1,286.818,42,205.938
5191,5178,1,6,2,3,3,3,3,3,1,1,286.496,42,194.694
5192,5178,2,6,2,3,3,3,3,3,1,1,286.334,41,179.985
5193,5178,3,6,2,3,3,3,3,3,1,1,287.195,41,181.003
5194,5179,1,6,2,4,4,4,4,4,2,1,286.723,41,148.286
5195,5179,2,6,2,4,4,4,4,4,2,1,286.372,42,148.538
5196,5179,3,6,2,4,4,4,4,4,2,1,287.076,41,150.192
5197,5180,1,6,3,3,3,3,3,3,1,1,286.707,42,151.184
5198,5180,2,6,3,3,3,3,3,3,1,1,286.925,41,150.467
5199,5180,3,6,3,3,3,3,3,3,1,1,286.607,42,148.767
5200,5181,1,4,1,7,7,7,7,7,0,1,286.747,42,196.149
5201,5181,2,4,1,7,7,7,7,7,0,1,286.604,42,196.104
5202,5181,3,4,1,7,7,7,7,7,0,1,286.582,42,196.641
5203,5182,1,5,2,4,4,4,4,4,1,1,286.989,42,162.085
5204,5182,2,5,2,4,4,4,4,4,1,1,286.612,42,162.201
5205,5182,3,5,2,4,4,4,4,4,1,1,286.684,42,163.027
5206,5183,1,8,4,12,12,12,12,12,0,1,286.555,41,618.616
5207,5183,2,8,4,12,12,12,12,12,0,1,286.983,41,607.474
5208,5183,3,8,4,12,12,12,12,12,0,1,286.538,42,601.105
5209,5184,1,6,2,11,11,11,11,11,0,1,287.138,42,187.145
5210,5184,2,6,2,11,11,11,11,11,0,1,286.948,42,188.212
5211,5184,3,6,2,11,11,11,11,11,0,1,286.837,41,187.193
5212,5185,1,6,3,8,8,8,8,8,0,1,286.902,41,288.973
5213,5185,2,6,3,8,8,8,8,8,0,1,286.659,42,291.757
5214,5185,3,6,3,8,8,8,8,8,0,1,286.832,42,288.371
5215,5186,1,7,2,27,27,27,27,27,0,1,286.38,41,150.015
5216,5186,2,7,2,27,27,27,27,27,0,1,286.652,42,149.579
5217,5186,3,7,2,27,27,27,27,27,0,1,286.503,42,149.435
5218,5187,1,3,1,4,4,4,4,4,0,1,287.135,41,160.938
5219,5187,2,3,1,4,4,4,4,4,0,1,286.972,42,159.82
5220,5187,3,3,1,4,4,4,4,4,0,1,286.9,42,161.591
5221,5188,1,5,2,4,4,4,4,4,1,1,287.005,41,161.078
5222,5188,2,5,2,4,4,4,4,4,1,1,286.763,42,148.448
5223,5188,3,5,2,4,4,4,4,4,1,1,286.745,42,147.339
5224,5189,1,7,3,8,8,8,8,8,1,1,286.833,42,163.124
5225,5189,2,7,3,8,8,8,8,8,1,1,286.543,42,163.797
5226,5189,3,7,3,8,8,8,8,8,1,1,286.915,42,163.734
5227,5190,1,7,2,4,4,4,4,4,1,1,286.9,41,175.846
5228,5190,2,7,2,4,4,4,4,4,1,1,286.74,42,174.7
5229,5190,3,7,2,4,4,4,4,4,1,1,286.831,41,175.329
5230,5191,1,5,2,7,7,7,7,7,0,1,286.341,42,153.089
5231,5191,2,5,2,7,7,7,7,7,0,1,286.348,41,155.01
5232,5191,3,5,2,7,7,7,7,7,0,1,286.683,42,156.319
5233,5192,1,4,1,3,3,3,3,3,3,1,286.949,42,186.46
5234,5192,2,4,1,3,3,3,3,3,3,1,286.624,42,183.947
5235,5192,3,4,1,3,3,3,3,3,3,1,286.747,41,185.19
5236,5193,1,5,2,8,8,8,8,8,0,1,286.822,41,185.503
5237,5193,2,5,2,8,8,8,8,8,0,1,286.377,42,170.344
5238,5193,3,5,2,8,8,8,8,8,0,1,287.22,41,169.785
5239,5194,1,6,2,14,14,14,14,14,0,1,287.082,41,210.181
5240,5194,2,6,2,14,14,14,14,14,0,1,286.877,42,208.788
5241,5194,3,6,2,14,14,14,14,14,0,1,286.915,42,207.558
5242,5195,1,5,3,4,4,4,4,4,0,1,286.761,42,670.345
5243,5195,2,5,3,4,4,4,4,4,0,1,287.017,41,600.404
5244,5195,3,5,3,4,4,4,4,4,0,1,286.861,41,591.474
5245,5196,1,7,3,9,9,9,9,9,1,1,286.687,41,572.737
5246,5196,2,7,3,9,9,9,9,9,1,1,286.96,41,568.673
5247,5196,3,7,3,9,9,9,9,9,1,1,286.815,42,568.917
5248,5197,1,7,2,25,25,25,25,25,0,1,286.355,41,170.187
5249,5197,2,7,2,25,25,25,25,25,0,1,286.716,42,169.167
5250,5197,3,7,2,25,25,25,25,25,0,1,286.462,42,169.516
5251,5198,1,6,3,3,3,3,3,3,1,1,286.528,41,555.051
5252,5198,2,6,3,3,3,3,3,3,1,1,286.767,41,543.685
5253,5198,3,6,3,3,3,3,3,3,1,1,286.766,42,557.402
5254,5199,1,6,3,4,4,4,4,4,1,1,286.42,41,150.752
5255,5199,2,6,3,4,4,4,4,4,1,1,286.984,42,150.865
5256,5199,3,6,3,4,4,4,4,4,1,1,286.529,42,150.954
5257,5200,1,6,2,5,5,5,5,5,1,1,286.701,42,152.202
5258,5200,2,6,2,5,5,5,5,5,1,1,286.715,42,151.098
5259,5200,3,6,2,5,5,5,5,5,1,1,289.137,42,148.885
5260,5201,1,6,2,27,27,27,27,27,0,1,287.168,42,146.642
5261,5201,2,6,2,27,27,27,27,27,0,1,286.535,42,149.021
5262,5201,3,6,2,27,27,27,27,27,0,1,286.903,42,148.593
5263,5202,1,6,1,14,14,14,14,14,0,1,286.575,42,146.287
5264,5202,2,6,1,14,14,14,14,14,0,1,286.316,42,147.223
5265,5202,3,6,1,14,14,14,14,14,0,1,286.476,42,149.281
5266,5203,1,7,2,25,25,25,25,25,0,1,286.409,42,161.712
5267,5203,2,7,2,25,25,25,25,25,0,1,285.204,42,147.115
5268,5203,3,7,2,25,25,25,25,25,0,1,286.835,42,147.539
5269,5204,1,4,2,3,3,3,3,3,0,1,286.525,42,170.903
5270,5204,2,4,2,3,3,3,3,3,0,1,286.623,41,170.823
5271,5204,3,4,2,3,3,3,3,3,0,1,286.9,41,171.237
5272,5205,1,9,3,9,9,9,9,9,1,1,287.08,42,1944.36
5273,5205,2,9,3,9,9,9,9,9,1,1,286.63,42,1974.34
5274,5205,3,9,3,9,9,9,9,9,1,1,287.048,42,1995.74
5275,5206,1,15,7,9,9,9,9,9,0,1,287.002,41,56554.8
5276,5206,2,15,7,9,9,9,9,9,0,1,286.726,42,56426.1
5277,5206,3,15,7,9,9,9,9,9,0,1,286.88,42,56436.4
5278,5207,1,5,1,3,3,3,3,3,1,1,286.643,42,170.132
5279,5207,2,5,1,3,3,3,3,3,1,1,286.952,41,155.894
5280,5207,3,5,1,3,3,3,3,3,1,1,286.481,41,155.572
5281,5208,1,4,2,5,5,5,5,5,0,1,287.009,42,169.18
5282,5208,2,4,2,5,5,5,5,5,0,1,286.901,42,167.748
5283,5208,3,4,2,5,5,5,5,5,0,1,286.81,42,169.949
5284,5209,1,6,2,5,5,5,5,5,1,1,286.46,42,151.609
5285,5209,2,6,2,5,5,5,5,5,1,1,286.746,41,153.271
5286,5209,3,6,2,5,5,5,5,5,1,1,286.433,42,153.982
5287,5210,1,8,2,38,38,38,38,38,0,1,287.092,41,172.51
5288,5210,2,8,2,38,38,38,38,38,0,1,286.761,42,171.115
5289,5210,3,8,2,38,38,38,38,38,0,1,286.639,42,172.318
5290,5211,1,5,2,13,13,13,13,13,0,1,287.147,41,149.358
5291,5211,2,5,2,13,13,13,13,13,0,1,286.758,42,150.754
5292,5211,3,5,2,13,13,13,13,13,0,1,286.781,42,148.171
5293,5212,1,5,2,9,9,9,9,9,0,1,287.16,41,341.167
5294,5212,2,5,2,9,9,9,9,9,0,1,286.828,42,324.545
5295,5212,3,5,2,9,9,9,9,9,0,1,286.973,41,328.837
5296,5213,1,6,4,7,7,7,7,7,1,1,286.69,41,156.048
5297,5213,2,6,4,7,7,7,7,7,1,1,287.054,41,156.336
5298,5213,3,6,4,7,7,7,7,7,1,1,286.501,42,155.15
5299,5214,1,6,3,4,4,4,4,4,1,1,286.694,42,154.158
5300,5214,2,6,3,4,4,4,4,4,1,1,286.381,42,152.696
5301,5214,3,6,3,4,4,4,4,4,1,1,286.75,41,153.222
5302,5215,1,5,2,3,3,3,3,3,1,1,287.182,41,148.579
5303,5215,2,5,2,3,3,3,3,3,1,1,286.89,42,149.596
5304,5215,3,5,2,3,3,3,3,3,1,1,286.694,42,147.902
5305,5216,1,7,2,11,11,11,11,11,0,1,286.798,42,824.494
5306,5216,2,7,2,11,11,11,11,11,0,1,287.115,42,827.774
5307,5216,3,7,2,11,11,11,11,11,0,1,286.588,42,824.198
5308,5217,1,6,2,8,8,8,8,8,0,1,286.509,42,219.289
5309,5217,2,6,2,8,8,8,8,8,0,1,286.579,42,202.739
5310,5217,3,6,2,8,8,8,8,8,0,1,286.763,42,202.514
5311,5218,1,9,5,12,12,12,12,12,2,1,286.428,42,255.12
5312,5218,2,9,5,12,12,12,12,12,2,1,286.996,41,255.414
5313,5218,3,9,5,12,12,12,12,12,2,1,286.954,42,255.445
5314,5219,1,6,3,10,10,10,10,10,0,1,287.083,42,195.375
5315,5219,2,6,3,10,10,10,10,10,0,1,287.212,42,196.384
5316,5219,3,6,3,10,10,10,10,10,0,1,286.836,42,198.271
5317,5220,1,6,2,8,8,8,8,8,1,1,286.411,42,153.214
5318,5220,2,6,2,8,8,8,8,8,1,1,287.176,42,152.044
5319,5220,3,6,2,8,8,8,8,8,1,1,286.928,42,207.71
5320,5221,1,6,1,22,22,22,22,22,0,1,287.022,42,147.672
5321,5221,2,6,1,22,22,22,22,22,0,1,286.279,42,146.604
5322,5221,3,6,1,22,22,22,22,22,0,1,286.575,42,149.228
5323,5222,1,4,2,4,4,4,4,4,0,1,286.858,42,159.932
5324,5222,2,4,2,4,4,4,4,4,0,1,287.028,42,146.083
5325,5222,3,4,2,4,4,4,4,4,0,1,287.076,42,150.326
5326,5223,1,8,3,12,12,12,12,12,0,1,286.973,42,15403.6
5327,5223,2,8,3,12,12,12,12,12,0,1,286.739,42,15151.8
5328,5223,3,8,3,12,12,12,12,12,0,1,286.451,42,15428.9
5329,5224,1,8,3,11,11,11,11,11,0,1,286.728,41,1787.51
5330,5224,2,8,3,11,11,11,11,11,0,1,287.104,41,1740.51
5331,5224,3,8,3,11,11,11,11,11,0,1,286.372,42,1761.84
5332,5225,1,11,4,28,28,28,28,28,2,1,287.231,42,2439.08
5333,5225,2,11,4,28,28,28,28,28,2,1,286.83,42,2438.83
5334,5225,3,11,4,28,28,28,28,28,2,1,286.703,42,2418.72
5335,5226,1,3,2,3,3,3,3,3,0,1,286.738,42,155.618
5336,5226,2,3,2,3,3,3,3,3,0,1,286.608,42,153.651
5337,5226,3,3,2,3,3,3,3,3,0,1,286.68,42,154.594
5338,5227,1,5,3,8,8,8,8,8,0,1,286.785,42,208.507
5339,5227,2,5,3,8,8,8,8,8,0,1,286.905,41,208.751
5340,5227,3,5,3,8,8,8,8,8,0,1,286.828,42,208.689
5341,5228,1,6,2,12,12,12,12,12,0,1,286.717,42,310.626
5342,5228,2,6,2,12,12,12,12,12,0,1,286.505,42,289.291
5343,5228,3,6,2,12,12,12,12,12,0,1,286.612,41,291.2
5344,5229,1,5,2,3,3,3,3,3,1,1,286.833,42,161.182
5345,5229,2,5,2,3,3,3,3,3,1,1,286.593,41,164.089
5346,5229,3,5,2,3,3,3,3,3,1,1,286.932,42,163.362
5347,5230,1,3,1,3,3,3,3,3,0,1,286.911,42,158.933
5348,5230,2,3,1,3,3,3,3,3,0,1,286.691,41,159.885
5349,5230,3,3,1,3,3,3,3,3,0,1,286.144,41,161.325
5350,5231,1,5,2,9,9,9,9,9,0,1,287.041,42,165.735
5351,5231,2,5,2,9,9,9,9,9,0,1,286.66,42,165.727
5352,5231,3,5,2,9,9,9,9,9,0,1,287.048,42,169.463
5353,5232,1,6,2,10,10,10,10,10,0,1,286.893,41,2437.64
5354,5232,2,6,2,10,10,10,10,10,0,1,287.274,41,2450.78
5355,5232,3,6,2,10,10,10,10,10,0,1,286.589,42,2477.19
5356,5233,1,7,3,5,5,5,5,5,0,1,286.398,42,1255.31
5357,5233,2,7,3,5,5,5,5,5,0,1,286.729,41,1255.23
5358,5233,3,7,3,5,5,5,5,5,0,1,287.372,42,1239.6
5359,5234,1,5,2,5,5,5,5,5,1,1,287.187,42,338.586
5360,5234,2,5,2,5,5,5,5,5,1,1,286.358,42,332.383
5361,5234,3,5,2,5,5,5,5,5,1,1,286.578,42,331.872
5362,5235,1,3,1,3,3,3,3,3,0,1,286.799,42,147.824
5363,5235,2,3,1,3,3,3,3,3,0,1,286.888,42,148.022
5364,5235,3,3,1,3,3,3,3,3,0,1,286.719,42,149.025
5365,5236,1,6,2,6,6,6,6,6,1,1,286.327,42,194.516
5366,5236,2,6,2,6,6,6,6,6,1,1,286.898,42,154.547
5367,5236,3,6,2,6,6,6,6,6,1,1,286.632,42,241.538
5368,5237,1,5,2,6,6,6,6,6,0,1,286.973,41,198.749
5369,5237,2,5,2,6,6,6,6,6,0,1,287.022,41,214.289
5370,5237,3,5,2,6,6,6,6,6,0,1,286.425,42,199.673
5371,5238,1,6,2,5,5,5,5,5,1,1,286.885,42,148.829
5372,5238,2,6,2,5,5,5,5,5,1,1,286.724,42,150.055
5373,5238,3,6,2,5,5,5,5,5,1,1,286.585,41,149.959
5374,5239,1,5,2,4,4,4,4,4,1,1,286.306,41,309.439
5375,5239,2,5,2,4,4,4,4,4,1,1,286.485,42,313.326
5376,5239,3,5,2,4,4,4,4,4,1,1,286.729,41,312.465
5377,5240,1,9,3,5,5,5,5,5,1,1,286.966,41,2265.12
5378,5240,2,9,3,5,5,5,5,5,1,1,286.687,42,2271.43
5379,5240,3,9,3,5,5,5,5,5,1,1,286.346,41,2282.35
5380,5241,1,4,3,2,2,2,2,2,0,1,286.53,42,287.618
5381,5241,2,4,3,2,2,2,2,2,0,1,287.108,42,281.788
5382,5241,3,4,3,2,2,2,2,2,0,1,286.663,42,281.121
5383,5242,1,6,1,17,17,17,17,17,0,1,286.686,42,165.669
5384,5242,2,6,1,17,17,17,17,17,0,1,286.757,41,149.659
5385,5242,3,6,1,17,17,17,17,17,0,1,287.071,42,149.924
5386,5243,1,3,1,3,3,3,3,3,0,1,286.872,42,157.218
5387,5243,2,3,1,3,3,3,3,3,0,1,286.946,42,159.016
5388,5243,3,3,1,3,3,3,3,3,0,1,286.762,41,159.09
5389,5244,1,5,2,9,9,9,9,9,0,1,286.951,42,155.023
5390,5244,2,5,2,9,9,9,9,9,0,1,286.949,41,155.998
5391,5244,3,5,2,9,9,9,9,9,0,1,286.518,42,226.073
5392,5245,1,5,2,14,14,14,14,14,0,1,287.048,42,148.708
5393,5245,2,5,2,14,14,14,14,14,0,1,286.876,42,148.425
5394,5245,3,5,2,14,14,14,14,14,0,1,289.818,42,149.466
5395,5246,1,8,1,50,50,50,50,50,0,1,287.271,41,157.288
5396,5246,2,8,1,50,50,50,50,50,0,1,286.987,42,157.241
5397,5246,3,8,1,50,50,50,50,50,0,1,286.509,41,158.528
5398,5247,1,7,2,15,15,15,15,15,0,1,286.465,42,507.957
5399,5247,2,7,2,15,15,15,15,15,0,1,286.532,41,494.897
5400,5247,3,7,2,15,15,15,15,15,0,1,287.202,42,496.945
5401,5248,1,10,4,12,12,12,12,12,0,1,286.62,42,15510.7
5402,5248,2,10,4,12,12,12,12,12,0,1,286.439,41,15611.4
5403,5248,3,10,4,12,12,12,12,12,0,1,286.472,41,15266.8
5404,5249,1,5,2,6,6,6,6,6,0,1,286.742,41,188.926
5405,5249,2,5,2,6,6,6,6,6,0,1,286.594,41,166.165
5406,5249,3,5,2,6,6,6,6,6,0,1,286.4,42,165.914
5407,5250,1,5,2,6,6,6,6,6,0,1,286.552,42,722.632
5408,5250,2,5,2,6,6,6,6,6,0,1,286.648,42,720.624
5409,5250,3,5,2,6,6,6,6,6,0,1,287.042,41,719.28
5410,5251,1,6,2,29,29,29,29,29,0,1,286.295,42,148.345
5411,5251,2,6,2,29,29,29,29,29,0,1,286.527,42,146.949
5412,5251,3,6,2,29,29,29,29,29,0,1,286.297,42,145.452
5413,5252,1,6,3,4,4,4,4,4,1,1,286.614,42,149.949
5414,5252,2,6,3,4,4,4,4,4,1,1,286.741,41,147.476
5415,5252,3,6,3,4,4,4,4,4,1,1,286.718,41,147.734
5416,5253,1,13,7,22,22,22,22,22,0,1,286.879,41,26489.9
5417,5253,2,13,7,22,22,22,22,22,0,1,287.028,42,26588.0
5418,5253,3,13,7,22,22,22,22,22,0,1,287.303,41,26616.1
5419,5254,1,7,2,10,10,10,10,10,0,1,287.046,42,274.0
5420,5254,2,7,2,10,10,10,10,10,0,1,286.589,41,256.381
5421,5254,3,7,2,10,10,10,10,10,0,1,286.899,42,255.798
5422,5255,1,10,3,6,6,6,6,6,1,1,285.693,41,1162.09
5423,5255,2,10,3,6,6,6,6,6,1,1,286.251,42,1156.09
5424,5255,3,10,3,6,6,6,6,6,1,1,286.122,42,1149.26
5425,5256,1,4,1,6,6,6,6,6,0,1,286.917,42,145.07
5426,5256,2,4,1,6,6,6,6,6,0,1,286.602,42,145.381
5427,5256,3,4,1,6,6,6,6,6,0,1,288.216,42,144.17
5428,5257,1,7,2,12,12,12,12,12,0,1,286.708,42,633.393
5429,5257,2,7,2,12,12,12,12,12,0,1,286.754,41,635.133
5430,5257,3,7,2,12,12,12,12,12,0,1,287.005,42,627.931
5431,5258,1,5,2,3,3,3,3,3,1,1,285.65,41,148.883
5432,5258,2,5,2,3,3,3,3,3,1,1,286.568,42,146.962
5433,5258,3,5,2,3,3,3,3,3,1,1,287.208,42,165.689
5434,5259,1,3,3,2,2,2,2,2,0,1,286.651,42,145.694
5435,5259,2,3,3,2,2,2,2,2,0,1,286.569,42,143.641
5436,5259,3,3,3,2,2,2,2,2,0,1,286.987,42,144.212
5437,5260,1,8,2,48,48,48,48,48,0,1,286.948,42,175.204
5438,5260,2,8,2,48,48,48,48,48,0,1,286.95,42,173.175
5439,5260,3,8,2,48,48,48,48,48,0,1,286.963,42,173.931
5440,5261,1,10,4,14,14,14,14,14,0,1,286.522,42,37925.3
5441,5261,2,10,4,14,14,14,14,14,0,1,286.587,42,38486.7
5442,5261,3,10,4,14,14,14,14,14,0,1,286.863,42,37508.9
5443,5262,1,4,2,4,4,4,4,4,0,1,286.773,42,217.83
5444,5262,2,4,2,4,4,4,4,4,0,1,286.952,41,200.815
5445,5262,3,4,2,4,4,4,4,4,0,1,287.401,41,198.43
5446,5263,1,5,2,3,3,3,3,3,1,1,287.005,42,663.979
5447,5263,2,5,2,3,3,3,3,3,1,1,286.498,42,667.809
5448,5263,3,5,2,3,3,3,3,3,1,1,288.109,42,667.467
5449,5264,1,7,3,9,9,9,9,9,0,1,286.803,41,585.326
5450,5264,2,7,3,9,9,9,9,9,0,1,286.446,41,579.269
5451,5264,3,7,3,9,9,9,9,9,0,1,286.909,41,684.967
5452,5265,1,5,2,5,5,5,5,5,1,1,287.068,42,151.228
5453,5265,2,5,2,5,5,5,5,5,1,1,287.046,41,149.494
5454,5265,3,5,2,5,5,5,5,5,1,1,286.729,41,151.35
5455,5266,1,6,2,7,7,7,7,7,0,1,286.904,41,288.581
5456,5266,2,6,2,7,7,7,7,7,0,1,286.635,42,289.21
5457,5266,3,6,2,7,7,7,7,7,0,1,286.646,42,304.174
5458,5267,1,9,4,13,13,13,13,13,0,1,286.604,41,7441.94
5459,5267,2,9,4,13,13,13,13,13,0,1,286.716,42,7405.85
5460,5267,3,9,4,13,13,13,13,13,0,1,286.889,41,7453.38
5461,5268,1,9,3,5,5,5,5,5,1,1,286.915,42,2575.62
5462,5268,2,9,3,5,5,5,5,5,1,1,286.967,42,2559.38
5463,5268,3,9,3,5,5,5,5,5,1,1,286.744,42,2588.23
5464,5269,1,7,2,10,10,10,10,10,0,1,286.655,42,644.411
5465,5269,2,7,2,10,10,10,10,10,0,1,286.374,42,656.225
5466,5269,3,7,2,10,10,10,10,10,0,1,286.377,42,642.908
5467,5270,1,5,1,13,13,13,13,13,0,1,286.892,42,148.26
5468,5270,2,5,1,13,13,13,13,13,0,1,286.618,42,148.035
5469,5270,3,5,1,13,13,13,13,13,0,1,287.1,42,148.213
5470,5271,1,8,2,45,45,45,45,45,0,1,286.572,42,173.125
5471,5271,2,8,2,45,45,45,45,45,0,1,286.165,42,173.793
5472,5271,3,8,2,45,45,45,45,45,0,1,285.95,41,173.407
5473,5272,1,4,1,4,4,4,4,4,0,1,286.401,41,331.357
5474,5272,2,4,1,4,4,4,4,4,0,1,286.848,42,152.281
5475,5272,3,4,1,4,4,4,4,4,0,1,286.652,42,154.06
5476,5273,1,4,2,7,7,7,7,7,0,1,286.847,42,158.16
5477,5273,2,4,2,7,7,7,7,7,0,1,286.71,42,159.083
5478,5273,3,4,2,7,7,7,7,7,0,1,287.13,42,158.409
5479,5274,1,5,2,2,2,2,2,2,1,1,287.194,41,589.703
5480,5274,2,5,2,2,2,2,2,2,1,1,287.325,41,601.458
5481,5274,3,5,2,2,2,2,2,2,1,1,286.84,41,588.543
5482,5275,1,8,3,7,7,7,7,7,2,1,286.284,42,186.698
5483,5275,2,8,3,7,7,7,7,7,2,1,286.285,42,186.208
5484,5275,3,8,3,7,7,7,7,7,2,1,286.997,42,186.847
5485,5276,1,5,2,4,4,4,4,4,1,1,286.664,42,681.047
5486,5276,2,5,2,4,4,4,4,4,1,1,286.953,41,694.177
5487,5276,3,5,2,4,4,4,4,4,1,1,286.946,41,687.63
5488,5277,1,7,3,11,11,11,11,11,0,1,286.463,42,714.29
5489,5277,2,7,3,11,11,11,11,11,0,1,286.65,42,593.809
5490,5277,3,7,3,11,11,11,11,11,0,1,287.084,42,588.857
5491,5278,1,5,3,4,4,4,4,4,1,1,287.046,41,151.711
5492,5278,2,5,3,4,4,4,4,4,1,1,286.982,41,149.525
5493,5278,3,5,3,4,4,4,4,4,1,1,286.499,42,150.531
5494,5279,1,6,2,4,4,4,4,4,1,1,287.433,42,165.403
5495,5279,2,6,2,4,4,4,4,4,1,1,286.93,42,157.606
5496,5279,3,6,2,4,4,4,4,4,1,1,287.212,42,152.516
5497,5280,1,9,4,21,21,21,21,21,2,1,286.86,42,312.693
5498,5280,2,11,4,23,23,23,23,23,2,1,286.937,42,1959.75
5499,5280,3,11,4,23,23,23,23,23,2,1,286.947,42,1940.1
5500,5281,1,6,1,28,28,28,28,28,0,1,287.013,42,154.24
5501,5281,2,6,1,28,28,28,28,28,0,1,287.893,41,149.33
5502,5281,3,6,1,28,28,28,28,28,0,1,286.572,41,263.652
5503,5282,1,3,1,1,1,1,1,1,1,1,286.507,41,157.608
5504,5282,2,3,1,1,1,1,1,1,1,1,286.669,42,157.883
5505,5282,3,3,1,1,1,1,1,1,1,1,286.889,41,159.288
5506,5283,1,7,1,26,26,26,26,26,0,1,286.648,42,149.194
5507,5283,2,7,1,26,26,26,26,26,0,1,286.771,42,149.363
5508,5283,3,7,1,26,26,26,26,26,0,1,286.86,42,162.319
5509,5284,1,6,2,5,5,5,5,5,0,1,286.661,42,758.332
5510,5284,2,6,2,5,5,5,5,5,0,1,286.805,41,668.485
5511,5284,3,6,2,5,5,5,5,5,0,1,286.978,42,739.272
5512,5285,1,8,2,33,33,33,33,33,0,1,286.985,42,155.102
5513,5285,2,8,2,33,33,33,33,33,0,1,287.026,41,156.356
5514,5285,3,8,2,33,33,33,33,33,0,1,286.854,42,156.037
5515,5286,1,4,2,3,3,3,3,3,0,1,287.349,42,362.613
5516,5286,2,4,2,3,3,3,3,3,0,1,286.511,42,359.709
5517,5286,3,4,2,3,3,3,3,3,0,1,286.935,42,360.454
5518,5287,1,6,2,3,3,3,3,3,1,1,286.701,41,155.802
5519,5287,2,6,2,3,3,3,3,3,1,1,286.999,41,157.691
5520,5287,3,6,2,3,3,3,3,3,1,1,286.93,41,158.532
5521,5288,1,6,2,7,7,7,7,7,0,1,286.783,42,248.896
5522,5288,2,6,2,7,7,7,7,7,0,1,286.885,41,252.9
5523,5288,3,6,2,7,7,7,7,7,0,1,286.973,41,263.439
5524,5289,1,5,2,3,3,3,3,3,1,1,286.672,42,144.765
5525,5289,2,5,2,3,3,3,3,3,1,1,286.915,42,147.222
5526,5289,3,5,2,3,3,3,3,3,1,1,286.688,42,145.259
5527,5290,1,5,2,15,15,15,15,15,0,1,287.022,42,157.685
5528,5290,2,5,2,15,15,15,15,15,0,1,286.722,42,158.488
5529,5290,3,5,2,15,15,15,15,15,0,1,286.89,42,157.559
5530,5291,1,5,1,5,5,5,5,5,1,1,286.564,41,149.078
5531,5291,2,5,1,5,5,5,5,5,1,1,286.865,41,151.23
5532,5291,3,5,1,5,5,5,5,5,1,1,286.751,42,150.888
5533,5292,1,3,1,3,3,3,3,3,0,1,286.668,41,152.628
5534,5292,2,3,1,3,3,3,3,3,0,1,286.776,42,148.92
5535,5292,3,3,1,3,3,3,3,3,0,1,286.896,42,149.339
5536,5293,1,3,2,3,3,3,3,3,0,1,286.301,41,172.892
5537,5293,2,3,2,3,3,3,3,3,0,1,287.193,42,170.851
5538,5293,3,3,2,3,3,3,3,3,0,1,286.735,42,183.919
5539,5294,1,7,3,8,8,8,8,8,0,1,286.91,41,11079.6
5540,5294,2,7,3,8,8,8,8,8,0,1,286.362,42,10982.7
5541,5294,3,7,3,8,8,8,8,8,0,1,286.405,41,10963.7
5542,5295,1,7,2,10,10,10,10,10,0,1,286.893,42,465.718
5543,5295,2,7,2,10,10,10,10,10,0,1,286.732,42,467.887
5544,5295,3,7,2,10,10,10,10,10,0,1,287.159,42,470.344
5545,5296,1,6,1,23,23,23,23,23,0,1,286.655,42,168.914
5546,5296,2,6,1,23,23,23,23,23,0,1,286.982,42,152.484
5547,5296,3,6,1,23,23,23,23,23,0,1,287.008,41,154.168
5548,5297,1,8,3,9,9,9,9,9,0,1,286.727,42,1668.64
5549,5297,2,8,3,9,9,9,9,9,0,1,286.91,42,1679.51
5550,5297,3,8,3,9,9,9,9,9,0,1,286.992,42,1673.67
5551,5298,1,5,1,9,9,9,9,9,0,1,286.622,42,156.931
5552,5298,2,5,1,9,9,9,9,9,0,1,286.707,41,155.267
5553,5298,3,5,1,9,9,9,9,9,0,1,286.917,41,154.745
5554,5299,1,6,2,3,3,3,3,3,1,1,286.904,41,577.803
5555,5299,2,6,2,3,3,3,3,3,1,1,286.283,42,567.481
5556,5299,3,6,2,3,3,3,3,3,1,1,287.663,41,568.079
5557,5300,1,6,1,18,18,18,18,18,0,1,287.307,42,154.578
5558,5300,2,6,1,18,18,18,18,18,0,1,287.015,42,155.496
5559,5300,3,6,1,18,18,18,18,18,0,1,287.203,41,170.13
5560,5301,1,10,2,47,47,47,47,47,0,1,287.034,41,220.607
5561,5301,2,10,2,47,47,47,47,47,0,1,287.067,42,220.088
5562,5301,3,10,2,47,47,47,47,47,0,1,286.943,42,219.099
5563,5302,1,6,3,11,11,11,11,11,0,1,286.727,41,283.971
5564,5302,2,6,3,11,11,11,11,11,0,1,286.719,41,285.846
5565,5302,3,6,3,11,11,11,11,11,0,1,286.683,41,288.863
5566,5303,1,6,2,7,7,7,7,7,1,1,286.845,42,153.191
5567,5303,2,6,2,7,7,7,7,7,1,1,286.845,42,153.742
5568,5303,3,6,2,7,7,7,7,7,1,1,286.906,42,154.868
5569,5304,1,7,3,8,8,8,8,8,1,1,286.888,42,272.932
5570,5304,2,7,3,8,8,8,8,8,1,1,286.897,42,273.119
5571,5304,3,7,3,8,8,8,8,8,1,1,286.907,42,271.02
5572,5305,1,6,3,5,5,5,5,5,1,1,286.73,42,652.017
5573,5305,2,6,3,5,5,5,5,5,1,1,286.988,42,643.403
5574,5305,3,6,3,5,5,5,5,5,1,1,286.902,42,654.569
5575,5306,1,7,3,14,14,14,14,14,0,1,286.755,42,8237.41
5576,5306,2,7,3,14,14,14,14,14,0,1,286.652,42,8258.51
5577,5306,3,7,3,14,14,14,14,14,0,1,286.554,41,8191.08
5578,5307,1,6,2,3,3,3,3,3,1,1,286.663,42,2450.86
5579,5307,2,6,2,3,3,3,3,3,1,1,286.308,41,2485.92
5580,5307,3,6,2,3,3,3,3,3,1,1,286.696,42,2470.89
5581,5308,1,10,4,5,5,5,5,5,1,1,286.875,42,1063.02
5582,5308,2,10,4,5,5,5,5,5,1,1,286.792,42,1047.74
5583,5308,3,10,4,5,5,5,5,5,1,1,286.986,42,1034.72
5584,5309,1,6,2,10,10,10,10,10,1,1,286.591,42,749.032
5585,5309,2,6,2,10,10,10,10,10,1,1,286.958,41,736.192
5586,5309,3,6,2,10,10,10,10,10,1,1,286.855,42,730.393
5587,5310,1,6,2,5,5,5,5,5,1,1,287.183,42,1888.91
5588,5310,2,6,2,5,5,5,5,5,1,1,286.631,42,1895.44
5589,5310,3,6,2,5,5,5,5,5,1,1,287.177,41,1903.32
5590,5311,1,5,2,8,8,8,8,8,0,1,286.696,42,197.599
5591,5311,2,5,2,8,8,8,8,8,0,1,286.405,41,196.372
5592,5311,3,5,2,8,8,8,8,8,0,1,285.706,41,195.546
5593,5312,1,12,6,9,9,9,9,9,0,1,286.658,42,31545.1
5594,5312,2,12,6,9,9,9,9,9,0,1,286.566,42,31042.9
5595,5312,3,12,6,9,9,9,9,9,0,1,286.514,42,31232.0
5596,5313,1,7,3,9,9,9,9,9,0,1,286.68,41,610.858
5597,5313,2,7,3,9,9,9,9,9,0,1,286.886,41,598.487
5598,5313,3,7,3,9,9,9,9,9,0,1,286.904,42,588.271
5599,5314,1,5,2,4,4,4,4,4,1,1,286.308,42,579.267
5600,5314,2,5,2,4,4,4,4,4,1,1,286.336,42,592.132
5601,5314,3,5,2,4,4,4,4,4,1,1,287.775,42,588.174
5602,5315,1,5,1,13,13,13,13,13,0,1,286.68,41,147.834
5603,5315,2,5,1,13,13,13,13,13,0,1,288.07,41,149.804
5604,5315,3,5,1,13,13,13,13,13,0,1,286.767,42,147.858
5605,5316,1,5,1,19,19,19,19,19,0,1,287.322,42,145.028
5606,5316,2,5,1,19,19,19,19,19,0,1,286.885,42,146.838
5607,5316,3,5,1,19,19,19,19,19,0,1,286.984,42,147.033
5608,5317,1,5,1,9,9,9,9,9,0,1,286.9,42,178.215
5609,5317,2,5,1,9,9,9,9,9,0,1,286.545,42,178.325
5610,5317,3,5,1,9,9,9,9,9,0,1,286.713,42,242.716
5611,5318,1,6,2,3,3,3,3,3,1,1,286.892,42,271.191
5612,5318,2,6,2,3,3,3,3,3,1,1,287.207,42,257.292
5613,5318,3,6,2,3,3,3,3,3,1,1,286.499,42,256.876
5614,5319,1,3,1,2,2,2,2,2,0,1,286.893,42,156.014
5615,5319,2,3,1,2,2,2,2,2,0,1,286.445,41,156.441
5616,5319,3,3,1,2,2,2,2,2,0,1,287.205,42,155.137
5617,5320,1,6,2,6,6,6,6,6,1,1,286.776,42,155.333
5618,5320,2,6,2,6,6,6,6,6,1,1,286.847,42,156.782
5619,5320,3,6,2,6,6,6,6,6,1,1,286.868,42,154.074
5620,5321,1,5,1,3,3,3,3,3,1,1,287.055,41,188.737
5621,5321,2,5,1,3,3,3,3,3,1,1,286.735,42,189.13
5622,5321,3,5,1,3,3,3,3,3,1,1,286.84,42,191.716
5623,5322,1,9,3,10,10,10,10,10,0,1,286.884,42,4079.1
5624,5322,2,9,3,10,10,10,10,10,0,1,286.388,42,4100.85
5625,5322,3,9,3,10,10,10,10,10,0,1,286.486,42,4095.57
5626,5323,1,5,2,3,3,3,3,3,1,1,286.856,42,147.701
5627,5323,2,5,2,3,3,3,3,3,1,1,286.927,42,144.783
5628,5323,3,5,2,3,3,3,3,3,1,1,287.906,42,147.749
5629,5324,1,3,1,5,5,5,5,5,0,1,286.977,41,148.924
5630,5324,2,3,1,5,5,5,5,5,0,1,287.012,42,148.265
5631,5324,3,3,1,5,5,5,5,5,0,1,286.876,42,148.258
5632,5325,1,7,2,8,8,8,8,8,0,1,286.772,42,1469.25
5633,5325,2,7,2,8,8,8,8,8,0,1,286.743,42,1460.27
5634,5325,3,7,2,8,8,8,8,8,0,1,286.434,42,1450.64
5635,5326,1,3,1,1,1,1,1,1,1,1,287.047,41,159.81
5636,5326,2,3,1,1,1,1,1,1,1,1,286.91,42,157.641
5637,5326,3,3,1,1,1,1,1,1,1,1,286.263,42,214.916
5638,5327,1,4,1,3,3,3,3,3,1,1,286.93,42,158.63
5639,5327,2,4,1,3,3,3,3,3,1,1,286.77,42,144.257
5640,5327,3,4,1,3,3,3,3,3,1,1,286.889,42,142.21
5641,5328,1,6,2,14,14,14,14,14,0,1,286.861,42,830.444
5642,5328,2,6,2,14,14,14,14,14,0,1,286.858,42,829.986
5643,5328,3,6,2,14,14,14,14,14,0,1,286.385,42,832.813
5644,5329,1,4,2,8,8,8,8,8,0,1,286.519,42,148.268
5645,5329,2,4,2,8,8,8,8,8,0,1,286.911,42,149.157
5646,5329,3,4,2,8,8,8,8,8,0,1,286.495,41,148.854
5647,5330,1,7,3,13,13,13,13,13,0,1,287.158,42,658.261
5648,5330,2,7,3,13,13,13,13,13,0,1,286.717,42,666.417
5649,5330,3,7,3,13,13,13,13,13,0,1,286.77,41,664.442
5650,5331,1,5,2,5,5,5,5,5,0,1,286.672,42,161.787
5651,5331,2,5,2,5,5,5,5,5,0,1,287.079,41,161.553
5652,5331,3,5,2,5,5,5,5,5,0,1,286.807,42,176.344
5653,5332,1,7,1,35,35,35,35,35,0,1,286.375,41,150.56
5654,5332,2,7,1,35,35,35,35,35,0,1,287.77,42,149.48
5655,5332,3,7,1,35,35,35,35,35,0,1,287.032,41,152.526
5656,5333,1,4,2,5,5,5,5,5,0,1,286.979,42,179.049
5657,5333,2,4,2,5,5,5,5,5,0,1,286.516,42,179.297
5658,5333,3,4,2,5,5,5,5,5,0,1,286.605,41,178.916
5659,5334,1,4,1,11,11,11,11,11,0,1,286.713,42,158.951
5660,5334,2,4,1,11,11,11,11,11,0,1,286.885,41,159.011
5661,5334,3,4,1,11,11,11,11,11,0,1,287.016,41,159.119
5662,5335,1,7,2,4,4,4,4,4,1,1,286.981,42,8019.07
5663,5335,2,7,2,4,4,4,4,4,1,1,287.161,42,8118.72
5664,5335,3,7,2,4,4,4,4,4,1,1,286.644,41,8039.64
5665,5336,1,3,1,6,6,6,6,6,0,1,286.873,41,149.444
5666,5336,2,3,1,6,6,6,6,6,0,1,286.747,41,147.975
5667,5336,3,3,1,6,6,6,6,6,0,1,286.924,42,154.997
5668,5337,1,7,2,5,5,5,5,5,2,1,286.949,42,160.06
5669,5337,2,7,2,5,5,5,5,5,2,1,286.817,41,161.773
5670,5337,3,7,2,5,5,5,5,5,2,1,286.772,42,160.716
5671,5338,1,6,3,10,10,10,10,10,0,1,287.033,42,192.957
5672,5338,2,6,3,10,10,10,10,10,0,1,286.476,41,194.584
5673,5338,3,6,3,10,10,10,10,10,0,1,287.245,41,195.327
5674,5339,1,7,3,9,9,9,9,9,0,1,287.156,41,668.538
5675,5339,2,7,3,9,9,9,9,9,0,1,286.403,42,652.898
5676,5339,3,7,3,9,9,9,9,9,0,1,286.609,42,656.515
5677,5340,1,7,2,34,34,34,34,34,0,1,286.912,41,169.613
5678,5340,2,7,2,34,34,34,34,34,0,1,286.816,42,154.455
5679,5340,3,7,2,34,34,34,34,34,0,1,286.814,42,155.328
5680,5341,1,4,1,5,5,5,5,5,0,1,286.776,41,149.711
5681,5341,2,4,1,5,5,5,5,5,0,1,287.215,41,149.578
5682,5341,3,4,1,5,5,5,5,5,0,1,286.63,42,151.626
5683,5342,1,5,2,15,15,15,15,15,0,1,286.592,41,148.245
5684,5342,2,5,2,15,15,15,15,15,0,1,287.08,42,147.612
5685,5342,3,5,2,15,15,15,15,15,0,1,286.352,42,149.53
5686,5343,1,5,2,7,7,7,7,7,0,1,286.634,42,339.778
5687,5343,2,5,2,7,7,7,7,7,0,1,286.419,42,335.682
5688,5343,3,5,2,7,7,7,7,7,0,1,286.558,42,334.258
5689,5344,1,6,2,9,9,9,9,9,0,1,286.573,41,253.455
5690,5344,2,6,2,9,9,9,9,9,0,1,286.817,42,254.755
5691,5344,3,6,2,9,9,9,9,9,0,1,287.047,42,255.596
5692,5345,1,6,2,8,8,8,8,8,0,1,286.908,42,232.143
5693,5345,2,6,2,8,8,8,8,8,0,1,286.815,41,213.352
5694,5345,3,6,2,8,8,8,8,8,0,1,287.126,41,216.604
5695,5346,1,8,3,10,10,10,10,10,2,1,287.166,42,183.356
5696,5346,2,8,3,10,10,10,10,10,2,1,286.055,41,184.119
5697,5346,3,8,3,10,10,10,10,10,2,1,286.357,42,182.197
5698,5347,1,7,2,5,5,5,5,5,1,1,286.281,42,160.22
5699,5347,2,7,2,5,5,5,5,5,1,1,286.737,41,162.521
5700,5347,3,7,2,5,5,5,5,5,1,1,286.398,41,161.125
5701,5348,1,6,2,6,6,6,6,6,0,1,286.591,42,191.632
5702,5348,2,6,2,6,6,6,6,6,0,1,286.971,42,189.181
5703,5348,3,6,2,6,6,6,6,6,0,1,287.175,42,190.169
5704,5349,1,7,2,33,33,33,33,33,0,1,286.441,42,149.583
5705,5349,2,7,2,33,33,33,33,33,0,1,286.761,42,149.367
5706,5349,3,7,2,33,33,33,33,33,0,1,286.953,42,149.127
5707,5350,1,4,2,5,5,5,5,5,0,1,286.865,42,342.45
5708,5350,2,4,2,5,5,5,5,5,0,1,287.157,42,326.334
5709,5350,3,4,2,5,5,5,5,5,0,1,286.696,42,324.177
5710,5351,1,4,1,5,5,5,5,5,0,1,286.601,42,171.171
5711,5351,2,4,1,5,5,5,5,5,0,1,286.316,42,165.593
5712,5351,3,4,1,5,5,5,5,5,0,1,286.583,41,167.829
5713,5352,1,8,3,5,5,5,5,5,1,1,286.644,41,209.984
5714,5352,2,8,3,5,5,5,5,5,1,1,286.835,41,208.546
5715,5352,3,8,3,5,5,5,5,5,1,1,287.057,42,209.685
5716,5353,1,5,2,17,17,17,17,17,0,1,286.971,42,149.909
5717,5353,2,5,2,17,17,17,17,17,0,1,286.831,42,147.616
5718,5353,3,5,2,17,17,17,17,17,0,1,286.835,42,152.247
5719,5354,1,5,3,4,4,4,4,4,1,1,287.334,42,655.861
5720,5354,2,5,3,4,4,4,4,4,1,1,286.847,42,649.444
5721,5354,3,5,3,4,4,4,4,4,1,1,286.645,42,653.255
5722,5355,1,8,3,11,11,11,11,11,1,1,286.693,42,237.952
5723,5355,2,8,3,11,11,11,11,11,1,1,286.432,42,225.396
5724,5355,3,8,3,11,11,11,11,11,1,1,286.967,42,222.361
5725,5356,1,7,2,4,4,4,4,4,1,1,286.85,42,162.571
5726,5356,2,7,2,4,4,4,4,4,1,1,286.75,42,160.83
5727,5356,3,7,2,4,4,4,4,4,1,1,286.777,42,161.618
5728,5357,1,7,2,25,25,25,25,25,0,1,286.748,42,150.402
5729,5357,2,7,2,25,25,25,25,25,0,1,286.994,42,149.433
5730,5357,3,7,2,25,25,25,25,25,0,1,287.431,42,249.234
5731,5358,1,8,2,6,6,6,6,6,2,1,287.1,41,190.029
5732,5358,2,8,2,6,6,6,6,6,2,1,286.77,42,194.4
5733,5358,3,8,2,6,6,6,6,6,2,1,286.401,41,187.849
5734,5359,1,8,4,12,12,12,12,12,0,1,286.407,42,573.662
5735,5359,2,8,4,12,12,12,12,12,0,1,286.669,42,573.779
5736,5359,3,8,4,12,12,12,12,12,0,1,286.709,42,569.547
5737,5360,1,6,2,9,9,9,9,9,0,1,286.574,41,210.064
5738,5360,2,6,2,9,9,9,9,9,0,1,286.371,41,194.773
5739,5360,3,6,2,9,9,9,9,9,0,1,286.508,41,198.248
5740,5361,1,7,2,5,5,5,5,5,1,1,286.268,42,164.214
5741,5361,2,7,2,5,5,5,5,5,1,1,286.721,41,164.39
5742,5361,3,7,2,5,5,5,5,5,1,1,286.573,41,166.804
5743,5362,1,6,1,7,7,7,7,7,1,1,286.674,42,1904.26
5744,5362,2,6,1,7,7,7,7,7,1,1,286.456,41,1887.08
5745,5362,3,6,1,7,7,7,7,7,1,1,286.637,42,1910.97
5746,5363,1,5,2,5,5,5,5,5,1,1,287.09,42,147.961
5747,5363,2,6,2,4,4,4,4,4,1,1,287.204,42,150.365
5748,5363,3,5,2,5,5,5,5,5,1,1,286.889,42,145.848
5749,5364,1,4,1,3,3,3,3,3,1,1,286.611,41,195.597
5750,5364,2,4,1,3,3,3,3,3,1,1,287.289,41,196.825
5751,5364,3,5,1,3,3,3,3,3,1,1,286.795,42,291.74
5752,5365,1,6,2,5,5,5,5,5,1,1,287.014,41,152.003
5753,5365,2,6,2,5,5,5,5,5,1,1,286.673,41,156.063
5754,5365,3,6,2,5,5,5,5,5,1,1,286.024,42,154.07
5755,5366,1,3,1,3,3,3,3,3,0,1,286.881,42,152.733
5756,5366,2,3,1,3,3,3,3,3,0,1,288.08,41,152.134
5757,5366,3,3,1,3,3,3,3,3,0,1,286.887,41,151.83
5758,5367,1,6,2,3,3,3,3,3,1,1,286.982,42,182.772
5759,5367,2,6,2,3,3,3,3,3,1,1,286.617,41,179.552
5760,5367,3,6,2,3,3,3,3,3,1,1,287.084,42,179.007
5761,5368,1,9,4,5,5,5,5,5,1,1,287.171,42,326.778
5762,5368,2,9,4,5,5,5,5,5,1,1,286.894,42,326.878
5763,5368,3,9,4,5,5,5,5,5,1,1,286.799,42,326.007
5764,5369,1,7,2,6,6,6,6,6,1,1,286.94,42,8095.58
5765,5369,2,7,2,6,6,6,6,6,1,1,288.139,42,8161.01
5766,5369,3,7,2,6,6,6,6,6,1,1,286.879,41,8090.62
5767,5370,1,7,3,14,14,14,14,14,0,1,286.987,41,721.096
5768,5370,2,7,3,14,14,14,14,14,0,1,286.374,42,843.733
5769,5370,3,7,3,14,14,14,14,14,0,1,287.104,41,719.179
5770,5371,1,6,2,7,7,7,7,7,0,1,287.033,42,200.203
5771,5371,2,6,2,7,7,7,7,7,0,1,286.922,42,196.746
5772,5371,3,6,2,7,7,7,7,7,0,1,287.312,42,202.948
5773,5372,1,5,2,11,11,11,11,11,0,1,287.87,42,212.198
5774,5372,2,5,2,11,11,11,11,11,0,1,286.99,42,212.352
5775,5372,3,5,2,11,11,11,11,11,0,1,286.669,42,210.966
5776,5373,1,7,2,4,4,4,4,4,1,1,287.29,41,1912.97
5777,5373,2,7,2,4,4,4,4,4,1,1,286.99,42,1938.26
5778,5373,3,7,2,4,4,4,4,4,1,1,286.685,41,1907.24
5779,5374,1,7,3,9,9,9,9,9,1,1,286.415,41,167.736
5780,5374,2,7,3,9,9,9,9,9,1,1,286.907,42,165.84
5781,5374,3,7,3,9,9,9,9,9,1,1,286.421,42,292.898
5782,5375,1,5,2,3,3,3,3,3,1,1,286.311,42,273.923
5783,5375,2,5,2,3,3,3,3,3,1,1,286.246,42,149.117
5784,5375,3,5,2,3,3,3,3,3,1,1,286.54,41,148.418
5785,5376,1,6,2,7,7,7,7,7,0,1,286.445,41,230.906
5786,5376,2,6,2,7,7,7,7,7,0,1,286.579,41,232.223
5787,5376,3,6,2,7,7,7,7,7,0,1,286.636,42,229.782
5788,5377,1,7,2,30,30,30,30,30,0,1,286.836,42,269.428
5789,5377,2,7,2,30,30,30,30,30,0,1,286.856,42,152.37
5790,5377,3,7,2,30,30,30,30,30,0,1,287.487,41,167.143
5791,5378,1,6,3,6,6,6,6,6,1,1,286.938,42,547.94
5792,5378,2,6,3,6,6,6,6,6,1,1,286.464,41,553.884
5793,5378,3,6,3,6,6,6,6,6,1,1,287.609,42,556.122
5794,5379,1,5,1,4,4,4,4,4,1,1,287.171,41,150.922
5795,5379,2,5,1,4,4,4,4,4,1,1,286.396,41,145.554
5796,5379,3,5,1,4,4,4,4,4,1,1,286.878,42,261.062
5797,5380,1,7,2,17,17,17,17,17,0,1,287.122,42,222.668
5798,5380,2,7,2,17,17,17,17,17,0,1,287.287,42,222.166
5799,5380,3,7,2,17,17,17,17,17,0,1,287.025,42,224.341
5800,5381,1,7,2,4,4,4,4,4,1,1,286.636,41,270.739
5801,5381,2,7,2,4,4,4,4,4,1,1,286.818,42,270.614
5802,5381,3,7,2,4,4,4,4,4,1,1,287.306,41,270.703
5803,5382,1,5,2,6,6,6,6,6,0,1,286.415,42,167.294
5804,5382,2,5,2,6,6,6,6,6,0,1,286.74,42,167.86
5805,5382,3,5,2,6,6,6,6,6,0,1,286.279,42,186.028
5806,5383,1,7,2,8,8,8,8,8,1,1,287.17,42,1765.47
5807,5383,2,7,2,8,8,8,8,8,1,1,286.983,42,1770.43
5808,5383,3,7,2,8,8,8,8,8,1,1,286.481,42,1738.35
5809,5384,1,5,2,4,4,4,4,4,1,1,286.199,42,193.101
5810,5384,2,5,2,4,4,4,4,4,1,1,286.658,41,203.474
5811,5384,3,5,2,4,4,4,4,4,1,1,286.953,41,188.992
5812,5385,1,5,2,2,2,2,2,2,1,1,286.435,42,145.596
5813,5385,2,5,2,2,2,2,2,2,1,1,286.195,42,145.693
5814,5385,3,5,2,2,2,2,2,2,1,1,286.846,41,146.461
5815,5386,1,6,1,16,16,16,16,16,0,1,286.629,41,157.474
5816,5386,2,6,1,16,16,16,16,16,0,1,286.916,41,156.304
5817,5386,3,6,1,16,16,16,16,16,0,1,286.897,42,158.574
5818,5387,1,3,1,3,3,3,3,3,0,1,286.422,42,210.627
5819,5387,2,3,1,3,3,3,3,3,0,1,286.364,42,227.511
5820,5387,3,3,1,3,3,3,3,3,0,1,286.952,42,209.471
5821,5388,1,6,1,17,17,17,17,17,0,1,286.377,41,174.349
5822,5388,2,6,1,17,17,17,17,17,0,1,286.695,42,176.658
5823,5388,3,6,1,17,17,17,17,17,0,1,286.659,41,171.803
5824,5389,1,5,2,6,6,6,6,6,1,1,286.89,41,325.088
5825,5389,2,5,2,6,6,6,6,6,1,1,286.201,42,326.598
5826,5389,3,5,2,6,6,6,6,6,1,1,286.205,42,323.44
5827,5390,1,6,2,6,6,6,6,6,1,1,287.325,42,156.827
5828,5390,2,6,2,6,6,6,6,6,1,1,286.692,42,151.483
5829,5390,3,6,2,6,6,6,6,6,1,1,287.123,42,157.883
5830,5391,1,5,2,7,7,7,7,7,0,1,287.03,42,327.479
5831,5391,2,5,2,7,7,7,7,7,0,1,286.332,42,325.679
5832,5391,3,5,2,7,7,7,7,7,0,1,287.032,42,321.691
5833,5392,1,6,2,7,7,7,7,7,0,1,286.585,42,201.0
5834,5392,2,6,2,7,7,7,7,7,0,1,286.987,41,215.831
5835,5392,3,6,2,7,7,7,7,7,0,1,286.793,42,200.554
5836,5393,1,6,3,7,7,7,7,7,0,1,286.377,42,248.449
5837,5393,2,6,3,7,7,7,7,7,0,1,286.205,42,247.22
5838,5393,3,6,3,7,7,7,7,7,0,1,287.419,42,250.487
5839,5394,1,7,3,9,9,9,9,9,0,1,286.383,42,266.422
5840,5394,2,7,3,9,9,9,9,9,0,1,286.365,41,269.927
5841,5394,3,7,3,9,9,9,9,9,0,1,287.365,41,268.196
5842,5395,1,9,3,9,9,9,9,9,1,1,286.234,42,324.912
5843,5395,2,9,3,9,9,9,9,9,1,1,286.824,42,325.524
5844,5395,3,9,3,9,9,9,9,9,1,1,286.989,42,317.503
5845,5396,1,6,2,4,4,4,4,4,1,1,286.949,41,1633.9
5846,5396,2,6,2,4,4,4,4,4,1,1,287.118,42,1624.74
5847,5396,3,6,2,4,4,4,4,4,1,1,287.035,42,1612.45
5848,5397,1,4,2,5,5,5,5,5,0,1,286.997,41,175.01
5849,5397,2,4,2,5,5,5,5,5,0,1,286.287,42,160.416
5850,5397,3,4,2,5,5,5,5,5,0,1,286.981,41,155.196
5851,5398,1,7,3,8,8,8,8,8,0,1,287.003,42,502.436
5852,5398,2,7,3,8,8,8,8,8,0,1,287.012,41,505.108
5853,5398,3,7,3,8,8,8,8,8,0,1,286.254,41,499.581
5854,5399,1,3,2,3,3,3,3,3,0,1,288.126,42,208.007
5855,5399,2,3,2,3,3,3,3,3,0,1,286.977,42,210.435
5856,5399,3,3,2,3,3,3,3,3,0,1,286.856,41,206.79
5857,5400,1,6,3,9,9,9,9,9,0,1,286.662,42,199.288
5858,5400,2,6,3,9,9,9,9,9,0,1,286.549,42,198.384
5859,5400,3,6,3,9,9,9,9,9,0,1,286.305,42,197.983
5860,5401,1,3,2,3,3,3,3,3,0,1,287.04,42,210.057
5861,5401,2,3,2,3,3,3,3,3,0,1,286.239,41,212.167
5862,5401,3,3,2,3,3,3,3,3,0,1,286.571,41,212.398
5863,5402,1,6,2,3,3,3,3,3,1,1,286.978,41,551.637
5864,5402,2,6,2,3,3,3,3,3,1,1,287.05,41,523.515
5865,5402,3,6,2,3,3,3,3,3,1,1,287.222,42,533.227
5866,5403,1,7,3,15,15,15,15,15,0,1,286.971,42,545.068
5867,5403,2,7,3,15,15,15,15,15,0,1,286.292,42,550.135
5868,5403,3,7,3,15,15,15,15,15,0,1,287.022,42,549.44
5869,5404,1,7,3,7,7,7,7,7,0,1,286.807,41,278.978
5870,5404,2,7,3,7,7,7,7,7,0,1,287.064,42,280.402
5871,5404,3,7,3,7,7,7,7,7,0,1,286.905,41,279.449
5872,5405,1,4,2,5,5,5,5,5,0,1,287.091,42,156.977
5873,5405,2,4,2,5,5,5,5,5,0,1,287.065,41,155.903
5874,5405,3,4,2,5,5,5,5,5,0,1,286.398,41,155.966
5875,5406,1,6,2,7,7,7,7,7,1,1,286.848,42,153.619
5876,5406,2,6,2,7,7,7,7,7,1,1,287.017,41,156.158
5877,5406,3,6,2,7,7,7,7,7,1,1,286.812,41,155.564
5878,5407,1,3,1,5,5,5,5,5,0,1,287.094,42,179.599
5879,5407,2,3,1,5,5,5,5,5,0,1,286.782,41,161.293
5880,5407,3,3,1,5,5,5,5,5,0,1,286.379,42,160.323
5881,5408,1,7,3,4,4,4,4,4,1,1,286.261,42,162.213
5882,5408,2,7,3,4,4,4,4,4,1,1,286.578,41,162.134
5883,5408,3,7,3,4,4,4,4,4,1,1,286.353,42,164.486
5884,5409,1,8,3,11,11,11,11,11,0,1,287.171,41,2665.64
5885,5409,2,8,3,11,11,11,11,11,0,1,286.377,42,2660.49
5886,5409,3,8,3,11,11,11,11,11,0,1,286.864,42,2666.44
5887,5410,1,7,3,9,9,9,9,9,0,1,286.742,42,688.6
5888,5410,2,7,3,9,9,9,9,9,0,1,286.766,42,691.619
5889,5410,3,7,3,9,9,9,9,9,0,1,286.421,42,690.23
5890,5411,1,6,3,6,6,6,6,6,1,1,287.434,41,291.254
5891,5411,2,6,3,6,6,6,6,6,1,1,286.858,41,303.998
5892,5411,3,6,3,6,6,6,6,6,1,1,287.19,42,292.436
5893,5412,1,6,3,11,11,11,11,11,0,1,286.827,42,196.596
5894,5412,2,6,3,11,11,11,11,11,0,1,286.977,42,192.082
5895,5412,3,6,3,11,11,11,11,11,0,1,286.687,41,195.185
5896,5413,1,7,3,14,14,14,14,14,0,1,286.916,42,279.214
5897,5413,2,7,3,14,14,14,14,14,0,1,287.62,42,277.206
5898,5413,3,7,3,14,14,14,14,14,0,1,287.221,42,278.318
5899,5414,1,5,2,6,6,6,6,6,0,1,286.944,42,184.78
5900,5414,2,5,2,6,6,6,6,6,0,1,287.896,42,183.155
5901,5414,3,5,2,6,6,6,6,6,0,1,286.164,42,182.942
5902,5415,1,7,3,5,5,5,5,5,2,1,286.687,42,156.869
5903,5415,2,7,3,5,5,5,5,5,2,1,286.689,42,157.879
5904,5415,3,7,3,5,5,5,5,5,2,1,286.981,41,159.001
5905,5416,1,6,2,8,8,8,8,8,0,1,286.751,42,264.761
5906,5416,2,6,2,8,8,8,8,8,0,1,286.532,42,278.081
5907,5416,3,6,2,8,8,8,8,8,0,1,286.478,42,267.3
5908,5417,1,15,5,9,9,9,9,9,1,1,286.714,42,52891.3
5909,5417,2,15,5,9,9,9,9,9,1,1,286.367,42,54667.7
5910,5417,3,15,5,9,9,9,9,9,1,1,286.947,42,54875.5
5911,5418,1,10,4,14,14,14,14,14,0,1,287.175,41,18005.6
5912,5418,2,10,4,14,14,14,14,14,0,1,286.972,42,18017.7
5913,5418,3,10,4,14,14,14,14,14,0,1,286.732,42,17966.5
5914,5419,1,6,2,4,4,4,4,4,1,1,286.652,42,265.752
5915,5419,2,6,2,4,4,4,4,4,1,1,286.942,42,259.058
5916,5419,3,6,2,4,4,4,4,4,1,1,287.372,42,252.439
5917,5420,1,6,2,7,7,7,7,7,1,1,286.533,42,237.201
5918,5420,2,6,2,7,7,7,7,7,1,1,286.821,42,237.65
5919,5420,3,6,2,7,7,7,7,7,1,1,286.711,42,238.429
5920,5421,1,4,2,4,4,4,4,4,0,1,286.653,42,155.421
5921,5421,2,4,2,4,4,4,4,4,0,1,287.242,42,154.283
5922,5421,3,4,2,4,4,4,4,4,0,1,287.665,42,152.675
5923,5422,1,7,3,9,9,9,9,9,0,1,287.081,42,318.627
5924,5422,2,7,3,9,9,9,9,9,0,1,286.906,41,309.379
5925,5422,3,7,3,9,9,9,9,9,0,1,287.77,41,311.278
5926,5423,1,5,2,7,7,7,7,7,0,1,287.104,42,187.386
5927,5423,2,5,2,7,7,7,7,7,0,1,286.387,42,193.859
5928,5423,3,5,2,7,7,7,7,7,0,1,286.801,42,193.462
5929,5424,1,8,3,7,7,7,7,7,2,1,287.302,41,201.064
5930,5424,2,8,3,7,7,7,7,7,2,1,286.878,41,185.581
5931,5424,3,8,3,7,7,7,7,7,2,1,286.579,42,190.096
5932,5425,1,4,1,8,8,8,8,8,0,1,287.196,42,142.828
5933,5425,2,4,1,8,8,8,8,8,0,1,286.824,42,143.485
5934,5425,3,4,1,8,8,8,8,8,0,1,287.082,41,146.697
5935,5426,1,5,1,5,5,5,5,5,1,1,286.625,42,245.758
5936,5426,2,5,1,5,5,5,5,5,1,1,286.673,42,249.501
5937,5426,3,5,1,5,5,5,5,5,1,1,287.114,42,243.346
5938,5427,1,4,1,5,5,5,5,5,0,1,286.515,42,169.698
5939,5427,2,4,1,5,5,5,5,5,0,1,287.309,41,167.302
5940,5427,3,4,1,5,5,5,5,5,0,1,287.205,41,167.606
5941,5428,1,8,3,4,4,4,4,4,1,1,287.131,41,663.809
5942,5428,2,8,3,4,4,4,4,4,1,1,286.503,42,662.686
5943,5428,3,8,3,4,4,4,4,4,1,1,287.152,42,673.883
5944,5429,1,6,2,10,10,10,10,10,0,1,286.361,42,229.349
5945,5429,2,6,2,10,10,10,10,10,0,1,287.027,42,211.539
5946,5429,3,6,2,10,10,10,10,10,0,1,287.089,41,210.508
5947,5430,1,5,2,15,15,15,15,15,0,1,286.552,42,149.264
5948,5430,2,5,2,15,15,15,15,15,0,1,287.178,42,146.111
5949,5430,3,5,2,15,15,15,15,15,0,1,286.943,42,189.293
5950,5431,1,8,3,9,9,9,9,9,0,1,286.683,42,8274.58
5951,5431,2,8,3,9,9,9,9,9,0,1,286.724,42,8248.9
5952,5431,3,8,3,9,9,9,9,9,0,1,287.033,42,8321.41
5953,5432,1,7,2,11,11,11,11,11,0,1,287.301,42,274.714
5954,5432,2,7,2,11,11,11,11,11,0,1,286.683,41,260.87
5955,5432,3,7,2,11,11,11,11,11,0,1,286.561,42,260.689
5956,5433,1,5,2,10,10,10,10,10,0,1,286.856,41,158.164
5957,5433,2,5,2,10,10,10,10,10,0,1,286.756,42,156.494
5958,5433,3,5,2,10,10,10,10,10,0,1,286.978,42,156.514
5959,5434,1,3,2,2,2,2,2,2,0,1,287.422,42,155.963
5960,5434,2,3,2,2,2,2,2,2,0,1,286.449,41,158.049
5961,5434,3,3,2,2,2,2,2,2,0,1,286.283,42,156.066
5962,5435,1,7,2,48,48,48,48,48,0,1,287.057,41,156.504
5963,5435,2,7,2,48,48,48,48,48,0,1,286.943,42,161.007
5964,5435,3,7,2,48,48,48,48,48,0,1,287.298,42,156.882
5965,5436,1,4,2,4,4,4,4,4,0,1,286.858,41,183.144
5966,5436,2,4,2,4,4,4,4,4,0,1,287.051,42,181.57
5967,5436,3,4,2,4,4,4,4,4,0,1,286.936,42,181.216
5968,5437,1,8,3,5,5,5,5,5,1,1,286.207,42,245.344
5969,5437,2,8,3,5,5,5,5,5,1,1,287.041,41,224.593
5970,5437,3,8,3,5,5,5,5,5,1,1,286.997,42,222.306
5971,5438,1,6,1,16,16,16,16,16,0,1,287.06,41,218.899
5972,5438,2,6,1,16,16,16,16,16,0,1,286.334,42,148.76
5973,5438,3,6,1,16,16,16,16,16,0,1,287.172,41,146.965
5974,5439,1,7,2,9,9,9,9,9,0,1,287.114,42,452.228
5975,5439,2,7,2,9,9,9,9,9,0,1,287.159,41,457.984
5976,5439,3,7,2,9,9,9,9,9,0,1,286.812,42,456.822
5977,5440,1,7,2,10,10,10,10,10,0,1,287.124,42,443.755
5978,5440,2,7,2,10,10,10,10,10,0,1,286.442,42,441.089
5979,5440,3,7,2,10,10,10,10,10,0,1,287.234,42,446.105
5980,5441,1,5,1,19,19,19,19,19,0,1,286.942,41,155.81
5981,5441,2,5,1,19,19,19,19,19,0,1,287.176,41,153.659
5982,5441,3,5,1,19,19,19,19,19,0,1,286.404,42,154.487
5983,5442,1,7,2,7,7,7,7,7,1,1,286.524,42,1903.52
5984,5442,2,7,2,7,7,7,7,7,1,1,287.066,41,1886.03
5985,5442,3,7,2,7,7,7,7,7,1,1,286.159,42,1911.29
5986,5443,1,6,2,3,3,3,3,3,1,1,287.11,42,217.025
5987,5443,2,6,2,3,3,3,3,3,1,1,286.871,42,214.418
5988,5443,3,6,2,3,3,3,3,3,1,1,286.356,42,216.445
5989,5444,1,8,3,14,14,14,14,14,0,1,286.312,41,914.451
5990,5444,2,8,3,14,14,14,14,14,0,1,286.359,41,910.056
5991,5444,3,8,3,14,14,14,14,14,0,1,286.545,41,905.228
5992,5445,1,3,1,4,4,4,4,4,0,1,286.465,42,146.531
5993,5445,2,3,1,4,4,4,4,4,0,1,286.511,42,147.291
5994,5445,3,3,1,4,4,4,4,4,0,1,287.54,42,145.485
5995,5446,1,7,1,24,24,24,24,24,0,1,287.148,41,147.416
5996,5446,2,7,1,24,24,24,24,24,0,1,287.008,42,164.599
5997,5446,3,7,1,24,24,24,24,24,0,1,286.411,42,147.747
5998,5447,1,5,2,3,3,3,3,3,1,1,286.89,41,145.129
5999,5447,2,5,2,3,3,3,3,3,1,1,286.866,42,147.873
6000,5447,3,5,2,3,3,3,3,3,1,1,286.416,42,144.57
6001,5448,1,9,3,11,11,11,11,11,1,1,287.393,42,1663.37
6002,5448,2,9,3,11,11,11,11,11,1,1,286.967,41,1649.12
6003,5448,3,9,3,11,11,11,11,11,1,1,286.301,42,1642.69
6004,5449,1,5,2,8,8,8,8,8,0,1,286.82,41,839.974
6005,5449,2,5,2,8,8,8,8,8,0,1,286.901,42,838.104
6006,5449,3,5,2,8,8,8,8,8,0,1,286.999,42,835.217
6007,5450,1,6,2,11,11,11,11,11,0,1,286.51,42,155.89
6008,5450,2,6,2,11,11,11,11,11,0,1,287.093,41,155.613
6009,5450,3,6,2,11,11,11,11,11,0,1,287.162,42,154.536
6010,5451,1,6,3,5,5,5,5,5,1,1,286.252,42,164.838
6011,5451,2,6,3,5,5,5,5,5,1,1,286.221,41,148.806
6012,5451,3,6,3,5,5,5,5,5,1,1,286.731,41,149.671
6013,5452,1,5,2,5,5,5,5,5,1,1,286.508,42,146.18
6014,5452,2,5,2,5,5,5,5,5,1,1,287.183,42,146.048
6015,5452,3,5,2,5,5,5,5,5,1,1,286.956,42,146.292
6016,5453,1,8,4,14,14,14,14,14,0,1,286.546,42,605.404
6017,5453,2,8,4,14,14,14,14,14,0,1,286.41,42,602.411
6018,5453,3,8,4,14,14,14,14,14,0,1,287.164,42,601.944
6019,5454,1,5,2,7,7,7,7,7,0,1,286.266,42,193.624
6020,5454,2,5,2,7,7,7,7,7,0,1,286.247,41,193.549
6021,5454,3,5,2,7,7,7,7,7,0,1,286.537,42,193.235
6022,5455,1,4,1,4,4,4,4,4,0,1,286.505,42,154.739
6023,5455,2,4,1,4,4,4,4,4,0,1,287.252,42,154.308
6024,5455,3,4,1,4,4,4,4,4,0,1,286.293,42,157.755
6025,5456,1,8,3,12,12,12,12,12,0,1,286.908,42,1772.91
6026,5456,2,8,3,12,12,12,12,12,0,1,287.123,41,1780.62
6027,5456,3,8,3,12,12,12,12,12,0,1,286.371,42,1780.67
6028,5457,1,7,2,7,7,7,7,7,1,1,286.361,42,569.296
6029,5457,2,7,2,7,7,7,7,7,1,1,286.334,42,566.256
6030,5457,3,7,2,7,7,7,7,7,1,1,287.24,42,564.853
6031,5458,1,7,3,11,11,11,11,11,0,1,286.23,41,740.722
6032,5458,2,7,3,11,11,11,11,11,0,1,286.357,42,735.003
6033,5458,3,7,3,11,11,11,11,11,0,1,286.878,42,742.507
6034,5459,1,8,1,8,8,8,8,8,2,1,287.082,42,173.539
6035,5459,2,7,2,9,9,9,9,9,1,1,287.337,42,160.56
6036,5459,3,7,2,9,9,9,9,9,1,1,286.483,42,161.231
6037,5460,1,7,2,4,4,4,4,4,1,1,286.346,41,158.677
6038,5460,2,7,2,4,4,4,4,4,1,1,287.08,41,175.321
6039,5460,3,7,2,4,4,4,4,4,1,1,287.005,42,164.001
6040,5461,1,7,2,40,40,40,40,40,0,1,286.285,42,156.169
6041,5461,2,7,2,40,40,40,40,40,0,1,286.293,42,156.297
6042,5461,3,7,2,40,40,40,40,40,0,1,286.957,42,156.158
6043,5462,1,6,2,25,25,25,25,25,0,1,287.031,41,152.611
6044,5462,2,6,2,25,25,25,25,25,0,1,286.46,41,152.525
6045,5462,3,6,2,25,25,25,25,25,0,1,286.908,42,152.149
6046,5463,1,6,2,32,32,32,32,32,0,1,286.479,41,147.364
6047,5463,2,6,2,32,32,32,32,32,0,1,286.763,42,148.446
6048,5463,3,6,2,32,32,32,32,32,0,1,286.207,42,149.495
6049,5464,1,7,4,9,9,9,9,9,1,1,286.436,42,167.295
6050,5464,2,7,4,9,9,9,9,9,1,1,286.944,42,167.302
6051,5464,3,7,4,9,9,9,9,9,1,1,286.707,42,167.424
6052,5465,1,5,2,10,10,10,10,10,0,1,286.853,41,154.828
6053,5465,2,5,2,10,10,10,10,10,0,1,287.482,42,171.312
6054,5465,3,5,2,10,10,10,10,10,0,1,286.882,42,154.907
6055,5466,1,4,2,2,2,2,2,2,1,1,286.606,42,141.185
6056,5466,2,4,2,2,2,2,2,2,1,1,286.329,42,143.111
6057,5466,3,4,2,2,2,2,2,2,1,1,286.907,42,142.702
6058,5467,1,5,2,4,4,4,4,4,1,1,287.416,42,544.756
6059,5467,2,5,2,4,4,4,4,4,1,1,287.614,42,547.513
6060,5467,3,5,2,4,4,4,4,4,1,1,286.963,41,547.914
6061,5468,1,7,3,10,10,10,10,10,0,1,286.89,42,565.053
6062,5468,2,7,3,10,10,10,10,10,0,1,286.863,42,564.793
6063,5468,3,7,3,10,10,10,10,10,0,1,287.16,42,571.775
6064,5469,1,6,2,5,5,5,5,5,1,1,286.399,42,561.695
6065,5469,2,6,2,5,5,5,5,5,1,1,286.448,42,559.919
6066,5469,3,6,2,5,5,5,5,5,1,1,286.683,42,566.788
6067,5470,1,5,2,8,8,8,8,8,0,1,286.991,42,665.456
6068,5470,2,5,2,8,8,8,8,8,0,1,286.721,42,650.644
6069,5470,3,5,2,8,8,8,8,8,0,1,287.281,41,650.546
6070,5471,1,6,2,7,7,7,7,7,0,1,287.005,41,240.275
6071,5471,2,6,2,7,7,7,7,7,0,1,287.261,41,238.746
6072,5471,3,6,2,7,7,7,7,7,0,1,286.751,41,238.335
6073,5472,1,6,1,23,23,23,23,23,0,1,286.452,42,155.151
6074,5472,2,6,1,23,23,23,23,23,0,1,287.088,42,153.85
6075,5472,3,6,1,23,23,23,23,23,0,1,286.277,42,159.945
6076,5473,1,7,2,8,8,8,8,8,1,1,286.648,42,164.429
6077,5473,2,7,2,8,8,8,8,8,1,1,287.107,42,162.446
6078,5473,3,7,2,8,8,8,8,8,1,1,286.979,42,164.044
6079,5474,1,4,1,3,3,3,3,3,1,1,286.658,42,142.342
6080,5474,2,4,1,3,3,3,3,3,1,1,286.506,42,142.966
6081,5474,3,4,1,3,3,3,3,3,1,1,286.765,41,141.39
6082,5475,1,6,2,7,7,7,7,7,1,1,286.655,41,175.571
6083,5475,2,6,2,7,7,7,7,7,1,1,287.37,42,160.825
6084,5475,3,6,2,7,7,7,7,7,1,1,286.643,42,157.33
6085,5476,1,5,2,7,7,7,7,7,0,1,286.306,42,191.599
6086,5476,2,5,2,7,7,7,7,7,0,1,286.225,42,189.528
6087,5476,3,5,2,7,7,7,7,7,0,1,287.341,42,192.372
6088,5477,1,7,1,36,36,36,36,36,0,1,286.2,42,151.197
6089,5477,2,7,1,36,36,36,36,36,0,1,287.456,42,150.774
6090,5477,3,7,1,36,36,36,36,36,0,1,286.918,41,151.041
6091,5478,1,6,2,8,8,8,8,8,0,1,286.956,42,205.338
6092,5478,2,6,2,8,8,8,8,8,0,1,286.896,42,206.218
6093,5478,3,6,2,8,8,8,8,8,0,1,286.456,42,208.131
6094,5479,1,7,2,6,6,6,6,6,2,1,286.243,42,162.411
6095,5479,2,7,2,6,6,6,6,6,2,1,286.867,41,161.379
6096,5479,3,7,2,6,6,6,6,6,2,1,287.034,41,163.454
6097,5480,1,8,3,6,6,6,6,6,2,1,286.983,42,201.748
6098,5480,2,8,3,6,6,6,6,6,2,1,286.758,42,186.796
6099,5480,3,8,3,6,6,6,6,6,2,1,287.016,42,187.521
6100,5481,1,7,1,25,25,25,25,25,0,1,285.931,42,147.419
6101,5481,2,7,1,25,25,25,25,25,0,1,286.651,42,147.877
6102,5481,3,7,1,25,25,25,25,25,0,1,286.806,41,148.662
6103,5482,1,3,2,3,3,3,3,3,0,1,287.092,42,169.484
6104,5482,2,3,2,3,3,3,3,3,0,1,286.394,42,168.735
6105,5482,3,3,2,3,3,3,3,3,0,1,287.291,41,168.053
6106,5483,1,3,1,4,4,4,4,4,0,1,286.809,42,147.402
6107,5483,2,3,1,4,4,4,4,4,0,1,286.977,42,147.585
6108,5483,3,3,1,4,4,4,4,4,0,1,287.292,41,147.916
6109,5484,1,9,4,9,9,9,9,9,2,1,286.573,41,283.746
6110,5484,2,9,4,9,9,9,9,9,2,1,286.969,42,286.238
6111,5484,3,9,4,9,9,9,9,9,2,1,285.815,42,284.384
6112,5485,1,6,2,4,4,4,4,4,1,1,286.753,41,275.71
6113,5485,2,6,2,4,4,4,4,4,1,1,286.564,42,260.653
6114,5485,3,6,2,4,4,4,4,4,1,1,286.542,42,258.39
6115,5486,1,6,2,5,5,5,5,5,1,1,286.836,42,1905.69
6116,5486,2,6,2,5,5,5,5,5,1,1,286.666,42,1947.84
6117,5486,3,6,2,5,5,5,5,5,1,1,285.973,42,1929.5
6118,5487,1,7,1,21,21,21,21,21,0,1,286.513,41,147.035
6119,5487,2,7,1,21,21,21,21,21,0,1,287.183,42,145.714
6120,5487,3,7,1,21,21,21,21,21,0,1,286.907,41,148.586
6121,5488,1,4,2,5,5,5,5,5,0,1,286.811,41,164.349
6122,5488,2,4,2,5,5,5,5,5,0,1,286.532,42,162.886
6123,5488,3,4,2,5,5,5,5,5,0,1,287.074,41,162.954
6124,5489,1,4,1,6,6,6,6,6,0,1,286.984,42,149.939
6125,5489,2,4,1,6,6,6,6,6,0,1,286.44,42,148.175
6126,5489,3,4,1,6,6,6,6,6,0,1,286.385,42,161.212
6127,5490,1,4,1,7,7,7,7,7,0,1,286.423,42,175.269
6128,5490,2,4,1,7,7,7,7,7,0,1,286.56,42,178.917
6129,5490,3,4,1,7,7,7,7,7,0,1,286.802,41,181.019
6130,5491,1,9,3,9,9,9,9,9,2,1,286.529,41,297.082
6131,5491,2,9,3,9,9,9,9,9,2,1,286.47,42,298.016
6132,5491,3,9,3,9,9,9,9,9,2,1,286.727,41,298.527
6133,5492,1,4,2,8,8,8,8,8,0,1,286.93,42,146.784
6134,5492,2,4,2,8,8,8,8,8,0,1,287.049,42,147.238
6135,5492,3,4,2,8,8,8,8,8,0,1,286.703,41,149.176
6136,5493,1,5,1,18,18,18,18,18,0,1,287.002,41,156.75
6137,5493,2,5,1,18,18,18,18,18,0,1,286.581,42,157.181
6138,5493,3,5,1,18,18,18,18,18,0,1,286.996,41,157.145
6139,5494,1,8,4,9,9,9,9,9,2,1,286.697,41,189.768
6140,5494,2,8,4,9,9,9,9,9,2,1,286.928,41,188.858
6141,5494,3,8,4,9,9,9,9,9,2,1,286.774,41,205.983
6142,5495,1,7,2,6,6,6,6,6,1,1,286.912,42,158.575
6143,5495,2,7,2,6,6,6,6,6,1,1,286.889,41,158.795
6144,5495,3,7,2,6,6,6,6,6,1,1,286.616,41,159.851
6145,5496,1,5,2,3,3,3,3,3,1,1,286.535,42,456.366
6146,5496,2,5,2,3,3,3,3,3,1,1,286.745,42,457.351
6147,5496,3,5,2,3,3,3,3,3,1,1,286.524,42,457.624
6148,5497,1,6,2,5,5,5,5,5,1,1,288.405,42,150.731
6149,5497,2,6,2,5,5,5,5,5,1,1,287.144,42,150.773
6150,5497,3,6,2,5,5,5,5,5,1,1,287.532,42,150.363
6151,5498,1,6,2,3,3,3,3,3,1,1,286.627,41,191.763
6152,5498,2,6,2,3,3,3,3,3,1,1,286.518,42,193.433
6153,5498,3,6,2,3,3,3,3,3,1,1,286.889,42,198.801
6154,5499,1,6,2,3,3,3,3,3,1,1,286.781,42,150.987
6155,5499,2,6,2,3,3,3,3,3,1,1,286.805,41,150.451
6156,5499,3,4,1,3,3,3,3,3,1,1,287.079,41,158.588
6157,5500,1,9,3,11,11,11,11,11,0,1,286.48,42,14230.0
6158,5500,2,9,3,11,11,11,11,11,0,1,286.356,42,14168.8
6159,5500,3,9,3,11,11,11,11,11,0,1,287.13,42,13894.8
6160,5501,1,7,3,16,16,16,16,16,1,1,286.391,42,334.459
6161,5501,2,7,3,16,16,16,16,16,1,1,287.173,42,347.426
6162,5501,3,7,3,16,16,16,16,16,1,1,286.991,42,334.175
6163,5502,1,6,2,8,8,8,8,8,0,1,287.062,42,200.5
6164,5502,2,6,2,8,8,8,8,8,0,1,287.124,42,200.997
6165,5502,3,6,2,8,8,8,8,8,0,1,286.796,42,202.02
6166,5503,1,7,2,11,11,11,11,11,0,1,286.795,42,511.674
6167,5503,2,7,2,11,11,11,11,11,0,1,286.949,42,515.248
6168,5503,3,7,2,11,11,11,11,11,0,1,286.763,42,515.369
6169,5504,1,7,2,5,5,5,5,5,1,1,286.94,42,160.915
6170,5504,2,7,2,5,5,5,5,5,1,1,287.137,41,161.299
6171,5504,3,7,2,5,5,5,5,5,1,1,287.03,41,161.914
6172,5505,1,10,3,12,12,12,12,12,2,1,286.668,42,540.347
6173,5505,2,10,3,12,12,12,12,12,2,1,287.046,42,542.377
6174,5505,3,10,3,12,12,12,12,12,2,1,286.988,42,542.5
6175,5506,1,7,2,9,9,9,9,9,0,1,287.053,41,470.719
6176,5506,2,7,2,9,9,9,9,9,0,1,286.328,42,480.388
6177,5506,3,7,2,9,9,9,9,9,0,1,286.785,41,462.345
6178,5507,1,4,1,2,2,2,2,2,1,1,286.29,41,192.94
6179,5507,2,4,1,2,2,2,2,2,1,1,286.956,41,192.261
6180,5507,3,4,1,2,2,2,2,2,1,1,286.931,42,190.71
6181,5508,1,10,3,8,8,8,8,8,1,1,286.787,42,877.144
6182,5508,2,10,3,8,8,8,8,8,1,1,287.043,41,882.241
6183,5508,3,10,3,8,8,8,8,8,1,1,287.165,42,880.634
6184,5509,1,9,4,5,5,5,5,5,1,1,287.234,42,322.588
6185,5509,2,9,4,5,5,5,5,5,1,1,286.974,42,323.798
6186,5509,3,9,4,5,5,5,5,5,1,1,286.923,41,326.633
6187,5510,1,6,2,4,4,4,4,4,1,1,286.695,42,148.044
6188,5510,2,6,2,4,4,4,4,4,1,1,287.142,41,148.769
6189,5510,3,6,2,4,4,4,4,4,1,1,286.866,42,149.191
6190,5511,1,4,1,8,8,8,8,8,0,1,286.366,42,291.587
6191,5511,2,4,1,8,8,8,8,8,0,1,286.614,42,274.063
6192,5511,3,4,1,8,8,8,8,8,0,1,286.812,41,279.968
6193,5512,1,7,2,36,36,36,36,36,0,1,286.583,41,154.925
6194,5512,2,7,2,36,36,36,36,36,0,1,286.727,42,154.478
6195,5512,3,7,2,36,36,36,36,36,0,1,286.395,42,153.101
6196,5513,1,5,2,5,5,5,5,5,1,1,286.382,41,689.259
6197,5513,2,5,2,5,5,5,5,5,1,1,287.465,41,692.782
6198,5513,3,5,2,5,5,5,5,5,1,1,287.176,41,693.721
6199,5514,1,10,4,22,22,22,22,22,0,1,287.152,42,17482.3
6200,5514,2,10,4,22,22,22,22,22,0,1,286.813,42,17491.5
6201,5514,3,10,4,22,22,22,22,22,0,1,286.685,41,17499.1
6202,5515,1,6,2,12,12,12,12,12,0,1,286.466,42,155.84
6203,5515,2,6,2,12,12,12,12,12,0,1,286.674,41,157.078
6204,5515,3,6,2,12,12,12,12,12,0,1,287.091,42,155.112
6205,5516,1,8,3,4,4,4,4,4,1,1,287.011,42,196.1
6206,5516,2,8,3,4,4,4,4,4,1,1,286.735,41,196.521
6207,5516,3,8,3,4,4,4,4,4,1,1,286.694,42,197.229
6208,5517,1,4,2,3,3,3,3,3,1,1,286.549,42,147.609
6209,5517,2,4,2,3,3,3,3,3,1,1,285.736,42,143.923
6210,5517,3,4,2,3,3,3,3,3,1,1,286.358,41,144.652
6211,5518,1,6,2,7,7,7,7,7,0,1,286.84,42,201.681
6212,5518,2,6,2,7,7,7,7,7,0,1,286.583,42,220.142
6213,5518,3,6,2,7,7,7,7,7,0,1,287.925,42,205.036
6214,5519,1,7,3,9,9,9,9,9,0,1,286.299,42,582.222
6215,5519,2,7,3,9,9,9,9,9,0,1,288.004,42,596.095
6216,5519,3,7,3,9,9,9,9,9,0,1,286.58,42,579.658
6217,5520,1,6,2,7,7,7,7,7,1,1,286.286,42,188.285
6218,5520,2,6,2,7,7,7,7,7,1,1,286.922,42,188.425
6219,5520,3,6,2,7,7,7,7,7,1,1,286.987,41,188.959
6220,5521,1,4,2,3,3,3,3,3,0,1,286.391,41,205.736
6221,5521,2,4,2,3,3,3,3,3,0,1,287.075,41,206.345
6222,5521,3,4,2,3,3,3,3,3,0,1,286.325,42,202.996
6223,5522,1,3,2,4,4,4,4,4,0,1,287.099,42,158.862
6224,5522,2,3,2,4,4,4,4,4,0,1,286.925,42,162.095
6225,5522,3,3,2,4,4,4,4,4,0,1,286.367,41,162.862
6226,5523,1,7,3,5,5,5,5,5,2,1,286.281,42,160.383
6227,5523,2,7,3,5,5,5,5,5,2,1,286.58,42,175.794
6228,5523,3,7,3,5,5,5,5,5,2,1,286.996,42,161.065
6229,5524,1,5,2,4,4,4,4,4,1,1,287.233,41,146.229
6230,5524,2,5,2,4,4,4,4,4,1,1,286.878,41,147.093
6231,5524,3,5,2,4,4,4,4,4,1,1,287.134,42,147.536
6232,5525,1,7,2,30,30,30,30,30,0,1,286.928,42,149.991
6233,5525,2,7,2,30,30,30,30,30,0,1,286.462,42,150.711
6234,5525,3,7,2,30,30,30,30,30,0,1,286.959,41,149.06
6235,5526,1,8,3,19,19,19,19,19,0,1,287.274,41,748.8
6236,5526,2,8,3,19,19,19,19,19,0,1,287.036,42,739.967
6237,5526,3,8,3,19,19,19,19,19,0,1,286.308,42,738.392
6238,5527,1,5,2,3,3,3,3,3,1,1,286.809,42,147.911
6239,5527,2,5,2,3,3,3,3,3,1,1,287.01,42,147.062
6240,5527,3,5,2,3,3,3,3,3,1,1,286.529,42,147.785
6241,5528,1,7,3,4,4,4,4,4,1,1,286.542,42,325.815
6242,5528,2,7,3,4,4,4,4,4,1,1,286.272,41,338.74
6243,5528,3,7,3,4,4,4,4,4,1,1,286.324,42,324.7
6244,5529,1,5,1,7,7,7,7,7,0,1,286.922,42,157.355
6245,5529,2,5,1,7,7,7,7,7,0,1,286.5,42,158.145
6246,5529,3,5,1,7,7,7,7,7,0,1,286.851,42,158.953
6247,5530,1,9,5,4,4,4,4,4,1,1,287.117,42,2605.04
6248,5530,2,9,5,4,4,4,4,4,1,1,286.954,42,2650.09
6249,5530,3,9,5,4,4,4,4,4,1,1,286.863,42,2617.88
6250,5531,1,8,3,13,13,13,13,13,2,1,286.906,42,192.577
6251,5531,2,10,3,13,13,13,13,13,2,1,286.254,42,545.447
6252,5531,3,10,3,13,13,13,13,13,2,1,287.048,41,541.158
6253,5532,1,5,2,4,4,4,4,4,1,1,286.921,42,690.966
6254,5532,2,5,2,4,4,4,4,4,1,1,286.462,42,685.416
6255,5532,3,5,2,4,4,4,4,4,1,1,286.306,41,717.499
6256,5533,1,7,3,3,3,3,3,3,1,1,286.973,42,1747.46
6257,5533,2,7,3,3,3,3,3,3,1,1,286.96,42,1720.4
6258,5533,3,7,3,3,3,3,3,3,1,1,287.069,42,1749.14
6259,5534,1,6,2,3,3,3,3,3,1,1,286.909,42,1847.66
6260,5534,2,6,2,3,3,3,3,3,1,1,287.187,42,1837.32
6261,5534,3,6,2,3,3,3,3,3,1,1,286.729,42,1839.88
6262,5535,1,5,2,13,13,13,13,13,0,1,286.317,42,214.654
6263,5535,2,5,2,13,13,13,13,13,0,1,286.95,42,214.012
6264,5535,3,5,2,13,13,13,13,13,0,1,286.82,42,214.67
6265,5536,1,8,3,6,6,6,6,6,1,1,286.879,42,218.51
6266,5536,2,8,3,6,6,6,6,6,1,1,287.029,42,221.372
6267,5536,3,8,3,6,6,6,6,6,1,1,286.207,42,217.608
6268,5537,1,4,1,8,8,8,8,8,0,1,286.94,42,175.455
6269,5537,2,4,1,8,8,8,8,8,0,1,286.66,42,157.526
6270,5537,3,4,1,8,8,8,8,8,0,1,287.021,41,158.856
6271,5538,1,3,1,4,4,4,4,4,0,1,287.222,42,148.204
6272,5538,2,3,1,4,4,4,4,4,0,1,287.219,42,148.703
6273,5538,3,3,1,4,4,4,4,4,0,1,286.525,42,147.98
6274,5539,1,6,3,9,9,9,9,9,0,1,286.968,42,207.159
6275,5539,2,6,3,9,9,9,9,9,0,1,286.755,41,206.289
6276,5539,3,6,3,9,9,9,9,9,0,1,287.027,41,206.73
6277,5540,1,5,1,3,3,3,3,3,1,1,286.455,42,511.161
6278,5540,2,5,1,3,3,3,3,3,1,1,287.03,42,521.826
6279,5540,3,5,1,3,3,3,3,3,1,1,286.866,42,523.958
6280,5541,1,6,2,5,5,5,5,5,1,1,286.204,42,152.062
6281,5541,2,6,2,5,5,5,5,5,1,1,286.941,42,151.103
6282,5541,3,6,2,5,5,5,5,5,1,1,287.053,42,152.246
6283,5542,1,6,2,9,9,9,9,9,0,1,287.344,41,199.709
6284,5542,2,6,2,9,9,9,9,9,0,1,286.365,42,183.005
6285,5542,3,6,2,9,9,9,9,9,0,1,287.076,42,182.588
6286,5543,1,13,5,7,7,7,7,7,1,1,287.076,42,49501.6
6287,5543,2,13,5,7,7,7,7,7,1,1,286.146,41,49693.2
6288,5543,3,13,5,7,7,7,7,7,1,1,287.016,42,49564.5
6289,5544,1,4,1,9,9,9,9,9,0,1,287.222,42,171.904
6290,5544,2,4,1,9,9,9,9,9,0,1,286.685,41,153.819
6291,5544,3,4,1,9,9,9,9,9,0,1,286.254,41,150.749
6292,5545,1,5,3,6,6,6,6,6,0,1,287.539,42,151.665
6293,5545,2,5,3,6,6,6,6,6,0,1,286.897,42,148.832
6294,5545,3,5,3,6,6,6,6,6,0,1,287.182,42,149.926
6295,5546,1,5,3,4,4,4,4,4,1,1,286.837,41,198.972
6296,5546,2,5,3,4,4,4,4,4,1,1,286.221,42,199.76
6297,5546,3,5,3,4,4,4,4,4,1,1,286.735,41,199.93
6298,5547,1,6,2,6,6,6,6,6,0,1,287.121,42,205.041
6299,5547,2,6,2,6,6,6,6,6,0,1,286.883,42,204.773
6300,5547,3,6,2,6,6,6,6,6,0,1,286.978,41,207.531
6301,5548,1,8,3,10,10,10,10,10,1,1,286.924,41,8139.91
6302,5548,2,8,3,10,10,10,10,10,1,1,286.873,41,8111.51
6303,5548,3,8,3,10,10,10,10,10,1,1,286.42,42,7973.64
6304,5549,1,8,3,9,9,9,9,9,2,1,287.048,41,389.991
6305,5549,2,8,3,9,9,9,9,9,2,1,287.243,42,202.126
6306,5549,3,8,3,9,9,9,9,9,2,1,287.221,42,202.726
6307,5550,1,8,2,31,31,31,31,31,0,1,287.082,42,222.349
6308,5550,2,8,2,31,31,31,31,31,0,1,287.356,41,222.217
6309,5550,3,8,2,31,31,31,31,31,0,1,286.948,42,220.659
6310,5551,1,6,2,7,7,7,7,7,1,1,286.949,42,1889.14
6311,5551,2,6,2,7,7,7,7,7,1,1,287.038,41,1869.72
6312,5551,3,6,2,7,7,7,7,7,1,1,287.133,42,1890.19
6313,5552,1,3,2,2,2,2,2,2,0,1,286.368,42,148.007
6314,5552,2,3,2,2,2,2,2,2,0,1,286.276,41,141.17
6315,5552,3,3,2,2,2,2,2,2,0,1,287.29,42,143.709
6316,5553,1,6,2,7,7,7,7,7,3,1,286.301,41,161.523
6317,5553,2,5,2,7,7,7,7,7,3,1,287.194,41,151.968
6318,5553,3,5,2,7,7,7,7,7,3,1,286.875,42,156.132
6319,5554,1,6,2,5,5,5,5,5,1,1,286.487,42,154.3
6320,5554,2,6,2,5,5,5,5,5,1,1,286.262,42,154.568
6321,5554,3,6,2,5,5,5,5,5,1,1,286.999,42,153.001
6322,5555,1,7,2,5,5,5,5,5,1,1,286.796,41,310.124
6323,5555,2,7,2,5,5,5,5,5,1,1,286.364,42,307.025
6324,5555,3,7,2,5,5,5,5,5,1,1,286.907,42,310.189
6325,5556,1,7,2,23,23,23,23,23,0,1,287.09,42,160.605
6326,5556,2,7,2,23,23,23,23,23,0,1,286.731,42,160.131
6327,5556,3,7,2,23,23,23,23,23,0,1,286.949,42,178.585
6328,5557,1,5,1,4,4,4,4,4,1,1,286.889,41,147.774
6329,5557,2,5,1,4,4,4,4,4,1,1,286.871,42,148.339
6330,5557,3,5,1,4,4,4,4,4,1,1,287.031,42,148.233
6331,5558,1,5,1,3,3,3,3,3,1,1,286.932,42,160.236
6332,5558,2,5,1,3,3,3,3,3,1,1,287.127,42,160.081
6333,5558,3,5,1,3,3,3,3,3,1,1,286.768,42,160.045
6334,5559,1,3,1,4,4,4,4,4,0,1,286.294,42,160.979
6335,5559,2,3,1,4,4,4,4,4,0,1,287.289,42,164.727
6336,5559,3,3,1,4,4,4,4,4,0,1,286.894,41,160.268
6337,5560,1,6,2,8,8,8,8,8,0,1,287.45,42,274.792
6338,5560,2,6,2,8,8,8,8,8,0,1,286.902,42,269.171
6339,5560,3,6,2,8,8,8,8,8,0,1,287.003,42,364.236
6340,5561,1,6,2,9,9,9,9,9,0,1,286.826,42,225.124
6341,5561,2,6,2,9,9,9,9,9,0,1,286.984,42,223.724
6342,5561,3,6,2,9,9,9,9,9,0,1,286.286,41,244.408
6343,5562,1,7,3,9,9,9,9,9,0,1,287.219,42,580.942
6344,5562,2,7,3,9,9,9,9,9,0,1,286.915,42,591.212
6345,5562,3,7,3,9,9,9,9,9,0,1,287.24,41,589.647
6346,5563,1,6,1,28,28,28,28,28,0,1,286.665,42,161.428
6347,5563,2,6,1,28,28,28,28,28,0,1,286.419,42,159.33
6348,5563,3,6,1,28,28,28,28,28,0,1,286.886,42,159.149
6349,5564,1,6,2,4,4,4,4,4,1,1,286.126,41,273.669
6350,5564,2,6,2,4,4,4,4,4,1,1,286.975,42,277.398
6351,5564,3,6,2,4,4,4,4,4,1,1,286.95,42,277.913
6352,5565,1,8,3,10,10,10,10,10,0,1,287.341,42,526.774
6353,5565,2,8,3,10,10,10,10,10,0,1,287.189,42,528.786
6354,5565,3,8,3,10,10,10,10,10,0,1,286.677,42,526.515
6355,5566,1,9,3,13,13,13,13,13,0,1,286.724,42,2481.42
6356,5566,2,9,3,13,13,13,13,13,0,1,286.923,42,2453.07
6357,5566,3,9,3,13,13,13,13,13,0,1,286.825,42,2457.25
6358,5567,1,3,2,2,2,2,2,2,0,1,287.069,41,143.876
6359,5567,2,3,2,2,2,2,2,2,0,1,286.956,42,144.486
6360,5567,3,3,2,2,2,2,2,2,0,1,286.501,42,144.674
6361,5568,1,3,1,4,4,4,4,4,0,1,286.271,42,195.597
6362,5568,2,3,1,4,4,4,4,4,0,1,286.216,42,201.871
6363,5568,3,3,1,4,4,4,4,4,0,1,287.007,42,196.252
6364,5569,1,8,3,9,9,9,9,9,0,1,287.09,41,1782.0
6365,5569,2,8,3,9,9,9,9,9,0,1,286.719,41,1788.0
6366,5569,3,8,3,9,9,9,9,9,0,1,287.663,41,1769.25
6367,5570,1,10,4,19,19,19,19,19,0,1,287.145,42,18333.5
6368,5570,2,10,4,19,19,19,19,19,0,1,286.248,42,18304.3
6369,5570,3,10,4,19,19,19,19,19,0,1,286.956,42,18147.4
6370,5571,1,3,2,3,3,3,3,3,0,1,287.218,42,211.216
6371,5571,2,3,2,3,3,3,3,3,0,1,287.457,42,211.058
6372,5571,3,3,2,3,3,3,3,3,0,1,287.444,42,209.143
6373,5572,1,6,2,4,4,4,4,4,1,1,286.764,41,1540.29
6374,5572,2,6,2,4,4,4,4,4,1,1,286.865,42,1572.46
6375,5572,3,6,2,4,4,4,4,4,1,1,286.243,42,1544.58
6376,5573,1,6,2,7,7,7,7,7,0,1,286.51,42,270.676
6377,5573,2,6,2,7,7,7,7,7,0,1,286.929,42,271.876
6378,5573,3,6,2,7,7,7,7,7,0,1,286.527,41,273.366
6379,5574,1,7,2,5,5,5,5,5,1,1,286.347,41,167.975
6380,5574,2,7,2,5,5,5,5,5,1,1,287.247,41,166.436
6381,5574,3,7,2,5,5,5,5,5,1,1,286.263,42,170.058
6382,5575,1,5,2,4,4,4,4,4,1,1,286.449,42,186.468
6383,5575,2,5,2,4,4,4,4,4,1,1,287.221,42,187.427
6384,5575,3,5,2,4,4,4,4,4,1,1,286.374,42,184.642
6385,5576,1,5,2,6,6,6,6,6,1,1,287.093,42,149.832
6386,5576,2,5,2,6,6,6,6,6,1,1,286.572,42,153.312
6387,5576,3,5,2,6,6,6,6,6,1,1,286.429,42,153.943
6388,5577,1,6,2,3,3,3,3,3,1,1,287.673,42,555.941
6389,5577,2,6,2,3,3,3,3,3,1,1,286.492,42,543.514
6390,5577,3,6,2,3,3,3,3,3,1,1,287.155,42,542.949
6391,5578,1,6,2,5,5,5,5,5,1,1,286.937,42,155.397
6392,5578,2,6,2,5,5,5,5,5,1,1,287.061,42,157.701
6393,5578,3,6,2,5,5,5,5,5,1,1,286.827,41,152.798
6394,5579,1,7,2,10,10,10,10,10,1,1,286.846,42,10598.7
6395,5579,2,7,2,10,10,10,10,10,1,1,287.35,41,10385.0
6396,5579,3,7,2,10,10,10,10,10,1,1,286.94,42,10553.2
6397,5580,1,5,2,9,9,9,9,9,0,1,287.128,42,172.384
6398,5580,2,5,2,9,9,9,9,9,0,1,287.235,41,156.248
6399,5580,3,5,2,9,9,9,9,9,0,1,286.28,42,156.451
6400,5581,1,6,3,8,8,8,8,8,0,1,286.368,42,194.512
6401,5581,2,6,3,8,8,8,8,8,0,1,287.022,41,201.889
6402,5581,3,6,3,8,8,8,8,8,0,1,287.309,42,200.49
6403,5582,1,6,3,7,7,7,7,7,1,1,286.819,42,272.248
6404,5582,2,6,3,7,7,7,7,7,1,1,286.937,42,272.847
6405,5582,3,6,3,7,7,7,7,7,1,1,286.978,42,271.002
6406,5583,1,6,2,7,7,7,7,7,1,1,287.205,41,568.356
6407,5583,2,6,2,7,7,7,7,7,1,1,286.661,42,561.308
6408,5583,3,6,2,7,7,7,7,7,1,1,286.731,42,556.408
6409,5584,1,5,2,3,3,3,3,3,1,1,287.192,41,149.069
6410,5584,2,5,2,3,3,3,3,3,1,1,286.255,41,146.704
6411,5584,3,5,2,3,3,3,3,3,1,1,286.948,42,146.256
6412,5585,1,6,2,22,22,22,22,22,0,1,287.028,42,174.699
6413,5585,2,6,2,22,22,22,22,22,0,1,287.173,42,159.344
6414,5585,3,6,2,22,22,22,22,22,0,1,286.346,42,158.968
6415,5586,1,5,2,4,4,4,4,4,1,1,286.856,41,210.637
6416,5586,2,5,2,4,4,4,4,4,1,1,286.302,41,209.944
6417,5586,3,5,2,4,4,4,4,4,1,1,286.253,42,209.056
6418,5587,1,8,4,9,9,9,9,9,1,1,286.698,42,1414.08
6419,5587,2,8,4,9,9,9,9,9,1,1,286.812,42,1422.8
6420,5587,3,8,4,9,9,9,9,9,1,1,286.521,41,1415.06
6421,5588,1,5,2,3,3,3,3,3,1,1,286.919,42,147.074
6422,5588,2,5,2,3,3,3,3,3,1,1,287.186,42,148.278
6423,5588,3,5,2,3,3,3,3,3,1,1,286.461,42,147.35
6424,5589,1,6,2,4,4,4,4,4,1,1,286.919,41,150.099
6425,5589,2,6,2,4,4,4,4,4,1,1,287.01,42,150.777
6426,5589,3,6,2,4,4,4,4,4,1,1,286.891,41,166.567
6427,5590,1,8,4,15,15,15,15,15,0,1,287.039,41,2050.55
6428,5590,2,8,4,15,15,15,15,15,0,1,286.812,42,2031.56
6429,5590,3,8,4,15,15,15,15,15,0,1,287.057,42,2030.79
6430,5591,1,3,1,1,1,1,1,1,1,1,286.48,42,179.311
6431,5591,2,3,1,1,1,1,1,1,1,1,286.947,42,180.685
6432,5591,3,3,1,1,1,1,1,1,1,1,285.506,41,179.035
6433,5592,1,4,2,5,5,5,5,5,0,1,287.142,41,177.55
6434,5592,2,4,2,5,5,5,5,5,0,1,286.942,42,177.505
6435,5592,3,4,2,5,5,5,5,5,0,1,286.287,41,177.161
6436,5593,1,8,4,18,18,18,18,18,0,1,287.08,42,2039.01
6437,5593,2,8,4,18,18,18,18,18,0,1,286.307,42,2035.62
6438,5593,3,8,4,18,18,18,18,18,0,1,287.31,42,2051.76
6439,5594,1,7,1,27,27,27,27,27,0,1,286.208,41,171.059
6440,5594,2,7,1,27,27,27,27,27,0,1,286.713,42,155.6
6441,5594,3,7,1,27,27,27,27,27,0,1,286.836,42,154.071
6442,5595,1,6,2,4,4,4,4,4,1,1,286.737,42,187.697
6443,5595,2,6,2,4,4,4,4,4,1,1,286.613,42,189.128
6444,5595,3,6,2,4,4,4,4,4,1,1,286.466,42,192.266
6445,5596,1,5,2,13,13,13,13,13,0,1,286.925,42,158.227
6446,5596,2,5,2,13,13,13,13,13,0,1,287.132,42,160.331
6447,5596,3,5,2,13,13,13,13,13,0,1,286.438,41,156.511
6448,5597,1,5,2,3,3,3,3,3,1,1,286.82,42,147.24
6449,5597,2,5,2,3,3,3,3,3,1,1,287.695,42,146.852
6450,5597,3,5,2,3,3,3,3,3,1,1,286.966,42,145.855
6451,5598,1,12,4,7,7,7,7,7,1,1,286.256,42,24271.9
6452,5598,2,12,4,7,7,7,7,7,1,1,286.203,42,23682.6
6453,5598,3,12,4,7,7,7,7,7,1,1,286.451,41,23736.5
6454,5599,1,4,1,7,7,7,7,7,0,1,287.074,42,147.627
6455,5599,2,4,1,7,7,7,7,7,0,1,286.275,41,148.268
6456,5599,3,4,1,7,7,7,7,7,0,1,286.429,42,164.799
6457,5600,1,5,3,7,7,7,7,7,0,1,286.299,41,197.446
6458,5600,2,5,3,7,7,7,7,7,0,1,286.253,41,195.687
6459,5600,3,5,3,7,7,7,7,7,0,1,286.21,41,196.001
6460,5601,1,5,2,9,9,9,9,9,0,1,287.02,41,173.533
6461,5601,2,5,2,9,9,9,9,9,0,1,287.001,42,173.647
6462,5601,3,5,2,9,9,9,9,9,0,1,286.601,42,174.731
6463,5602,1,4,2,7,7,7,7,7,0,1,286.335,42,171.731
6464,5602,2,4,2,7,7,7,7,7,0,1,286.958,41,171.995
6465,5602,3,4,2,7,7,7,7,7,0,1,287.283,42,171.858
6466,5603,1,5,2,12,12,12,12,12,0,1,287.121,42,148.096
6467,5603,2,5,2,12,12,12,12,12,0,1,286.532,42,146.151
6468,5603,3,5,2,12,12,12,12,12,0,1,287.252,41,153.655
6469,5604,1,5,2,7,7,7,7,7,0,1,287.029,42,164.973
6470,5604,2,5,2,7,7,7,7,7,0,1,286.873,41,163.057
6471,5604,3,5,2,7,7,7,7,7,0,1,287.148,42,182.645
6472,5605,1,4,1,3,3,3,3,3,1,1,287.502,42,148.369
6473,5605,2,4,1,3,3,3,3,3,1,1,286.148,42,144.143
6474,5605,3,4,1,3,3,3,3,3,1,1,286.921,42,144.763
6475,5606,1,7,2,11,11,11,11,11,0,1,286.22,41,668.882
6476,5606,2,7,2,11,11,11,11,11,0,1,287.313,42,635.811
6477,5606,3,7,2,11,11,11,11,11,0,1,287.051,41,622.536
6478,5607,1,7,3,4,4,4,4,4,1,1,286.979,42,163.26
6479,5607,2,7,3,4,4,4,4,4,1,1,286.853,41,162.777
6480,5607,3,7,3,4,4,4,4,4,1,1,287.112,42,160.44
6481,5608,1,6,2,4,4,4,4,4,1,1,287.28,42,1622.81
6482,5608,2,6,2,4,4,4,4,4,1,1,286.649,42,1610.81
6483,5608,3,6,2,4,4,4,4,4,1,1,286.68,41,1606.79
6484,5609,1,9,4,28,28,28,28,28,0,1,286.612,41,21862.2
6485,5609,2,9,4,28,28,28,28,28,0,1,287.142,42,21931.9
6486,5609,3,9,4,28,28,28,28,28,0,1,287.039,42,22309.6
6487,5610,1,11,4,12,12,12,12,12,0,1,288.22,41,18389.1
6488,5610,2,11,4,12,12,12,12,12,0,1,287.358,42,18315.2
6489,5610,3,11,4,12,12,12,12,12,0,1,286.918,42,18722.4
6490,5611,1,4,2,8,8,8,8,8,0,1,286.923,41,148.286
6491,5611,2,4,2,8,8,8,8,8,0,1,286.683,42,147.366
6492,5611,3,4,2,8,8,8,8,8,0,1,287.041,42,147.702
6493,5612,1,6,3,5,5,5,5,5,1,1,287.933,42,149.963
6494,5612,2,6,3,5,5,5,5,5,1,1,287.095,42,166.409
6495,5612,3,6,3,5,5,5,5,5,1,1,286.298,41,150.144
6496,5613,1,7,2,4,4,4,4,4,1,1,286.708,41,164.531
6497,5613,2,7,2,4,4,4,4,4,1,1,286.189,42,166.169
6498,5613,3,7,2,4,4,4,4,4,1,1,287.123,41,166.64
6499,5614,1,7,1,26,26,26,26,26,0,1,286.401,42,148.317
6500,5614,2,7,1,26,26,26,26,26,0,1,287.026,41,150.236
6501,5614,3,7,1,26,26,26,26,26,0,1,286.374,42,147.819
6502,5615,1,6,2,9,9,9,9,9,1,1,287.465,42,1410.06
6503,5615,2,6,2,9,9,9,9,9,1,1,286.338,42,1437.14
6504,5615,3,6,2,9,9,9,9,9,1,1,287.105,41,1399.78
6505,5616,1,5,2,5,5,5,5,5,0,1,287.344,41,304.587
6506,5616,2,5,2,5,5,5,5,5,0,1,286.741,42,299.73
6507,5616,3,5,2,5,5,5,5,5,0,1,286.899,41,297.442
6508,5617,1,7,2,11,11,11,11,11,0,1,286.719,42,314.659
6509,5617,2,7,2,11,11,11,11,11,0,1,286.814,42,304.242
6510,5617,3,7,2,11,11,11,11,11,0,1,287.132,41,305.455
6511,5618,1,4,2,4,4,4,4,4,0,1,287.693,42,175.712
6512,5618,2,4,2,4,4,4,4,4,0,1,286.577,42,176.28
6513,5618,3,4,2,4,4,4,4,4,0,1,286.884,42,174.482
6514,5619,1,11,4,17,17,17,17,17,0,1,286.615,42,25385.5
6515,5619,2,11,4,17,17,17,17,17,0,1,287.027,41,25367.1
6516,5619,3,11,4,17,17,17,17,17,0,1,286.896,41,25180.6
6517,5620,1,3,1,4,4,4,4,4,0,1,286.354,42,148.982
6518,5620,2,3,1,4,4,4,4,4,0,1,286.667,42,147.959
6519,5620,3,3,1,4,4,4,4,4,0,1,286.375,42,149.131
6520,5621,1,9,4,12,12,12,12,12,0,1,287.167,42,11087.1
6521,5621,2,9,4,12,12,12,12,12,0,1,286.318,42,11254.3
6522,5621,3,9,4,12,12,12,12,12,0,1,286.91,41,10980.1
6523,5622,1,5,2,4,4,4,4,4,1,1,287.04,42,712.109
6524,5622,2,5,2,4,4,4,4,4,1,1,287.137,42,722.874
6525,5622,3,5,2,4,4,4,4,4,1,1,287.101,42,699.917
6526,5623,1,9,4,12,12,12,12,12,0,1,287.091,41,7903.54
6527,5623,2,9,4,12,12,12,12,12,0,1,286.187,42,7904.52
6528,5623,3,9,4,12,12,12,12,12,0,1,286.386,41,7900.1
6529,5624,1,7,3,7,7,7,7,7,0,1,287.199,42,503.879
6530,5624,2,7,3,7,7,7,7,7,0,1,287.067,42,494.069
6531,5624,3,7,3,7,7,7,7,7,0,1,286.229,41,481.864
6532,5625,1,4,1,6,6,6,6,6,0,1,286.769,42,155.593
6533,5625,2,4,1,6,6,6,6,6,0,1,286.733,42,159.978
6534,5625,3,4,1,6,6,6,6,6,0,1,286.948,42,156.94
6535,5626,1,6,1,25,25,25,25,25,0,1,286.944,41,156.214
6536,5626,2,6,1,25,25,25,25,25,0,1,286.776,41,154.758
6537,5626,3,6,1,25,25,25,25,25,0,1,286.142,42,154.431
6538,5627,1,8,3,6,6,6,6,6,2,1,287.478,42,188.923
6539,5627,2,8,3,6,6,6,6,6,2,1,286.191,42,189.987
6540,5627,3,8,3,6,6,6,6,6,2,1,286.944,41,185.899
6541,5628,1,7,2,9,9,9,9,9,0,1,286.195,42,513.644
6542,5628,2,7,2,9,9,9,9,9,0,1,287.004,42,525.28
6543,5628,3,7,2,9,9,9,9,9,0,1,286.511,41,521.17
6544,5629,1,5,1,11,11,11,11,11,0,1,286.261,41,170.476
6545,5629,2,5,1,11,11,11,11,11,0,1,287.159,42,154.721
6546,5629,3,5,1,11,11,11,11,11,0,1,287.155,42,152.981
6547,5630,1,7,3,8,8,8,8,8,0,1,286.609,42,273.481
6548,5630,2,7,3,8,8,8,8,8,0,1,286.705,41,272.085
6549,5630,3,7,3,8,8,8,8,8,0,1,286.862,42,273.854
6550,5631,1,6,1,26,26,26,26,26,0,1,286.276,41,145.058
6551,5631,2,6,1,26,26,26,26,26,0,1,287.375,42,147.557
6552,5631,3,6,1,26,26,26,26,26,0,1,286.802,42,144.247
6553,5632,1,6,2,19,19,19,19,19,0,1,287.457,42,155.99
6554,5632,2,6,2,19,19,19,19,19,0,1,286.394,41,154.799
6555,5632,3,6,2,19,19,19,19,19,0,1,287.083,41,155.205
6556,5633,1,6,2,5,5,5,5,5,1,1,287.001,41,272.269
6557,5633,2,6,2,5,5,5,5,5,1,1,287.014,42,268.98
6558,5633,3,6,2,5,5,5,5,5,1,1,286.962,42,269.119
6559,5634,1,6,2,4,4,4,4,4,1,1,286.264,42,166.544
6560,5634,2,6,2,4,4,4,4,4,1,1,286.411,42,151.098
6561,5634,3,6,2,4,4,4,4,4,1,1,287.079,42,150.546
6562,5635,1,7,2,4,4,4,4,4,1,1,286.396,42,307.602
6563,5635,2,7,2,4,4,4,4,4,1,1,287.31,41,305.449
6564,5635,3,7,2,4,4,4,4,4,1,1,286.188,41,317.419
6565,5636,1,4,1,6,6,6,6,6,0,1,286.287,41,175.102
6566,5636,2,4,1,6,6,6,6,6,0,1,286.196,42,176.004
6567,5636,3,4,1,6,6,6,6,6,0,1,286.994,41,176.679
6568,5637,1,7,2,7,7,7,7,7,1,1,286.327,42,5880.35
6569,5637,2,7,2,7,7,7,7,7,1,1,286.248,42,5843.0
6570,5637,3,7,2,7,7,7,7,7,1,1,287.029,42,5778.35
6571,5638,1,7,2,7,7,7,7,7,1,1,286.651,41,190.22
6572,5638,2,7,2,7,7,7,7,7,1,1,287.016,42,174.107
6573,5638,3,7,2,7,7,7,7,7,1,1,287.271,42,172.009
6574,5639,1,4,1,11,11,11,11,11,0,1,286.336,41,150.267
6575,5639,2,4,1,11,11,11,11,11,0,1,287.24,41,150.841
6576,5639,3,4,1,11,11,11,11,11,0,1,286.332,42,149.524
6577,5640,1,18,7,10,10,10,10,10,1,1,286.923,41,71442.3
6578,5640,2,18,7,10,10,10,10,10,1,1,287.058,42,71467.5
6579,5640,3,18,7,10,10,10,10,10,1,1,287.461,41,72113.2
6580,5641,1,3,1,2,2,2,2,2,0,1,286.31,42,213.806
6581,5641,2,3,1,2,2,2,2,2,0,1,286.999,42,196.716
6582,5641,3,3,1,2,2,2,2,2,0,1,287.34,42,200.18
6583,5642,1,7,3,9,9,9,9,9,0,1,287.116,42,485.519
6584,5642,2,7,3,9,9,9,9,9,0,1,286.852,41,488.438
6585,5642,3,7,3,9,9,9,9,9,0,1,287.019,41,493.314
6586,5643,1,6,2,5,5,5,5,5,1,1,286.387,42,156.553
6587,5643,2,6,2,5,5,5,5,5,1,1,287.035,42,155.75
6588,5643,3,6,2,5,5,5,5,5,1,1,287.315,42,156.555
6589,5644,1,6,2,7,7,7,7,7,1,1,287.027,42,1873.33
6590,5644,2,6,2,7,7,7,7,7,1,1,286.321,41,1866.78
6591,5644,3,6,2,7,7,7,7,7,1,1,286.965,41,1881.75
6592,5645,1,9,4,9,9,9,9,9,0,1,286.992,42,2068.65
6593,5645,2,9,4,9,9,9,9,9,0,1,287.065,42,2038.08
6594,5645,3,9,4,9,9,9,9,9,0,1,286.958,42,2022.5
6595,5646,1,5,2,6,6,6,6,6,0,1,287.143,42,173.06
6596,5646,2,5,2,6,6,6,6,6,0,1,286.952,42,170.354
6597,5646,3,5,2,6,6,6,6,6,0,1,286.35,41,170.497
6598,5647,1,5,1,4,4,4,4,4,1,1,286.614,42,164.951
6599,5647,2,5,1,4,4,4,4,4,1,1,287.045,42,169.0
6600,5647,3,5,1,4,4,4,4,4,1,1,287.172,42,160.05
6601,5648,1,4,1,3,3,3,3,3,1,1,286.992,42,201.303
6602,5648,2,4,1,3,3,3,3,3,1,1,287.101,41,195.071
6603,5648,3,4,1,3,3,3,3,3,1,1,287.036,42,199.171
6604,5649,1,5,1,3,3,3,3,3,1,1,286.693,42,168.072
6605,5649,2,5,1,3,3,3,3,3,1,1,286.367,41,169.183
6606,5649,3,5,1,3,3,3,3,3,1,1,286.951,42,163.053
6607,5650,1,6,2,9,9,9,9,9,0,1,287.199,41,232.226
6608,5650,2,6,2,9,9,9,9,9,0,1,286.378,42,216.569
6609,5650,3,6,2,9,9,9,9,9,0,1,286.603,42,215.49
6610,5651,1,7,2,4,4,4,4,4,1,1,287.036,42,271.693
6611,5651,2,7,2,4,4,4,4,4,1,1,286.137,41,269.725
6612,5651,3,7,2,4,4,4,4,4,1,1,286.735,42,268.042
6613,5652,1,4,2,4,4,4,4,4,0,1,287.462,42,176.557
6614,5652,2,4,2,4,4,4,4,4,0,1,287.058,42,178.117
6615,5652,3,4,2,4,4,4,4,4,0,1,286.751,41,174.562
6616,5653,1,5,2,4,4,4,4,4,1,1,286.421,42,150.864
6617,5653,2,5,2,4,4,4,4,4,1,1,286.633,42,151.958
6618,5653,3,5,2,4,4,4,4,4,1,1,287.541,42,149.219
6619,5654,1,6,1,19,19,19,19,19,0,1,286.536,42,155.137
6620,5654,2,6,1,19,19,19,19,19,0,1,286.661,42,150.59
6621,5654,3,6,1,19,19,19,19,19,0,1,286.169,41,151.252
6622,5655,1,5,2,6,6,6,6,6,0,1,286.611,42,356.187
6623,5655,2,5,2,6,6,6,6,6,0,1,287.197,42,169.258
6624,5655,3,5,2,6,6,6,6,6,0,1,286.642,41,169.821
6625,5656,1,5,2,3,3,3,3,3,1,1,286.727,41,282.089
6626,5656,2,5,2,3,3,3,3,3,1,1,286.379,41,198.981
6627,5656,3,5,2,3,3,3,3,3,1,1,286.643,41,198.258
6628,5657,1,6,3,9,9,9,9,9,0,1,287.093,41,201.569
6629,5657,2,6,3,9,9,9,9,9,0,1,286.313,42,196.223
6630,5657,3,6,3,9,9,9,9,9,0,1,287.08,41,198.706
6631,5658,1,6,2,13,13,13,13,13,0,1,287.092,42,702.974
6632,5658,2,6,2,13,13,13,13,13,0,1,286.171,42,709.887
6633,5658,3,6,2,13,13,13,13,13,0,1,286.912,42,701.333
6634,5659,1,6,2,9,9,9,9,9,1,1,287.227,41,195.043
6635,5659,2,6,2,9,9,9,9,9,1,1,286.491,42,194.477
6636,5659,3,6,2,9,9,9,9,9,1,1,286.641,41,195.857
6637,5660,1,7,3,5,5,5,5,5,2,1,286.977,42,197.799
6638,5660,2,7,3,5,5,5,5,5,2,1,286.508,42,180.679
6639,5660,3,7,3,5,5,5,5,5,2,1,286.268,42,178.244
6640,5661,1,13,4,69,69,69,69,69,0,1,286.956,41,8975.36
6641,5661,2,13,4,69,69,69,69,69,0,1,287.265,42,9272.71
6642,5661,3,13,4,69,69,69,69,69,0,1,286.451,41,9239.76
6643,5662,1,7,2,7,7,7,7,7,1,1,286.865,42,157.955
6644,5662,2,7,2,8,8,8,8,8,1,1,286.781,42,189.695
6645,5662,3,7,2,8,8,8,8,8,1,1,286.235,42,187.504
6646,5663,1,7,1,26,26,26,26,26,0,1,286.928,42,167.528
6647,5663,2,7,1,26,26,26,26,26,0,1,286.241,42,150.144
6648,5663,3,7,1,26,26,26,26,26,0,1,286.957,41,153.982
6649,5664,1,6,2,5,5,5,5,5,1,1,286.268,42,1616.76
6650,5664,2,6,2,5,5,5,5,5,1,1,286.349,41,1598.47
6651,5664,3,6,2,5,5,5,5,5,1,1,286.421,42,1633.24
6652,5665,1,4,2,6,6,6,6,6,0,1,286.277,42,165.739
6653,5665,2,4,2,6,6,6,6,6,0,1,286.296,41,166.518
6654,5665,3,4,2,6,6,6,6,6,0,1,286.905,42,168.265
6655,5666,1,4,2,4,4,4,4,4,0,1,287.238,42,208.732
6656,5666,2,4,2,4,4,4,4,4,0,1,286.428,42,212.238
6657,5666,3,4,2,4,4,4,4,4,0,1,286.789,42,209.288
6658,5667,1,10,4,5,5,5,5,5,1,1,286.517,42,813.558
6659,5667,2,10,4,5,5,5,5,5,1,1,286.583,42,817.383
6660,5667,3,10,4,5,5,5,5,5,1,1,286.497,42,830.034
6661,5668,1,6,3,11,11,11,11,11,1,1,286.513,41,156.367
6662,5668,2,6,3,11,11,11,11,11,1,1,287.013,42,156.369
6663,5668,3,6,3,11,11,11,11,11,1,1,286.372,42,156.83
6664,5669,1,6,1,22,22,22,22,22,0,1,287.096,41,151.534
6665,5669,2,6,1,22,22,22,22,22,0,1,287.017,41,149.141
6666,5669,3,6,1,22,22,22,22,22,0,1,286.443,41,150.634
6667,5670,1,6,2,10,10,10,10,10,0,1,286.379,42,272.686
6668,5670,2,6,2,10,10,10,10,10,0,1,286.921,42,268.711
6669,5670,3,6,2,10,10,10,10,10,0,1,286.364,42,274.631
6670,5671,1,8,3,8,8,8,8,8,0,1,287.027,42,538.589
6671,5671,2,8,3,8,8,8,8,8,0,1,286.95,41,541.716
6672,5671,3,8,3,8,8,8,8,8,0,1,286.311,41,546.28
6673,5672,1,5,2,7,7,7,7,7,0,1,287.095,41,168.429
6674,5672,2,5,2,7,7,7,7,7,0,1,286.649,41,168.178
6675,5672,3,5,2,7,7,7,7,7,0,1,286.402,42,184.076
6676,5673,1,7,2,31,31,31,31,31,0,1,286.955,42,151.355
6677,5673,2,7,2,31,31,31,31,31,0,1,287.121,42,155.915
6678,5673,3,7,2,31,31,31,31,31,0,1,287.035,41,149.174
6679,5674,1,5,1,12,12,12,12,12,0,1,286.913,42,147.238
6680,5674,2,5,1,12,12,12,12,12,0,1,287.053,42,146.371
6681,5674,3,5,1,12,12,12,12,12,0,1,286.881,42,146.095
6682,5675,1,8,4,10,10,10,10,10,0,1,286.786,42,623.965
6683,5675,2,8,4,10,10,10,10,10,0,1,286.843,42,621.897
6684,5675,3,8,4,10,10,10,10,10,0,1,286.406,41,615.131
6685,5676,1,6,3,9,9,9,9,9,0,1,287.061,41,315.309
6686,5676,2,6,3,9,9,9,9,9,0,1,286.388,41,316.859
6687,5676,3,6,3,9,9,9,9,9,0,1,287.137,41,319.097
6688,5677,1,12,5,7,7,7,7,7,1,1,287.26,42,22609.9
6689,5677,2,12,5,7,7,7,7,7,1,1,286.757,41,22712.3
6690,5677,3,12,5,7,7,7,7,7,1,1,286.282,41,23005.9
6691,5678,1,8,2,8,8,8,8,8,2,1,286.854,41,449.67
6692,5678,2,8,2,8,8,8,8,8,2,1,286.916,41,460.067
6693,5678,3,8,2,8,8,8,8,8,2,1,286.831,42,469.854
6694,5679,1,6,1,20,20,20,20,20,0,1,287.055,42,149.502
6695,5679,2,6,1,20,20,20,20,20,0,1,287.015,41,149.308
6696,5679,3,6,1,20,20,20,20,20,0,1,287.455,42,147.127
6697,5680,1,6,2,7,7,7,7,7,1,1,287.119,42,153.465
6698,5680,2,6,2,7,7,7,7,7,1,1,286.897,42,153.924
6699,5680,3,6,2,7,7,7,7,7,1,1,285.988,42,154.44
6700,5681,1,6,2,5,5,5,5,5,1,1,286.893,41,153.337
6701,5681,2,6,2,6,6,6,6,6,1,1,286.456,42,153.294
6702,5681,3,6,2,6,6,6,6,6,1,1,286.962,42,153.371
6703,5682,1,7,3,11,11,11,11,11,0,1,286.832,42,756.504
6704,5682,2,7,3,11,11,11,11,11,0,1,286.368,42,745.648
6705,5682,3,7,3,11,11,11,11,11,0,1,287.148,42,732.188
6706,5683,1,10,5,25,25,25,25,25,0,1,287.211,41,10489.5
6707,5683,2,10,5,25,25,25,25,25,0,1,286.176,41,10237.2
6708,5683,3,10,5,25,25,25,25,25,0,1,287.318,42,10282.4
6709,5684,1,7,3,10,10,10,10,10,0,1,286.358,42,406.631
6710,5684,2,7,3,10,10,10,10,10,0,1,286.332,42,412.502
6711,5684,3,7,3,10,10,10,10,10,0,1,287.076,42,409.938
6712,5685,1,6,2,6,6,6,6,6,0,1,286.514,41,315.452
6713,5685,2,6,2,6,6,6,6,6,0,1,286.837,42,314.847
6714,5685,3,6,2,6,6,6,6,6,0,1,286.447,42,312.189
6715,5686,1,7,2,16,16,16,16,16,0,1,286.409,42,1715.96
6716,5686,2,7,2,16,16,16,16,16,0,1,286.49,42,1685.61
6717,5686,3,7,2,16,16,16,16,16,0,1,286.302,41,1722.43
6718,5687,1,6,2,7,7,7,7,7,0,1,286.361,42,181.062
6719,5687,2,6,2,7,7,7,7,7,0,1,286.967,42,180.422
6720,5687,3,6,2,7,7,7,7,7,0,1,286.847,42,182.13
6721,5688,1,6,2,7,7,7,7,7,1,1,286.485,42,472.773
6722,5688,2,6,2,7,7,7,7,7,1,1,286.823,42,456.964
6723,5688,3,6,2,7,7,7,7,7,1,1,286.661,42,468.772
6724,5689,1,5,2,5,5,5,5,5,1,1,286.661,42,736.023
6725,5689,2,5,2,5,5,5,5,5,1,1,287.072,41,724.646
6726,5689,3,5,2,5,5,5,5,5,1,1,287.006,42,724.299
6727,5690,1,6,3,12,12,12,12,12,0,1,287.07,42,615.727
6728,5690,2,6,3,12,12,12,12,12,0,1,286.511,42,704.001
6729,5690,3,6,3,12,12,12,12,12,0,1,287.448,41,604.421
6730,5691,1,5,2,5,5,5,5,5,1,1,286.993,42,170.311
6731,5691,2,5,2,5,5,5,5,5,1,1,286.908,42,184.893
6732,5691,3,5,2,5,5,5,5,5,1,1,286.532,42,169.877
6733,5692,1,11,4,6,6,6,6,6,1,1,286.471,41,2321.39
6734,5692,2,11,4,6,6,6,6,6,1,1,286.843,42,2299.5
6735,5692,3,11,4,6,6,6,6,6,1,1,287.217,41,2301.7
6736,5693,1,5,2,5,5,5,5,5,0,1,286.442,42,683.918
6737,5693,2,5,2,5,5,5,5,5,0,1,286.6,42,700.174
6738,5693,3,5,2,5,5,5,5,5,0,1,286.434,42,686.44
6739,5694,1,6,2,7,7,7,7,7,1,1,286.978,42,156.144
6740,5694,2,6,2,7,7,7,7,7,1,1,286.523,41,157.992
6741,5694,3,6,2,7,7,7,7,7,1,1,286.836,42,157.089
6742,5695,1,6,2,7,7,7,7,7,0,1,286.703,41,1455.34
6743,5695,2,6,2,7,7,7,7,7,0,1,286.861,41,1465.74
6744,5695,3,6,2,7,7,7,7,7,0,1,287.05,41,1477.58
6745,5696,1,8,3,5,5,5,5,5,1,1,286.97,41,213.794
6746,5696,2,8,3,5,5,5,5,5,1,1,286.214,41,215.514
6747,5696,3,8,3,5,5,5,5,5,1,1,286.299,42,213.022
6748,5697,1,6,2,10,10,10,10,10,0,1,286.237,41,155.883
6749,5697,2,6,2,10,10,10,10,10,0,1,286.92,42,268.754
6750,5697,3,6,2,10,10,10,10,10,0,1,286.765,42,157.828
6751,5698,1,6,2,9,9,9,9,9,0,1,286.697,41,239.012
6752,5698,2,6,2,9,9,9,9,9,0,1,287.222,42,243.211
6753,5698,3,6,2,9,9,9,9,9,0,1,286.946,42,247.097
6754,5699,1,6,2,6,6,6,6,6,0,1,286.998,41,181.761
6755,5699,2,6,2,6,6,6,6,6,0,1,286.965,41,179.235
6756,5699,3,6,2,6,6,6,6,6,0,1,285.597,42,178.727
6757,5700,1,4,3,4,4,4,4,4,0,1,286.12,42,172.225
6758,5700,2,4,3,4,4,4,4,4,0,1,287.028,41,171.369
6759,5700,3,4,3,4,4,4,4,4,0,1,286.56,42,188.521
6760,5701,1,5,2,6,6,6,6,6,0,1,286.297,42,486.227
6761,5701,2,5,2,6,6,6,6,6,0,1,286.248,41,491.841
6762,5701,3,5,2,6,6,6,6,6,0,1,286.417,41,492.316
6763,5702,1,12,4,7,7,7,7,7,1,1,286.494,42,27473.6
6764,5702,2,12,4,7,7,7,7,7,1,1,287.059,42,28014.4
6765,5702,3,12,4,7,7,7,7,7,1,1,286.772,42,28077.0
6766,5703,1,3,1,1,1,1,1,1,1,1,286.89,42,185.809
6767,5703,2,3,1,1,1,1,1,1,1,1,288.266,42,180.091
6768,5703,3,3,1,1,1,1,1,1,1,1,286.357,42,184.84
6769,5704,1,7,2,25,25,25,25,25,0,1,286.437,42,156.03
6770,5704,2,7,2,25,25,25,25,25,0,1,286.736,42,155.466
6771,5704,3,7,2,25,25,25,25,25,0,1,287.093,42,157.303
6772,5705,1,12,5,18,18,18,18,18,0,1,286.864,42,35912.1
6773,5705,2,12,5,18,18,18,18,18,0,1,286.997,41,36603.6
6774,5705,3,12,5,18,18,18,18,18,0,1,286.891,42,36675.0
6775,5706,1,5,2,4,4,4,4,4,1,1,286.458,42,290.647
6776,5706,2,5,2,4,4,4,4,4,1,1,287.133,41,277.394
6777,5706,3,5,2,4,4,4,4,4,1,1,286.554,42,281.586
6778,5707,1,7,2,28,28,28,28,28,0,1,287.147,42,149.704
6779,5707,2,7,2,28,28,28,28,28,0,1,287.309,42,148.749
6780,5707,3,7,2,28,28,28,28,28,0,1,286.552,42,147.049
6781,5708,1,5,2,16,16,16,16,16,0,1,286.414,42,158.394
6782,5708,2,5,2,16,16,16,16,16,0,1,286.252,42,156.914
6783,5708,3,5,2,16,16,16,16,16,0,1,286.778,42,157.748
6784,5709,1,3,2,3,3,3,3,3,0,1,286.416,42,222.212
6785,5709,2,3,2,3,3,3,3,3,0,1,286.368,41,222.152
6786,5709,3,3,2,3,3,3,3,3,0,1,287.51,42,219.742
6787,5710,1,11,4,7,7,7,7,7,1,1,286.425,41,3815.99
6788,5710,2,11,4,7,7,7,7,7,1,1,287.105,42,3790.76
6789,5710,3,11,4,7,7,7,7,7,1,1,286.853,41,3787.78
6790,5711,1,7,2,9,9,9,9,9,1,1,286.304,42,269.581
6791,5711,2,7,2,9,9,9,9,9,1,1,286.449,41,272.979
6792,5711,3,7,2,9,9,9,9,9,1,1,287.104,42,269.484
6793,5712,1,5,2,3,3,3,3,3,1,1,286.823,42,696.619
6794,5712,2,5,2,3,3,3,3,3,1,1,286.346,42,692.986
6795,5712,3,5,2,3,3,3,3,3,1,1,286.534,42,701.939
6796,5713,1,6,2,6,6,6,6,6,1,1,286.493,42,154.079
6797,5713,2,6,2,6,6,6,6,6,1,1,286.918,42,154.878
6798,5713,3,6,2,6,6,6,6,6,1,1,286.759,41,153.414
6799,5714,1,10,5,13,13,13,13,13,3,1,286.462,42,544.482
6800,5714,2,10,5,13,13,13,13,13,3,1,286.324,42,546.77
6801,5714,3,10,5,13,13,13,13,13,3,1,286.57,42,542.494
6802,5715,1,6,2,6,6,6,6,6,1,1,287.063,42,151.708
6803,5715,2,6,2,6,6,6,6,6,1,1,287.467,41,171.512
6804,5715,3,6,2,6,6,6,6,6,1,1,286.941,41,154.886
6805,5716,1,7,2,4,4,4,4,4,1,1,286.887,42,165.991
6806,5716,2,7,2,4,4,4,4,4,1,1,286.514,42,167.225
6807,5716,3,7,2,4,4,4,4,4,1,1,286.764,41,168.806
6808,5717,1,6,2,5,5,5,5,5,1,1,287.508,42,156.567
6809,5717,2,6,2,5,5,5,5,5,1,1,286.944,42,154.814
6810,5717,3,6,2,5,5,5,5,5,1,1,286.33,42,156.057
6811,5718,1,11,3,9,9,9,9,9,1,1,287.171,42,2129.74
6812,5718,2,11,3,9,9,9,9,9,1,1,286.389,42,2181.97
6813,5718,3,11,3,9,9,9,9,9,1,1,286.46,41,2157.24
6814,5719,1,9,3,9,9,9,9,9,2,1,286.699,41,239.004
6815,5719,2,9,3,9,9,9,9,9,2,1,286.825,41,235.4
6816,5719,3,9,3,9,9,9,9,9,2,1,286.924,42,237.124
6817,5720,1,8,3,6,6,6,6,6,1,1,286.798,42,215.432
6818,5720,2,8,3,6,6,6,6,6,1,1,286.93,41,198.396
6819,5720,3,8,3,6,6,6,6,6,1,1,286.935,42,201.343
6820,5721,1,6,2,5,5,5,5,5,1,1,286.316,42,148.487
6821,5721,2,6,2,5,5,5,5,5,1,1,287.244,42,150.202
6822,5721,3,6,2,5,5,5,5,5,1,1,286.838,42,150.568
6823,5722,1,7,3,13,13,13,13,13,0,1,286.69,41,300.318
6824,5722,2,7,3,13,13,13,13,13,0,1,286.835,41,300.839
6825,5722,3,7,3,13,13,13,13,13,0,1,286.501,42,301.871
6826,5723,1,5,2,2,2,2,2,2,1,1,286.84,42,261.751
6827,5723,2,5,2,2,2,2,2,2,1,1,286.897,42,264.446
6828,5723,3,5,2,2,2,2,2,2,1,1,286.793,41,262.473
6829,5724,1,9,2,32,32,32,32,32,0,1,286.873,41,218.25
6830,5724,2,9,2,32,32,32,32,32,0,1,286.976,42,218.844
6831,5724,3,9,2,32,32,32,32,32,0,1,286.576,41,219.59
6832,5725,1,14,6,19,19,19,19,19,0,1,286.745,42,44590.2
6833,5725,2,14,6,19,19,19,19,19,0,1,286.901,42,44567.0
6834,5725,3,14,6,19,19,19,19,19,0,1,286.536,42,44410.1
6835,5726,1,6,3,6,6,6,6,6,1,1,286.79,42,169.082
6836,5726,2,6,3,6,6,6,6,6,1,1,286.662,42,152.557
6837,5726,3,6,3,6,6,6,6,6,1,1,286.765,42,152.558
6838,5727,1,5,2,7,7,7,7,7,0,1,286.725,42,182.201
6839,5727,2,5,2,7,7,7,7,7,0,1,286.412,42,170.395
6840,5727,3,5,2,7,7,7,7,7,0,1,287.216,42,169.752
6841,5728,1,5,1,16,16,16,16,16,0,1,286.972,42,157.786
6842,5728,2,5,1,16,16,16,16,16,0,1,286.951,42,157.545
6843,5728,3,5,1,16,16,16,16,16,0,1,287.056,42,155.028
6844,5729,1,5,1,15,15,15,15,15,0,1,287.182,41,147.823
6845,5729,2,5,1,15,15,15,15,15,0,1,286.806,41,147.225
6846,5729,3,5,1,15,15,15,15,15,0,1,287.144,41,147.097
6847,5730,1,5,2,3,3,3,3,3,1,1,286.692,42,298.496
6848,5730,2,5,2,3,3,3,3,3,1,1,286.454,41,299.618
6849,5730,3,5,2,3,3,3,3,3,1,1,286.447,42,298.068
6850,5731,1,5,3,6,6,6,6,6,0,1,286.694,41,192.729
6851,5731,2,5,3,6,6,6,6,6,0,1,287.276,42,194.096
6852,5731,3,5,3,6,6,6,6,6,0,1,286.654,42,192.645
6853,5732,1,5,1,9,9,9,9,9,0,1,286.494,41,173.95
6854,5732,2,5,1,9,9,9,9,9,0,1,286.825,42,155.945
6855,5732,3,5,1,9,9,9,9,9,0,1,286.904,42,155.01
6856,5733,1,5,2,5,5,5,5,5,0,1,286.566,42,215.634
6857,5733,2,5,2,5,5,5,5,5,0,1,286.571,41,215.026
6858,5733,3,5,2,5,5,5,5,5,0,1,286.926,42,216.741
6859,5734,1,4,1,9,9,9,9,9,0,1,286.35,42,148.923
6860,5734,2,4,1,9,9,9,9,9,0,1,286.196,42,150.411
6861,5734,3,4,1,9,9,9,9,9,0,1,286.373,42,151.929
6862,5735,1,4,1,2,2,2,2,2,1,1,287.487,41,186.377
6863,5735,2,4,1,2,2,2,2,2,1,1,286.98,42,185.452
6864,5735,3,4,1,2,2,2,2,2,1,1,287.131,42,184.055
6865,5736,1,5,2,7,7,7,7,7,0,1,286.935,42,171.232
6866,5736,2,5,2,7,7,7,7,7,0,1,286.459,42,170.16
6867,5736,3,5,2,7,7,7,7,7,0,1,286.676,41,169.592
6868,5737,1,3,1,3,3,3,3,3,0,1,286.421,42,170.493
6869,5737,2,3,1,3,3,3,3,3,0,1,287.077,41,156.772
6870,5737,3,3,1,3,3,3,3,3,0,1,286.816,42,155.186
6871,5738,1,6,2,8,8,8,8,8,0,1,286.629,42,189.338
6872,5738,2,6,2,8,8,8,8,8,0,1,287.161,42,186.961
6873,5738,3,6,2,8,8,8,8,8,0,1,286.846,42,185.482
6874,5739,1,4,1,4,4,4,4,4,0,1,286.891,42,149.022
6875,5739,2,4,1,4,4,4,4,4,0,1,287.082,42,150.061
6876,5739,3,4,1,4,4,4,4,4,0,1,287.315,42,150.066
6877,5740,1,6,2,23,23,23,23,23,0,1,286.405,41,149.573
6878,5740,2,6,2,23,23,23,23,23,0,1,286.715,41,148.364
6879,5740,3,6,2,23,23,23,23,23,0,1,286.682,42,150.031
6880,5741,1,3,2,3,3,3,3,3,0,1,286.75,41,156.508
6881,5741,2,3,2,3,3,3,3,3,0,1,287.027,42,155.943
6882,5741,3,3,2,3,3,3,3,3,0,1,287.395,42,159.62
6883,5742,1,5,2,5,5,5,5,5,0,1,286.74,41,189.355
6884,5742,2,5,2,5,5,5,5,5,0,1,286.604,41,174.561
6885,5742,3,5,2,5,5,5,5,5,0,1,286.943,42,176.054
6886,5743,1,10,4,11,11,11,11,11,0,1,286.797,41,23157.0
6887,5743,2,10,4,11,11,11,11,11,0,1,287.125,41,23078.6
6888,5743,3,10,4,11,11,11,11,11,0,1,286.721,42,23127.2
6889,5744,1,5,2,3,3,3,3,3,1,1,286.662,42,148.203
6890,5744,2,5,2,3,3,3,3,3,1,1,286.968,42,150.405
6891,5744,3,5,2,3,3,3,3,3,1,1,286.362,42,148.647
6892,5745,1,4,2,4,4,4,4,4,0,1,287.813,42,145.909
6893,5745,2,4,2,4,4,4,4,4,0,1,287.077,42,146.417
6894,5745,3,4,2,4,4,4,4,4,0,1,286.982,42,145.589
6895,5746,1,10,4,12,12,12,12,12,3,1,286.422,41,528.322
6896,5746,2,10,4,12,12,12,12,12,3,1,286.627,42,535.085
6897,5746,3,10,4,12,12,12,12,12,3,1,286.87,41,550.523
6898,5747,1,7,3,15,15,15,15,15,0,1,287.199,42,297.948
6899,5747,2,7,3,15,15,15,15,15,0,1,286.928,41,303.632
6900,5747,3,7,3,15,15,15,15,15,0,1,286.171,42,298.123
6901,5748,1,4,3,3,3,3,3,3,0,1,286.431,42,144.71
6902,5748,2,4,3,3,3,3,3,3,0,1,286.6,42,149.691
6903,5748,3,4,3,3,3,3,3,3,0,1,287.08,42,145.475
6904,5749,1,6,2,28,28,28,28,28,0,1,286.131,42,161.99
6905,5749,2,6,2,28,28,28,28,28,0,1,286.459,42,159.954
6906,5749,3,6,2,28,28,28,28,28,0,1,286.451,41,164.514
6907,5750,1,6,3,4,4,4,4,4,3,1,286.271,41,161.121
6908,5750,2,6,3,4,4,4,4,4,3,1,286.546,41,165.249
6909,5750,3,6,3,4,4,4,4,4,3,1,287.135,42,161.192
6910,5751,1,5,2,4,4,4,4,4,1,1,286.819,42,150.637
6911,5751,2,5,2,4,4,4,4,4,1,1,287.067,41,149.359
6912,5751,3,5,2,4,4,4,4,4,1,1,286.893,41,167.718
6913,5752,1,4,1,6,6,6,6,6,0,1,286.783,42,150.529
6914,5752,2,4,1,6,6,6,6,6,0,1,286.751,42,153.028
6915,5752,3,4,1,6,6,6,6,6,0,1,286.179,41,149.301
6916,5753,1,14,5,8,8,8,8,8,1,1,286.278,42,57367.6
6917,5753,2,14,5,8,8,8,8,8,1,1,286.948,41,57611.6
6918,5753,3,14,5,8,8,8,8,8,1,1,286.963,42,59181.9
6919,5754,1,9,3,7,7,7,7,7,1,1,286.876,41,358.473
6920,5754,2,9,3,7,7,7,7,7,1,1,286.27,42,340.511
6921,5754,3,9,3,7,7,7,7,7,1,1,286.88,41,338.357
6922,5755,1,3,1,5,5,5,5,5,0,1,287.14,42,161.247
6923,5755,2,3,1,5,5,5,5,5,0,1,286.406,42,163.706
6924,5755,3,3,1,5,5,5,5,5,0,1,286.611,41,160.704
6925,5756,1,8,4,14,14,14,14,14,0,1,286.627,42,614.114
6926,5756,2,8,4,14,14,14,14,14,0,1,286.462,41,607.667
6927,5756,3,8,4,14,14,14,14,14,0,1,286.296,42,609.375
6928,5757,1,4,1,3,3,3,3,3,3,1,287.254,42,149.449
6929,5757,2,4,1,3,3,3,3,3,3,1,287.183,42,147.331
6930,5757,3,4,1,3,3,3,3,3,3,1,286.862,42,149.475
6931,5758,1,6,2,8,8,8,8,8,0,1,286.394,42,357.545
6932,5758,2,6,2,8,8,8,8,8,0,1,287.195,42,354.84
6933,5758,3,6,2,8,8,8,8,8,0,1,287.215,42,356.778
6934,5759,1,3,1,3,3,3,3,3,0,1,286.845,42,175.121
6935,5759,2,3,1,3,3,3,3,3,0,1,286.938,42,160.655
6936,5759,3,3,1,3,3,3,3,3,0,1,287.483,42,160.35
6937,5760,1,5,2,4,4,4,4,4,1,1,286.284,42,326.852
6938,5760,2,5,2,4,4,4,4,4,1,1,287.038,41,326.164
6939,5760,3,5,2,4,4,4,4,4,1,1,286.958,42,332.334
6940,5761,1,6,3,9,9,9,9,9,0,1,286.404,42,211.525
6941,5761,2,6,3,9,9,9,9,9,0,1,287.157,42,212.06
6942,5761,3,6,3,9,9,9,9,9,0,1,286.726,41,211.532
6943,5762,1,6,2,3,3,3,3,3,1,1,286.223,42,648.949
6944,5762,2,6,2,3,3,3,3,3,1,1,286.463,42,646.69
6945,5762,3,6,2,3,3,3,3,3,1,1,287.103,41,647.728
6946,5763,1,5,1,20,20,20,20,20,0,1,286.906,41,156.848
6947,5763,2,5,1,20,20,20,20,20,0,1,286.923,42,199.348
6948,5763,3,5,1,20,20,20,20,20,0,1,286.429,42,149.365
6949,5764,1,5,3,4,4,4,4,4,1,1,287.039,42,207.204
6950,5764,2,5,3,4,4,4,4,4,1,1,286.365,42,189.837
6951,5764,3,5,3,4,4,4,4,4,1,1,286.707,42,194.954
6952,5765,1,6,2,27,27,27,27,27,0,1,287.215,42,151.962
6953,5765,2,6,2,27,27,27,27,27,0,1,286.841,42,152.803
6954,5765,3,6,2,27,27,27,27,27,0,1,287.924,42,153.869
6955,5766,1,6,2,6,6,6,6,6,1,1,286.981,42,240.418
6956,5766,2,6,2,6,6,6,6,6,1,1,286.434,42,154.051
6957,5766,3,6,2,6,6,6,6,6,1,1,286.889,42,154.278
6958,5767,1,4,3,4,4,4,4,4,0,1,286.499,42,169.892
6959,5767,2,4,3,4,4,4,4,4,0,1,286.825,42,171.0
6960,5767,3,4,3,4,4,4,4,4,0,1,287.166,42,170.532
6961,5768,1,4,1,7,7,7,7,7,0,1,286.797,41,156.371
6962,5768,2,4,1,7,7,7,7,7,0,1,286.771,42,157.207
6963,5768,3,4,1,7,7,7,7,7,0,1,286.693,42,158.311
6964,5769,1,5,2,5,5,5,5,5,0,1,286.971,42,164.088
6965,5769,2,5,2,5,5,5,5,5,0,1,287.209,42,164.7
6966,5769,3,5,2,5,5,5,5,5,0,1,286.739,41,165.106
6967,5770,1,8,4,9,9,9,9,9,0,1,287.266,41,783.598
6968,5770,2,8,4,9,9,9,9,9,0,1,286.727,41,783.73
6969,5770,3,8,4,9,9,9,9,9,0,1,287.0,41,790.014
6970,5771,1,8,3,8,8,8,8,8,2,1,286.522,42,203.922
6971,5771,2,8,3,8,8,8,8,8,2,1,286.44,41,189.424
6972,5771,3,8,3,8,8,8,8,8,2,1,286.983,42,187.993
6973,5772,1,6,2,4,4,4,4,4,1,1,286.233,42,154.86
6974,5772,2,6,2,4,4,4,4,4,1,1,286.11,42,157.52
6975,5772,3,6,2,4,4,4,4,4,1,1,286.092,42,154.624
6976,5773,1,8,4,10,10,10,10,10,0,1,286.792,41,666.543
6977,5773,2,8,4,10,10,10,10,10,0,1,285.922,42,659.997
6978,5773,3,8,4,10,10,10,10,10,0,1,286.66,42,666.32
6979,5774,1,7,2,40,40,40,40,40,0,1,286.013,42,155.538
6980,5774,2,7,2,40,40,40,40,40,0,1,286.111,42,155.242
6981,5774,3,7,2,40,40,40,40,40,0,1,285.912,41,157.041
6982,5775,1,5,2,5,5,5,5,5,0,1,285.971,42,167.968
6983,5775,2,5,2,5,5,5,5,5,0,1,285.892,42,164.627
6984,5775,3,5,2,5,5,5,5,5,0,1,286.383,42,166.547
6985,5776,1,3,1,3,3,3,3,3,0,1,286.639,42,178.532
6986,5776,2,3,1,3,3,3,3,3,0,1,286.806,42,160.391
6987,5776,3,3,1,3,3,3,3,3,0,1,286.236,41,159.519
6988,5777,1,7,2,29,29,29,29,29,0,1,287.5,42,157.644
6989,5777,2,7,2,29,29,29,29,29,0,1,286.631,42,161.318
6990,5777,3,7,2,29,29,29,29,29,0,1,287.273,42,158.186
6991,5778,1,5,1,18,18,18,18,18,0,1,286.662,42,153.224
6992,5778,2,5,1,18,18,18,18,18,0,1,285.982,42,154.823
6993,5778,3,5,1,18,18,18,18,18,0,1,286.62,41,154.997
6994,5779,1,9,3,13,13,13,13,13,0,1,285.869,42,8035.16
6995,5779,2,9,3,13,13,13,13,13,0,1,286.346,42,8067.83
6996,5779,3,9,3,13,13,13,13,13,0,1,285.989,42,8116.68
6997,5780,1,5,2,4,4,4,4,4,1,1,285.88,42,146.974
6998,5780,2,6,2,4,4,4,4,4,1,1,285.775,42,153.909
6999,5780,3,5,2,4,4,4,4,4,1,1,286.479,42,147.725
7000,5781,1,3,1,1,1,1,1,1,1,1,286.652,42,178.439
7001,5781,2,3,1,1,1,1,1,1,1,1,286.921,42,180.182
7002,5781,3,3,1,1,1,1,1,1,1,1,286.456,42,176.016
7003,5782,1,6,2,11,11,11,11,11,0,1,286.141,42,202.623
7004,5782,2,6,2,11,11,11,11,11,0,1,285.784,42,203.22
7005,5782,3,6,2,11,11,11,11,11,0,1,287.047,42,203.415
7006,5783,1,5,1,6,6,6,6,6,1,1,286.1,41,166.56
7007,5783,2,5,1,6,6,6,6,6,1,1,286.567,42,169.925
7008,5783,3,5,1,6,6,6,6,6,1,1,286.532,42,162.868
7009,5784,1,6,2,8,8,8,8,8,0,1,286.479,41,304.785
7010,5784,2,6,2,8,8,8,8,8,0,1,286.207,41,287.259
7011,5784,3,6,2,8,8,8,8,8,0,1,286.423,41,289.451
7012,5785,1,2,1,2,2,2,2,2,0,1,286.922,41,161.136
7013,5785,2,2,1,2,2,2,2,2,0,1,286.879,42,158.679
7014,5785,3,2,1,2,2,2,2,2,0,1,286.296,42,156.789
7015,5786,1,6,2,5,5,5,5,5,1,1,286.709,42,154.221
7016,5786,2,6,2,5,5,5,5,5,1,1,286.316,41,155.07
7017,5786,3,6,2,5,5,5,5,5,1,1,286.941,42,153.908
7018,5787,1,7,3,8,8,8,8,8,0,1,286.24,42,329.665
7019,5787,2,7,3,8,8,8,8,8,0,1,286.727,42,331.845
7020,5787,3,7,3,8,8,8,8,8,0,1,286.712,42,331.466
7021,5788,1,6,2,4,4,4,4,4,1,1,286.32,42,204.29
7022,5788,2,6,2,4,4,4,4,4,1,1,286.463,42,203.468
7023,5788,3,6,2,4,4,4,4,4,1,1,286.393,42,203.112
7024,5789,1,5,2,5,5,5,5,5,0,1,288.262,42,167.505
7025,5789,2,5,2,5,5,5,5,5,0,1,286.87,41,158.025
7026,5789,3,5,2,5,5,5,5,5,0,1,285.923,41,155.238
7027,5790,1,8,3,16,16,16,16,16,1,1,286.647,42,860.445
7028,5790,2,8,3,16,16,16,16,16,1,1,285.591,41,827.97
7029,5790,3,8,3,16,16,16,16,16,1,1,285.972,42,824.921
7030,5791,1,7,2,27,27,27,27,27,0,1,286.532,42,155.633
7031,5791,2,7,2,27,27,27,27,27,0,1,286.49,42,156.285
7032,5791,3,7,2,27,27,27,27,27,0,1,286.443,42,154.861
7033,5792,1,7,3,9,9,9,9,9,0,1,286.387,42,591.249
7034,5792,2,7,3,9,9,9,9,9,0,1,286.816,41,593.581
7035,5792,3,7,3,9,9,9,9,9,0,1,286.014,42,585.2
7036,5793,1,6,2,4,4,4,4,4,1,1,286.519,42,153.398
7037,5793,2,6,2,4,4,4,4,4,1,1,286.784,42,157.908
7038,5793,3,6,2,4,4,4,4,4,1,1,286.007,41,170.556
7039,5794,1,6,2,3,3,3,3,3,1,1,289.345,42,184.553
7040,5794,2,6,2,3,3,3,3,3,1,1,286.719,42,184.634
7041,5794,3,6,2,3,3,3,3,3,1,1,286.418,42,182.8
7042,5795,1,5,2,5,5,5,5,5,0,1,286.039,42,190.599
7043,5795,2,5,2,5,5,5,5,5,0,1,287.969,41,190.761
7044,5795,3,5,2,5,5,5,5,5,0,1,286.613,42,191.694
7045,5796,1,9,3,12,12,12,12,12,0,1,286.863,42,16571.6
7046,5796,2,9,3,12,12,12,12,12,0,1,286.824,42,16608.2
7047,5796,3,9,3,12,12,12,12,12,0,1,286.113,42,16270.5
7048,5797,1,4,2,4,4,4,4,4,0,1,286.785,41,153.717
7049,5797,2,4,2,4,4,4,4,4,0,1,286.707,41,157.306
7050,5797,3,4,2,4,4,4,4,4,0,1,287.343,42,156.394
7051,5798,1,6,2,3,3,3,3,3,1,1,286.434,41,179.595
7052,5798,2,6,2,3,3,3,3,3,1,1,286.718,42,181.182
7053,5798,3,6,2,3,3,3,3,3,1,1,286.967,42,179.986
7054,5799,1,7,3,10,10,10,10,10,0,1,286.861,42,580.925
7055,5799,2,7,3,10,10,10,10,10,0,1,286.476,41,587.216
7056,5799,3,7,3,10,10,10,10,10,0,1,286.572,41,577.232
7057,5800,1,4,1,6,6,6,6,6,0,1,286.755,42,155.693
7058,5800,2,4,1,6,6,6,6,6,0,1,286.516,42,174.045
7059,5800,3,4,1,6,6,6,6,6,0,1,286.494,42,188.968
7060,5801,1,6,3,4,4,4,4,4,1,1,287.131,42,154.002
7061,5801,2,6,3,4,4,4,4,4,1,1,285.893,42,252.379
7062,5801,3,6,3,4,4,4,4,4,1,1,286.019,42,155.014
7063,5802,1,5,2,6,6,6,6,6,0,1,286.395,42,306.247
7064,5802,2,5,2,6,6,6,6,6,0,1,286.728,42,305.325
7065,5802,3,5,2,6,6,6,6,6,0,1,287.023,42,307.095
7066,5803,1,7,1,24,24,24,24,24,0,1,286.302,42,149.54
7067,5803,2,7,1,24,24,24,24,24,0,1,286.528,42,150.685
7068,5803,3,7,1,24,24,24,24,24,0,1,286.72,42,149.468
7069,5804,1,6,2,4,4,4,4,4,1,1,286.645,42,151.455
7070,5804,2,6,2,4,4,4,4,4,1,1,286.02,42,155.052
7071,5804,3,6,2,4,4,4,4,4,1,1,286.851,42,151.178
7072,5805,1,8,3,9,9,9,9,9,0,1,285.783,42,19006.7
7073,5805,2,8,3,9,9,9,9,9,0,1,286.494,41,19305.1
7074,5805,3,8,3,9,9,9,9,9,0,1,286.734,42,19121.1
7075,5806,1,9,1,53,53,53,53,53,0,1,286.609,42,163.631
7076,5806,2,9,1,53,53,53,53,53,0,1,286.724,42,164.39
7077,5806,3,9,1,53,53,53,53,53,0,1,285.982,42,163.116
7078,5807,1,6,2,4,4,4,4,4,1,1,286.702,42,157.296
7079,5807,2,6,2,4,4,4,4,4,1,1,286.294,41,176.503
7080,5807,3,6,2,4,4,4,4,4,1,1,286.451,42,158.841
7081,5808,1,4,2,4,4,4,4,4,0,1,286.846,42,188.496
7082,5808,2,4,2,4,4,4,4,4,0,1,285.448,42,192.423
7083,5808,3,4,2,4,4,4,4,4,0,1,286.084,42,186.159
7084,5809,1,4,1,5,5,5,5,5,0,1,286.098,42,309.44
7085,5809,2,4,1,5,5,5,5,5,0,1,285.81,41,306.227
7086,5809,3,4,1,5,5,5,5,5,0,1,286.622,41,317.407
7087,5810,1,3,1,3,3,3,3,3,0,1,286.942,42,159.084
7088,5810,2,3,1,3,3,3,3,3,0,1,286.745,42,159.221
7089,5810,3,3,1,3,3,3,3,3,0,1,286.415,42,159.011
7090,5811,1,6,2,8,8,8,8,8,1,1,286.519,41,155.721
7091,5811,2,6,2,8,8,8,8,8,1,1,286.497,41,155.256
7092,5811,3,6,2,8,8,8,8,8,1,1,286.653,42,155.319
7093,5812,1,5,2,3,3,3,3,3,1,1,286.574,42,556.165
7094,5812,2,5,2,3,3,3,3,3,1,1,286.023,42,585.032
7095,5812,3,5,2,3,3,3,3,3,1,1,286.094,42,567.463
7096,5813,1,7,2,11,11,11,11,11,0,1,285.868,42,1455.76
7097,5813,2,7,2,11,11,11,11,11,0,1,286.434,42,1471.71
7098,5813,3,7,2,11,11,11,11,11,0,1,286.382,41,1461.9
7099,5814,1,3,2,2,2,2,2,2,0,1,286.251,42,206.259
7100,5814,2,3,2,2,2,2,2,2,0,1,286.632,41,206.615
7101,5814,3,3,2,2,2,2,2,2,0,1,286.757,42,206.032
7102,5815,1,5,2,3,3,3,3,3,1,1,286.746,42,185.01
7103,5815,2,5,2,3,3,3,3,3,1,1,286.062,42,188.494
7104,5815,3,5,2,3,3,3,3,3,1,1,286.028,42,181.223
7105,5816,1,6,3,4,4,4,4,4,1,1,286.752,42,754.623
7106,5816,2,6,3,4,4,4,4,4,1,1,285.973,42,750.825
7107,5816,3,6,3,4,4,4,4,4,1,1,286.046,42,757.544
7108,5817,1,5,2,4,4,4,4,4,1,1,286.016,41,162.811
7109,5817,2,5,2,4,4,4,4,4,1,1,286.088,42,149.032
7110,5817,3,5,2,4,4,4,4,4,1,1,286.555,42,146.241
7111,5818,1,5,2,6,6,6,6,6,1,1,286.928,41,149.37
7112,5818,2,5,2,6,6,6,6,6,1,1,286.488,42,147.606
7113,5818,3,5,2,6,6,6,6,6,1,1,286.106,42,147.8
7114,5819,1,6,3,3,3,3,3,3,1,1,286.518,42,274.381
7115,5819,2,6,3,3,3,3,3,3,1,1,286.57,41,276.679
7116,5819,3,6,3,3,3,3,3,3,1,1,286.117,42,274.932
7117,5820,1,6,2,8,8,8,8,8,0,1,286.063,42,1899.2
7118,5820,2,6,2,8,8,8,8,8,0,1,286.007,42,1894.65
7119,5820,3,6,2,8,8,8,8,8,0,1,286.81,41,1885.93
7120,5821,1,7,2,27,27,27,27,27,0,1,287.044,42,172.48
7121,5821,2,7,2,27,27,27,27,27,0,1,286.697,41,174.763
7122,5821,3,7,2,27,27,27,27,27,0,1,286.829,42,190.178
7123,5822,1,5,1,4,4,4,4,4,1,1,286.6,42,2026.56
7124,5822,2,5,1,4,4,4,4,4,1,1,285.978,41,2032.16
7125,5822,3,5,1,4,4,4,4,4,1,1,286.629,42,2011.67
7126,5823,1,6,2,6,6,6,6,6,1,1,286.833,42,567.505
7127,5823,2,6,2,6,6,6,6,6,1,1,286.477,42,568.991
7128,5823,3,6,2,6,6,6,6,6,1,1,286.641,41,568.246
7129,5824,1,6,1,23,23,23,23,23,0,1,287.273,42,148.334
7130,5824,2,6,1,23,23,23,23,23,0,1,286.7,42,148.3
7131,5824,3,6,1,23,23,23,23,23,0,1,286.693,41,149.154
7132,5825,1,6,2,6,6,6,6,6,0,1,286.58,42,308.983
7133,5825,2,6,2,6,6,6,6,6,0,1,287.347,42,316.341
7134,5825,3,6,2,6,6,6,6,6,0,1,286.491,41,316.681
7135,5826,1,7,3,14,14,14,14,14,0,1,286.537,42,677.028
7136,5826,2,7,3,14,14,14,14,14,0,1,286.207,41,659.78
7137,5826,3,7,3,14,14,14,14,14,0,1,285.918,41,657.02
7138,5827,1,7,1,29,29,29,29,29,0,1,286.575,42,153.419
7139,5827,2,7,1,29,29,29,29,29,0,1,285.91,42,153.906
7140,5827,3,7,1,29,29,29,29,29,0,1,286.399,42,151.379
7141,5828,1,8,2,5,5,5,5,5,1,1,286.714,42,208.081
7142,5828,2,8,2,5,5,5,5,5,1,1,286.58,41,205.835
7143,5828,3,8,2,5,5,5,5,5,1,1,286.888,42,209.255
7144,5829,1,6,2,4,4,4,4,4,1,1,286.586,42,643.788
7145,5829,2,6,2,4,4,4,4,4,1,1,286.063,42,640.048
7146,5829,3,6,2,4,4,4,4,4,1,1,286.005,42,638.139
7147,5830,1,11,5,17,17,17,17,17,0,1,286.372,42,19288.9
7148,5830,2,11,5,17,17,17,17,17,0,1,285.957,42,19070.5
7149,5830,3,11,5,17,17,17,17,17,0,1,286.217,42,19346.1
7150,5831,1,7,2,20,20,20,20,20,0,1,286.412,41,152.052
7151,5831,2,7,2,20,20,20,20,20,0,1,286.895,42,254.179
7152,5831,3,7,2,20,20,20,20,20,0,1,286.499,41,150.947
7153,5832,1,6,2,11,11,11,11,11,0,1,286.425,42,193.47
7154,5832,2,6,2,11,11,11,11,11,0,1,286.594,41,208.391
7155,5832,3,6,2,11,11,11,11,11,0,1,285.851,42,192.782
7156,5833,1,5,2,4,4,4,4,4,1,1,286.072,42,150.406
7157,5833,2,5,2,4,4,4,4,4,1,1,286.463,41,151.604
7158,5833,3,5,2,4,4,4,4,4,1,1,285.9,42,150.737
7159,5834,1,4,1,4,4,4,4,4,1,1,286.606,42,195.579
7160,5834,2,4,1,4,4,4,4,4,1,1,286.612,42,192.063
7161,5834,3,5,1,4,4,4,4,4,1,1,286.428,42,262.86
7162,5835,1,6,2,3,3,3,3,3,1,1,286.396,42,156.986
7163,5835,2,6,2,3,3,3,3,3,1,1,286.063,42,156.598
7164,5835,3,6,2,3,3,3,3,3,1,1,286.641,42,228.714
7165,5836,1,3,1,5,5,5,5,5,0,1,286.484,42,160.036
7166,5836,2,3,1,5,5,5,5,5,0,1,286.418,42,163.495
7167,5836,3,3,1,5,5,5,5,5,0,1,286.546,42,161.147
7168,5837,1,10,4,18,18,18,18,18,0,1,286.682,41,20041.0
7169,5837,2,10,4,18,18,18,18,18,0,1,286.881,42,20422.9
7170,5837,3,10,4,18,18,18,18,18,0,1,286.543,42,20004.6
7171,5838,1,6,2,3,3,3,3,3,1,1,286.052,42,157.487
7172,5838,2,6,2,3,3,3,3,3,1,1,286.268,41,159.257
7173,5838,3,6,2,3,3,3,3,3,1,1,286.761,42,157.031
7174,5839,1,8,3,4,4,4,4,4,1,1,286.129,41,210.646
7175,5839,2,8,3,4,4,4,4,4,1,1,286.007,41,193.681
7176,5839,3,8,3,4,4,4,4,4,1,1,286.747,42,195.365
7177,5840,1,7,2,5,5,5,5,5,1,1,286.645,42,164.216
7178,5840,2,7,2,5,5,5,5,5,1,1,285.451,42,164.82
7179,5840,3,7,2,5,5,5,5,5,1,1,286.082,41,167.209
7180,5841,1,8,3,8,8,8,8,8,1,1,285.986,42,211.824
7181,5841,2,8,3,8,8,8,8,8,1,1,286.724,42,212.335
7182,5841,3,8,3,8,8,8,8,8,1,1,286.19,42,211.538
7183,5842,1,6,2,6,6,6,6,6,1,1,286.839,42,212.148
7184,5842,2,6,2,6,6,6,6,6,1,1,286.705,42,214.641
7185,5842,3,6,2,6,6,6,6,6,1,1,286.282,41,211.61
7186,5843,1,5,2,3,3,3,3,3,1,1,286.604,42,239.168
7187,5843,2,5,2,3,3,3,3,3,1,1,286.481,41,242.52
7188,5843,3,5,2,3,3,3,3,3,1,1,286.668,42,244.208
7189,5844,1,6,2,6,6,6,6,6,1,1,286.785,41,1911.13
7190,5844,2,6,2,6,6,6,6,6,1,1,287.701,42,1909.07
7191,5844,3,6,2,6,6,6,6,6,1,1,286.764,41,1895.68
7192,5845,1,6,2,16,16,16,16,16,0,1,286.805,42,158.283
7193,5845,2,6,2,16,16,16,16,16,0,1,286.273,42,157.431
7194,5845,3,6,2,16,16,16,16,16,0,1,286.707,41,157.284
7195,5846,1,8,3,10,10,10,10,10,0,1,286.575,41,621.882
7196,5846,2,8,3,10,10,10,10,10,0,1,286.529,42,621.371
7197,5846,3,8,3,10,10,10,10,10,0,1,286.791,42,613.346
7198,5847,1,11,6,30,30,30,30,30,0,1,286.427,42,23484.4
7199,5847,2,11,6,30,30,30,30,30,0,1,286.571,42,22888.1
7200,5847,3,11,6,30,30,30,30,30,0,1,286.518,42,22686.3
7201,5848,1,8,3,18,18,18,18,18,0,1,285.904,42,2324.91
7202,5848,2,8,3,18,18,18,18,18,0,1,286.192,41,2315.45
7203,5848,3,8,3,18,18,18,18,18,0,1,286.498,42,2333.04
7204,5849,1,5,2,4,4,4,4,4,1,1,286.599,42,150.856
7205,5849,2,5,2,4,4,4,4,4,1,1,286.797,42,149.89
7206,5849,3,5,2,4,4,4,4,4,1,1,286.236,42,147.145
7207,5850,1,6,2,7,7,7,7,7,0,1,286.632,42,324.029
7208,5850,2,6,2,7,7,7,7,7,0,1,286.632,41,328.705
7209,5850,3,6,2,7,7,7,7,7,0,1,286.555,42,327.19
7210,5851,1,4,1,2,2,2,2,2,1,1,286.286,41,281.083
7211,5851,2,4,1,2,2,2,2,2,1,1,286.717,41,286.263
7212,5851,3,4,1,2,2,2,2,2,1,1,286.489,42,283.828
7213,5852,1,8,3,10,10,10,10,10,1,1,286.692,42,378.966
7214,5852,2,8,3,10,10,10,10,10,1,1,286.098,41,205.558
7215,5852,3,8,3,10,10,10,10,10,1,1,286.583,41,199.5
7216,5853,1,7,2,7,7,7,7,7,1,1,286.807,42,167.655
7217,5853,2,7,2,7,7,7,7,7,1,1,286.34,41,179.63
7218,5853,3,7,2,7,7,7,7,7,1,1,286.641,41,163.235
7219,5854,1,4,2,4,4,4,4,4,0,1,286.594,42,148.304
7220,5854,2,4,2,4,4,4,4,4,0,1,286.19,42,147.538
7221,5854,3,4,2,4,4,4,4,4,0,1,285.856,42,149.011
7222,5855,1,7,2,39,39,39,39,39,0,1,286.852,42,164.374
7223,5855,2,7,2,39,39,39,39,39,0,1,286.651,42,224.487
7224,5855,3,7,2,39,39,39,39,39,0,1,286.941,41,165.544
7225,5856,1,5,2,11,11,11,11,11,0,1,286.635,41,184.723
7226,5856,2,5,2,11,11,11,11,11,0,1,286.061,41,185.086
7227,5856,3,5,2,11,11,11,11,11,0,1,286.7,42,179.918
7228,5857,1,3,1,3,3,3,3,3,0,1,286.832,42,160.851
7229,5857,2,3,1,3,3,3,3,3,0,1,285.999,41,159.105
7230,5857,3,3,1,3,3,3,3,3,0,1,286.632,42,156.552
7231,5858,1,5,2,7,7,7,7,7,0,1,286.92,42,165.439
7232,5858,2,5,2,7,7,7,7,7,0,1,285.979,42,180.942
7233,5858,3,5,2,7,7,7,7,7,0,1,286.563,41,167.923
7234,5859,1,7,2,24,24,24,24,24,0,1,286.475,41,158.611
7235,5859,2,7,2,24,24,24,24,24,0,1,286.595,42,162.784
7236,5859,3,7,2,24,24,24,24,24,0,1,286.029,42,159.522
7237,5860,1,4,2,7,7,7,7,7,0,1,286.711,42,181.199
7238,5860,2,4,2,7,7,7,7,7,0,1,286.504,42,183.453
7239,5860,3,4,2,7,7,7,7,7,0,1,286.363,41,184.127
7240,5861,1,7,3,11,11,11,11,11,0,1,286.329,41,10016.8
7241,5861,2,7,3,11,11,11,11,11,0,1,286.71,42,9972.16
7242,5861,3,7,3,11,11,11,11,11,0,1,286.791,42,10127.9
7243,5862,1,5,2,4,4,4,4,4,1,1,286.71,41,557.556
7244,5862,2,5,2,4,4,4,4,4,1,1,286.43,41,550.565
7245,5862,3,5,2,4,4,4,4,4,1,1,286.775,42,547.646
7246,5863,1,4,2,3,3,3,3,3,1,1,286.141,41,166.793
7247,5863,2,4,2,3,3,3,3,3,1,1,287.635,42,163.668
7248,5863,3,4,2,3,3,3,3,3,1,1,285.896,41,162.576
7249,5864,1,7,3,18,18,18,18,18,0,1,286.35,41,594.257
7250,5864,2,7,3,18,18,18,18,18,0,1,286.202,41,588.183
7251,5864,3,7,3,18,18,18,18,18,0,1,288.109,42,587.731
7252,5865,1,5,2,3,3,3,3,3,1,1,286.803,42,239.026
7253,5865,2,5,2,3,3,3,3,3,1,1,286.53,42,235.804
7254,5865,3,5,2,3,3,3,3,3,1,1,286.918,42,256.249
7255,5866,1,7,2,7,7,7,7,7,1,1,286.656,42,553.297
7256,5866,2,7,2,7,7,7,7,7,1,1,286.782,41,558.249
7257,5866,3,7,2,7,7,7,7,7,1,1,286.695,42,561.64
7258,5867,1,8,2,9,9,9,9,9,0,1,286.179,41,654.932
7259,5867,2,8,2,9,9,9,9,9,0,1,285.884,41,662.603
7260,5867,3,8,2,9,9,9,9,9,0,1,286.162,41,655.53
7261,5868,1,8,2,13,13,13,13,13,0,1,286.114,41,5572.37
7262,5868,2,8,2,13,13,13,13,13,0,1,285.217,42,5578.62
7263,5868,3,8,2,13,13,13,13,13,0,1,285.945,42,5506.94
7264,5869,1,6,3,9,9,9,9,9,1,1,286.201,42,159.183
7265,5869,2,6,3,9,9,9,9,9,1,1,286.452,41,175.46
7266,5869,3,6,3,9,9,9,9,9,1,1,285.845,42,161.928
7267,5870,1,12,5,6,6,6,6,6,1,1,285.939,41,23041.0
7268,5870,2,12,5,6,6,6,6,6,1,1,286.076,42,23152.4
7269,5870,3,12,5,6,6,6,6,6,1,1,286.56,42,22992.4
7270,5871,1,9,2,10,10,10,10,10,1,1,286.566,42,345.483
7271,5871,2,9,2,10,10,10,10,10,1,1,286.727,42,400.422
7272,5871,3,9,2,10,10,10,10,10,1,1,286.068,42,405.053
7273,5872,1,7,1,24,24,24,24,24,0,1,286.083,42,157.651
7274,5872,2,7,1,24,24,24,24,24,0,1,287.005,42,156.181
7275,5872,3,7,1,24,24,24,24,24,0,1,285.909,42,157.166
7276,5873,1,7,3,9,9,9,9,9,0,1,286.271,42,584.505
7277,5873,2,7,3,9,9,9,9,9,0,1,288.249,41,583.881
7278,5873,3,7,3,9,9,9,9,9,0,1,286.795,41,594.68
7279,5874,1,5,1,16,16,16,16,16,0,1,286.277,41,149.588
7280,5874,2,5,1,16,16,16,16,16,0,1,286.49,41,151.6
7281,5874,3,5,1,16,16,16,16,16,0,1,286.522,42,149.977
7282,5875,1,6,1,25,25,25,25,25,0,1,286.479,42,151.958
7283,5875,2,6,1,25,25,25,25,25,0,1,286.367,42,148.94
7284,5875,3,6,1,25,25,25,25,25,0,1,286.791,41,152.944
7285,5876,1,7,2,34,34,34,34,34,0,1,286.132,42,151.963
7286,5876,2,7,2,34,34,34,34,34,0,1,286.333,42,150.973
7287,5876,3,7,2,34,34,34,34,34,0,1,286.074,41,153.557
7288,5877,1,5,2,10,10,10,10,10,0,1,286.431,42,177.535
7289,5877,2,5,2,10,10,10,10,10,0,1,287.529,42,174.376
7290,5877,3,5,2,10,10,10,10,10,0,1,286.535,41,177.245
7291,5878,1,3,1,3,3,3,3,3,0,1,286.501,41,150.843
7292,5878,2,3,1,3,3,3,3,3,0,1,286.325,42,150.847
7293,5878,3,3,1,3,3,3,3,3,0,1,286.499,41,164.773
7294,5879,1,4,2,2,2,2,2,2,0,1,286.822,42,298.758
7295,5879,2,4,2,2,2,2,2,2,0,1,286.352,41,299.302
7296,5879,3,4,2,2,2,2,2,2,0,1,286.347,42,294.085
7297,5880,1,6,3,3,3,3,3,3,1,1,286.424,42,152.185
7298,5880,2,6,3,3,3,3,3,3,1,1,286.375,42,151.227
7299,5880,3,6,3,3,3,3,3,3,1,1,286.619,42,150.411
7300,5881,1,4,3,4,4,4,4,4,0,1,286.325,42,318.385
7301,5881,2,4,3,4,4,4,4,4,0,1,287.133,42,316.75
7302,5881,3,4,3,4,4,4,4,4,0,1,286.859,42,322.044
7303,5882,1,8,3,8,8,8,8,8,1,1,286.152,42,220.25
7304,5882,2,8,3,8,8,8,8,8,1,1,287.078,42,221.562
7305,5882,3,8,3,8,8,8,8,8,1,1,286.103,42,224.266
7306,5883,1,7,3,9,9,9,9,9,0,1,287.416,42,8143.59
7307,5883,2,7,3,9,9,9,9,9,0,1,286.458,42,8244.08
7308,5883,3,7,3,9,9,9,9,9,0,1,286.664,42,8199.07
7309,5884,1,9,3,10,10,10,10,10,2,1,287.163,42,260.839
7310,5884,2,9,3,10,10,10,10,10,2,1,286.63,42,261.836
7311,5884,3,9,3,10,10,10,10,10,2,1,286.821,41,264.292
7312,5885,1,8,3,7,7,7,7,7,4,1,286.763,41,238.762
7313,5885,2,8,3,7,7,7,7,7,4,1,286.923,41,238.045
7314,5885,3,8,3,7,7,7,7,7,4,1,286.672,42,238.347
7315,5886,1,4,2,8,8,8,8,8,0,1,286.913,41,162.667
7316,5886,2,4,2,8,8,8,8,8,0,1,287.547,42,161.364
7317,5886,3,4,2,8,8,8,8,8,0,1,286.567,41,159.578
7318,5887,1,7,2,21,21,21,21,21,0,1,286.497,41,189.568
7319,5887,2,7,2,21,21,21,21,21,0,1,286.703,41,175.788
7320,5887,3,7,2,21,21,21,21,21,0,1,286.688,42,177.058
7321,5888,1,6,5,6,6,6,6,6,1,1,286.524,42,297.807
7322,5888,2,6,5,6,6,6,6,6,1,1,286.729,42,296.357
7323,5888,3,6,5,6,6,6,6,6,1,1,286.55,41,301.371
7324,5889,1,8,3,10,10,10,10,10,1,1,286.789,42,199.414
7325,5889,2,8,3,10,10,10,10,10,1,1,286.805,41,199.952
7326,5889,3,8,3,10,10,10,10,10,1,1,287.13,42,197.401
7327,5890,1,8,4,14,14,14,14,14,0,1,286.553,42,2034.56
7328,5890,2,8,4,14,14,14,14,14,0,1,286.656,41,2026.56
7329,5890,3,8,4,14,14,14,14,14,0,1,286.455,41,2034.6
7330,5891,1,5,2,10,10,10,10,10,0,1,286.525,42,155.714
7331,5891,2,5,2,10,10,10,10,10,0,1,286.749,41,155.13
7332,5891,3,5,2,10,10,10,10,10,0,1,286.596,42,170.328
7333,5892,1,8,2,6,6,6,6,6,1,1,287.582,41,380.376
7334,5892,2,8,2,6,6,6,6,6,1,1,286.737,42,386.21
7335,5892,3,8,2,6,6,6,6,6,1,1,286.161,41,382.487
7336,5893,1,7,2,4,4,4,4,4,2,1,286.65,42,162.903
7337,5893,2,7,2,4,4,4,4,4,2,1,286.593,42,162.141
7338,5893,3,7,2,4,4,4,4,4,2,1,287.471,42,159.427
7339,5894,1,4,1,3,3,3,3,3,1,1,286.405,41,145.21
7340,5894,2,4,1,3,3,3,3,3,1,1,286.01,41,146.545
7341,5894,3,4,1,3,3,3,3,3,1,1,286.793,42,146.396
7342,5895,1,5,2,6,6,6,6,6,0,1,286.588,42,162.088
7343,5895,2,5,2,6,6,6,6,6,0,1,286.556,42,163.156
7344,5895,3,5,2,6,6,6,6,6,0,1,286.238,41,161.809
7345,5896,1,6,2,7,7,7,7,7,1,1,286.476,42,205.102
7346,5896,2,6,2,7,7,7,7,7,1,1,286.333,42,204.898
7347,5896,3,6,2,7,7,7,7,7,1,1,286.309,41,219.402
7348,5897,1,5,2,5,5,5,5,5,0,1,286.5,41,163.684
7349,5897,2,5,2,5,5,5,5,5,0,1,286.548,41,163.636
7350,5897,3,5,2,5,5,5,5,5,0,1,286.206,42,163.078
7351,5898,1,6,2,8,8,8,8,8,0,1,286.327,42,2209.44
7352,5898,2,6,2,8,8,8,8,8,0,1,286.701,42,2214.64
7353,5898,3,6,2,8,8,8,8,8,0,1,286.575,42,2201.41
7354,5899,1,6,2,7,7,7,7,7,0,1,286.301,41,287.543
7355,5899,2,6,2,7,7,7,7,7,0,1,286.707,42,285.665
7356,5899,3,6,2,7,7,7,7,7,0,1,286.599,42,286.369
7357,5900,1,7,2,13,13,13,13,13,0,1,286.051,42,344.682
7358,5900,2,7,2,13,13,13,13,13,0,1,285.861,42,343.143
7359,5900,3,7,2,13,13,13,13,13,0,1,286.375,41,344.839
7360,5901,1,5,2,7,7,7,7,7,0,1,286.796,42,212.033
7361,5901,2,5,2,7,7,7,7,7,0,1,286.432,42,228.49
7362,5901,3,5,2,7,7,7,7,7,0,1,286.666,41,211.563
7363,5902,1,6,1,21,21,21,21,21,0,1,286.101,42,148.477
7364,5902,2,6,1,21,21,21,21,21,0,1,286.773,42,151.466
7365,5902,3,6,1,21,21,21,21,21,0,1,286.867,42,150.164
7366,5903,1,5,1,9,9,9,9,9,0,1,286.268,42,167.963
7367,5903,2,5,1,9,9,9,9,9,0,1,286.208,42,166.104
7368,5903,3,5,1,9,9,9,9,9,0,1,286.162,41,168.619
7369,5904,1,6,2,5,5,5,5,5,1,1,287.159,41,551.78
7370,5904,2,6,2,5,5,5,5,5,1,1,286.642,42,555.459
7371,5904,3,6,2,5,5,5,5,5,1,1,286.662,42,552.5
7372,5905,1,5,2,4,4,4,4,4,1,1,286.016,42,175.611
7373,5905,2,5,2,4,4,4,4,4,1,1,286.725,41,150.233
7374,5905,3,5,2,4,4,4,4,4,1,1,286.68,41,147.888
7375,5906,1,4,2,6,6,6,6,6,0,1,286.473,42,156.019
7376,5906,2,4,2,6,6,6,6,6,0,1,285.799,42,172.872
7377,5906,3,4,2,6,6,6,6,6,0,1,286.704,42,153.587
7378,5907,1,5,1,3,3,3,3,3,1,1,286.069,42,284.709
7379,5907,2,5,1,3,3,3,3,3,1,1,286.583,42,282.095
7380,5907,3,5,1,3,3,3,3,3,1,1,286.644,42,280.098
7381,5908,1,7,2,7,7,7,7,7,1,1,286.993,42,7255.24
7382,5908,2,7,2,7,7,7,7,7,1,1,286.013,42,7250.23
7383,5908,3,7,2,7,7,7,7,7,1,1,286.031,41,7253.4
7384,5909,1,8,3,14,14,14,14,14,0,1,286.544,42,547.152
7385,5909,2,8,3,14,14,14,14,14,0,1,286.383,42,545.858
7386,5909,3,8,3,14,14,14,14,14,0,1,286.414,42,561.204
7387,5910,1,7,2,32,32,32,32,32,0,1,286.116,41,158.46
7388,5910,2,7,2,32,32,32,32,32,0,1,287.063,42,151.727
7389,5910,3,7,2,32,32,32,32,32,0,1,286.697,42,266.324
7390,5911,1,5,1,4,4,4,4,4,1,1,287.417,41,573.926
7391,5911,2,5,1,4,4,4,4,4,1,1,286.617,42,586.305
7392,5911,3,5,1,4,4,4,4,4,1,1,286.09,41,566.705
7393,5912,1,8,2,6,6,6,6,6,4,1,286.437,42,1401.41
7394,5912,2,8,2,6,6,6,6,6,4,1,286.045,42,1423.22
7395,5912,3,8,2,6,6,6,6,6,4,1,285.745,41,1426.37
7396,5913,1,6,3,4,4,4,4,4,0,1,286.518,42,271.861
7397,5913,2,6,3,4,4,4,4,4,0,1,286.464,42,269.312
7398,5913,3,6,3,4,4,4,4,4,0,1,285.325,41,271.592
7399,5914,1,11,3,34,34,34,34,34,0,1,286.71,42,404.489
7400,5914,2,11,3,34,34,34,34,34,0,1,286.588,42,419.651
7401,5914,3,11,3,34,34,34,34,34,0,1,286.074,42,411.524
7402,5915,1,5,1,3,3,3,3,3,1,1,286.256,41,469.68
7403,5915,2,5,1,3,3,3,3,3,1,1,285.851,41,477.805
7404,5915,3,5,1,3,3,3,3,3,1,1,286.358,42,471.957
7405,5916,1,8,3,4,4,4,4,4,1,1,286.212,41,218.812
7406,5916,2,8,3,4,4,4,4,4,1,1,285.774,41,213.385
7407,5916,3,8,3,4,4,4,4,4,1,1,285.979,41,213.43
7408,5917,1,8,2,11,11,11,11,11,0,1,286.063,41,406.193
7409,5917,2,8,2,11,11,11,11,11,0,1,286.451,42,403.73
7410,5917,3,8,2,11,11,11,11,11,0,1,286.489,42,401.704
7411,5918,1,7,3,5,5,5,5,5,1,1,286.593,42,302.118
7412,5918,2,7,3,5,5,5,5,5,1,1,286.925,42,296.653
7413,5918,3,7,3,5,5,5,5,5,1,1,286.606,42,297.964
7414,5919,1,7,2,6,6,6,6,6,1,1,285.821,42,216.282
7415,5919,2,7,2,6,6,6,6,6,1,1,286.032,41,236.652
7416,5919,3,7,2,6,6,6,6,6,1,1,286.738,42,213.64
7417,5920,1,6,2,5,5,5,5,5,1,1,285.812,42,155.231
7418,5920,2,6,2,5,5,5,5,5,1,1,286.699,42,154.145
7419,5920,3,6,2,5,5,5,5,5,1,1,286.072,42,156.039
7420,5921,1,8,4,8,8,8,8,8,0,1,286.562,41,603.652
7421,5921,2,8,4,8,8,8,8,8,0,1,286.144,42,606.807
7422,5921,3,8,4,8,8,8,8,8,0,1,285.848,42,595.57
7423,5922,1,8,3,11,11,11,11,11,0,1,286.775,42,1880.98
7424,5922,2,8,3,11,11,11,11,11,0,1,286.625,42,1889.91
7425,5922,3,8,3,11,11,11,11,11,0,1,286.035,42,1900.2
7426,5923,1,5,3,8,8,8,8,8,0,1,286.448,42,285.698
7427,5923,2,5,3,8,8,8,8,8,0,1,286.516,41,286.307
7428,5923,3,5,3,8,8,8,8,8,0,1,285.831,41,286.609
7429,5924,1,8,3,5,5,5,5,5,1,1,286.925,41,20698.6
7430,5924,2,8,3,5,5,5,5,5,1,1,286.1,41,20346.4
7431,5924,3,8,3,5,5,5,5,5,1,1,286.833,42,19982.3
7432,5925,1,10,4,8,8,8,8,8,1,1,286.063,42,927.375
7433,5925,2,10,4,8,8,8,8,8,1,1,286.538,42,905.336
7434,5925,3,10,4,8,8,8,8,8,1,1,286.551,42,907.366
7435,5926,1,7,3,7,7,7,7,7,1,1,286.535,41,261.393
7436,5926,2,7,3,7,7,7,7,7,1,1,286.699,42,262.26
7437,5926,3,7,3,7,7,7,7,7,1,1,286.077,42,259.985
7438,5927,1,6,2,8,8,8,8,8,1,1,285.463,42,280.847
7439,5927,2,6,2,8,8,8,8,8,1,1,286.665,42,279.17
7440,5927,3,6,2,8,8,8,8,8,1,1,286.616,42,285.428
7441,5928,1,10,4,11,11,11,11,11,3,1,286.821,42,513.921
7442,5928,2,10,4,11,11,11,11,11,3,1,286.546,41,512.284
7443,5928,3,10,4,11,11,11,11,11,3,1,286.213,42,514.057
7444,5929,1,5,3,8,8,8,8,8,0,1,286.159,42,212.868
7445,5929,2,5,3,8,8,8,8,8,0,1,286.156,41,212.403
7446,5929,3,5,3,8,8,8,8,8,0,1,286.284,41,227.354
7447,5930,1,13,4,8,8,8,8,8,1,1,286.345,42,29634.3
7448,5930,2,13,4,8,8,8,8,8,1,1,286.293,42,29618.5
7449,5930,3,13,4,8,8,8,8,8,1,1,286.727,42,29735.8
7450,5931,1,10,4,15,15,15,15,15,2,1,286.256,42,681.098
7451,5931,2,10,4,15,15,15,15,15,2,1,286.314,41,685.219
7452,5931,3,10,4,15,15,15,15,15,2,1,286.554,41,683.771
7453,5932,1,5,1,11,11,11,11,11,0,1,286.5,41,159.121
7454,5932,2,5,1,11,11,11,11,11,0,1,286.912,41,158.451
7455,5932,3,5,1,11,11,11,11,11,0,1,286.393,42,159.8
7456,5933,1,8,3,7,7,7,7,7,2,1,286.317,41,265.962
7457,5933,2,8,3,7,7,7,7,7,2,1,286.966,42,207.122
7458,5933,3,8,3,7,7,7,7,7,2,1,286.439,42,189.199
7459,5934,1,4,3,3,3,3,3,3,0,1,286.347,42,204.849
7460,5934,2,4,3,3,3,3,3,3,0,1,286.188,42,206.92
7461,5934,3,4,3,3,3,3,3,3,0,1,286.093,42,211.394
7462,5935,1,5,2,8,8,8,8,8,0,1,286.367,42,612.284
7463,5935,2,5,2,8,8,8,8,8,0,1,286.241,41,603.554
7464,5935,3,5,2,8,8,8,8,8,0,1,286.507,42,618.857
7465,5936,1,5,2,4,4,4,4,4,0,1,286.67,42,223.001
7466,5936,2,5,2,4,4,4,4,4,0,1,286.437,42,222.951
7467,5936,3,5,2,4,4,4,4,4,0,1,286.604,42,226.967
7468,5937,1,6,3,5,5,5,5,5,1,1,286.844,41,157.875
7469,5937,2,6,3,5,5,5,5,5,1,1,286.234,42,159.034
7470,5937,3,6,3,5,5,5,5,5,1,1,286.684,41,156.341
7471,5938,1,7,2,5,5,5,5,5,2,1,286.443,42,163.777
7472,5938,2,7,2,5,5,5,5,5,2,1,286.101,42,173.318
7473,5938,3,7,2,5,5,5,5,5,2,1,286.325,42,161.419
7474,5939,1,11,5,10,10,10,10,10,0,1,286.749,42,21508.8
7475,5939,2,11,5,10,10,10,10,10,0,1,286.531,42,21698.6
7476,5939,3,11,5,10,10,10,10,10,0,1,286.45,42,21847.4
7477,5940,1,5,2,13,13,13,13,13,0,1,286.436,42,163.96
7478,5940,2,5,2,13,13,13,13,13,0,1,286.147,41,149.384
7479,5940,3,5,2,13,13,13,13,13,0,1,286.944,42,149.825
7480,5941,1,6,2,8,8,8,8,8,0,1,287.018,41,219.037
7481,5941,2,6,2,8,8,8,8,8,0,1,286.569,41,217.954
7482,5941,3,6,2,8,8,8,8,8,0,1,286.803,42,218.164
7483,5942,1,6,2,6,6,6,6,6,1,1,286.474,42,153.331
7484,5942,2,6,2,6,6,6,6,6,1,1,287.005,42,151.569
7485,5942,3,6,2,6,6,6,6,6,1,1,286.766,42,152.583
7486,5943,1,6,2,9,9,9,9,9,0,1,286.64,42,298.816
7487,5943,2,6,2,9,9,9,9,9,0,1,286.267,42,293.752
7488,5943,3,6,2,9,9,9,9,9,0,1,286.908,42,296.841
7489,5944,1,5,1,15,15,15,15,15,0,1,286.081,42,152.058
7490,5944,2,5,1,15,15,15,15,15,0,1,286.48,42,151.776
7491,5944,3,5,1,15,15,15,15,15,0,1,286.225,42,151.25
7492,5945,1,6,2,10,10,10,10,10,0,1,286.67,42,219.568
7493,5945,2,6,2,10,10,10,10,10,0,1,286.896,42,204.634
7494,5945,3,6,2,10,10,10,10,10,0,1,286.954,42,207.323
7495,5946,1,7,1,34,34,34,34,34,0,1,286.397,41,150.278
7496,5946,2,7,1,34,34,34,34,34,0,1,286.699,42,151.878
7497,5946,3,7,1,34,34,34,34,34,0,1,286.991,42,153.772
7498,5947,1,8,3,14,14,14,14,14,0,1,286.424,42,2135.51
7499,5947,2,8,3,14,14,14,14,14,0,1,286.339,42,2129.91
7500,5947,3,8,3,14,14,14,14,14,0,1,286.273,41,2124.23
7501,5948,1,4,2,1,1,1,1,1,1,1,286.281,42,148.153
7502,5948,2,4,2,1,1,1,1,1,1,1,287.0,41,149.086
7503,5948,3,4,2,1,1,1,1,1,1,1,286.717,41,148.899
7504,5949,1,5,3,8,8,8,8,8,0,1,286.518,41,206.561
7505,5949,2,5,3,8,8,8,8,8,0,1,286.886,42,204.919
7506,5949,3,5,3,8,8,8,8,8,0,1,286.894,41,220.674
7507,5950,1,2,1,2,2,2,2,2,0,1,286.728,42,149.858
7508,5950,2,2,1,2,2,2,2,2,0,1,286.817,42,150.812
7509,5950,3,2,1,2,2,2,2,2,0,1,287.397,42,152.307
7510,5951,1,2,1,2,2,2,2,2,0,1,286.789,42,151.549
7511,5951,2,2,1,2,2,2,2,2,0,1,286.299,41,151.942
7512,5951,3,2,1,2,2,2,2,2,0,1,286.818,42,148.666
7513,5952,1,7,2,5,5,5,5,5,2,1,286.616,42,1572.11
7514,5952,2,7,2,5,5,5,5,5,2,1,286.215,42,1582.11
7515,5952,3,7,2,5,5,5,5,5,2,1,286.701,41,1568.97
7516,5953,1,5,2,4,4,4,4,4,1,1,286.539,42,272.795
7517,5953,2,5,2,4,4,4,4,4,1,1,286.689,41,274.588
7518,5953,3,5,2,4,4,4,4,4,1,1,286.519,42,275.637
7519,5954,1,8,3,7,7,7,7,7,1,1,286.504,42,244.913
7520,5954,2,8,3,7,7,7,7,7,1,1,286.585,41,224.717
7521,5954,3,8,3,7,7,7,7,7,1,1,286.157,42,210.601
7522,5955,1,7,3,15,15,15,15,15,0,1,286.459,41,276.804
7523,5955,2,7,3,15,15,15,15,15,0,1,286.727,42,276.039
7524,5955,3,7,3,15,15,15,15,15,0,1,285.768,42,275.516
7525,5956,1,5,2,5,5,5,5,5,0,1,287.078,41,335.176
7526,5956,2,5,2,5,5,5,5,5,0,1,286.737,42,338.269
7527,5956,3,5,2,5,5,5,5,5,0,1,286.295,42,337.31
7528,5957,1,5,2,4,4,4,4,4,3,1,287.186,42,150.839
7529,5957,2,5,2,4,4,4,4,4,3,1,287.178,41,152.009
7530,5957,3,5,2,4,4,4,4,4,3,1,287.293,42,151.288
7531,5958,1,5,2,3,3,3,3,3,1,1,286.683,42,572.783
7532,5958,2,5,2,3,3,3,3,3,1,1,286.753,41,582.673
7533,5958,3,5,2,3,3,3,3,3,1,1,286.434,42,588.877
7534,5959,1,3,2,2,2,2,2,2,0,1,286.613,42,165.267
7535,5959,2,3,2,2,2,2,2,2,0,1,287.018,42,181.487
7536,5959,3,3,2,2,2,2,2,2,0,1,286.562,42,164.568
7537,5960,1,4,1,7,7,7,7,7,0,1,286.776,42,168.281
7538,5960,2,4,1,7,7,7,7,7,0,1,286.409,41,169.222
7539,5960,3,4,1,7,7,7,7,7,0,1,286.478,42,170.491
7540,5961,1,6,1,5,5,5,5,5,3,1,286.859,41,5988.98
7541,5961,2,6,1,5,5,5,5,5,3,1,286.673,42,6048.45
7542,5961,3,6,1,5,5,5,5,5,3,1,286.493,42,6032.32
7543,5962,1,5,2,4,4,4,4,4,1,1,286.924,41,147.645
7544,5962,2,5,2,4,4,4,4,4,1,1,286.705,42,148.838
7545,5962,3,5,2,4,4,4,4,4,1,1,286.716,42,148.66
7546,5963,1,5,2,5,5,5,5,5,0,1,286.531,42,186.902
7547,5963,2,5,2,5,5,5,5,5,0,1,286.853,41,171.548
7548,5963,3,5,2,5,5,5,5,5,0,1,287.202,42,172.779
7549,5964,1,5,2,4,4,4,4,4,1,1,286.736,41,146.931
7550,5964,2,5,2,4,4,4,4,4,1,1,286.436,41,146.109
7551,5964,3,5,2,4,4,4,4,4,1,1,286.246,41,146.127
7552,5965,1,6,2,4,4,4,4,4,1,1,286.334,42,1549.87
7553,5965,2,6,2,4,4,4,4,4,1,1,286.269,41,1564.79
7554,5965,3,6,2,4,4,4,4,4,1,1,286.565,42,1560.2
7555,5966,1,7,1,29,29,29,29,29,0,1,287.295,41,148.928
7556,5966,2,7,1,29,29,29,29,29,0,1,286.595,42,150.499
7557,5966,3,7,1,29,29,29,29,29,0,1,286.764,42,151.009
7558,5967,1,8,2,40,40,40,40,40,0,1,286.871,42,157.96
7559,5967,2,8,2,40,40,40,40,40,0,1,286.68,42,157.979
7560,5967,3,8,2,40,40,40,40,40,0,1,286.563,41,171.721
7561,5968,1,6,2,4,4,4,4,4,1,1,286.898,41,189.551
7562,5968,2,6,2,4,4,4,4,4,1,1,286.753,42,186.339
7563,5968,3,6,2,4,4,4,4,4,1,1,286.547,42,187.767
7564,5969,1,3,1,2,2,2,2,2,0,1,286.676,42,146.71
7565,5969,2,3,1,2,2,2,2,2,0,1,286.531,42,147.763
7566,5969,3,3,1,2,2,2,2,2,0,1,286.491,42,145.179
7567,5970,1,6,3,5,5,5,5,5,1,1,286.46,41,153.313
7568,5970,2,6,3,5,5,5,5,5,1,1,286.644,42,153.466
7569,5970,3,6,3,5,5,5,5,5,1,1,286.186,42,152.481
7570,5971,1,10,4,11,11,11,11,11,0,1,286.701,42,17888.0
7571,5971,2,10,4,11,11,11,11,11,0,1,286.44,42,18121.5
7572,5971,3,10,4,11,11,11,11,11,0,1,286.565,42,18330.1
7573,5972,1,5,2,3,3,3,3,3,1,1,287.446,42,162.217
7574,5972,2,5,2,3,3,3,3,3,1,1,286.333,42,162.98
7575,5972,3,5,2,3,3,3,3,3,1,1,286.81,42,162.292
7576,5973,1,5,1,5,5,5,5,5,1,1,286.704,41,187.044
7577,5973,2,5,1,5,5,5,5,5,1,1,286.631,41,202.971
7578,5973,3,5,1,5,5,5,5,5,1,1,286.501,41,192.214
7579,5974,1,7,3,10,10,10,10,10,0,1,286.261,41,591.061
7580,5974,2,7,3,10,10,10,10,10,0,1,286.951,42,580.285
7581,5974,3,7,3,10,10,10,10,10,0,1,286.607,41,582.712
7582,5975,1,7,2,30,30,30,30,30,0,1,286.788,42,154.498
7583,5975,2,7,2,30,30,30,30,30,0,1,286.801,42,150.681
7584,5975,3,7,2,30,30,30,30,30,0,1,286.831,41,152.0
7585,5976,1,4,2,7,7,7,7,7,0,1,286.311,42,171.58
7586,5976,2,4,2,7,7,7,7,7,0,1,286.515,42,175.629
7587,5976,3,4,2,7,7,7,7,7,0,1,286.565,42,171.24
7588,5977,1,8,5,6,6,6,6,6,1,1,286.752,41,7926.82
7589,5977,2,8,5,6,6,6,6,6,1,1,286.718,42,7940.75
7590,5977,3,8,5,6,6,6,6,6,1,1,287.048,42,7895.46
7591,5978,1,5,2,5,5,5,5,5,1,1,286.341,42,148.766
7592,5978,2,5,2,5,5,5,5,5,1,1,286.879,42,149.755
7593,5978,3,5,2,5,5,5,5,5,1,1,286.099,42,146.504
7594,5979,1,8,2,10,10,10,10,10,1,1,286.313,42,187.899
7595,5979,2,8,2,10,10,10,10,10,1,1,287.773,42,187.272
7596,5979,3,8,2,10,10,10,10,10,1,1,286.609,42,187.025
7597,5980,1,4,1,7,7,7,7,7,0,1,286.112,42,159.636
7598,5980,2,4,1,7,7,7,7,7,0,1,286.352,42,160.089
7599,5980,3,4,1,7,7,7,7,7,0,1,286.495,42,159.077
7600,5981,1,7,2,8,8,8,8,8,1,1,286.419,42,285.82
7601,5981,2,7,2,8,8,8,8,8,1,1,286.595,42,286.107
7602,5981,3,7,2,8,8,8,8,8,1,1,286.145,42,287.065
7603,5982,1,4,2,6,6,6,6,6,0,1,286.648,42,185.043
7604,5982,2,4,2,6,6,6,6,6,0,1,286.334,42,168.164
7605,5982,3,4,2,6,6,6,6,6,0,1,286.99,42,166.706
7606,5983,1,8,3,10,10,10,10,10,0,1,287.434,41,582.067
7607,5983,2,8,3,10,10,10,10,10,0,1,286.758,42,576.53
7608,5983,3,8,3,10,10,10,10,10,0,1,286.628,42,580.894
7609,5984,1,4,1,4,4,4,4,4,0,1,286.666,42,174.44
7610,5984,2,4,1,4,4,4,4,4,0,1,286.358,42,177.093
7611,5984,3,4,1,4,4,4,4,4,0,1,286.568,41,174.886
7612,5985,1,7,2,5,5,5,5,5,1,1,286.282,42,5823.01
7613,5985,2,7,2,5,5,5,5,5,1,1,286.556,42,5785.97
7614,5985,3,7,2,5,5,5,5,5,1,1,286.471,41,5868.39
7615,5986,1,5,1,5,5,5,5,5,1,1,286.8,42,163.225
7616,5986,2,5,1,5,5,5,5,5,1,1,286.305,42,146.836
7617,5986,3,5,1,5,5,5,5,5,1,1,286.111,41,148.466
7618,5987,1,8,2,8,8,8,8,8,1,1,287.271,42,579.738
7619,5987,2,8,2,8,8,8,8,8,1,1,286.766,42,576.049
7620,5987,3,8,2,8,8,8,8,8,1,1,286.701,41,580.098
7621,5988,1,6,2,19,19,19,19,19,0,1,287.017,41,151.381
7622,5988,2,6,2,19,19,19,19,19,0,1,286.574,42,149.854
7623,5988,3,6,2,19,19,19,19,19,0,1,287.213,41,150.642
7624,5989,1,12,4,7,7,7,7,7,1,1,286.524,42,24924.3
7625,5989,2,12,4,7,7,7,7,7,1,1,286.477,42,24997.9
7626,5989,3,12,4,7,7,7,7,7,1,1,286.292,42,24844.7
7627,5990,1,5,2,9,9,9,9,9,0,1,286.398,41,171.837
7628,5990,2,5,2,9,9,9,9,9,0,1,286.9,41,190.611
7629,5990,3,5,2,9,9,9,9,9,0,1,285.827,42,173.064
7630,5991,1,4,1,11,11,11,11,11,0,1,286.275,42,150.943
7631,5991,2,4,1,11,11,11,11,11,0,1,286.628,42,152.229
7632,5991,3,4,1,11,11,11,11,11,0,1,286.57,42,152.068
7633,5992,1,9,3,5,5,5,5,5,1,1,286.552,42,369.621
7634,5992,2,9,3,5,5,5,5,5,1,1,287.192,41,364.166
7635,5992,3,9,3,5,5,5,5,5,1,1,286.704,42,368.803
7636,5993,1,7,3,6,6,6,6,6,1,1,285.808,41,168.713
7637,5993,2,7,3,6,6,6,6,6,1,1,286.163,42,167.176
7638,5993,3,7,3,6,6,6,6,6,1,1,286.039,42,169.019
7639,5994,1,7,4,8,8,8,8,8,0,1,286.577,42,593.763
7640,5994,2,7,4,8,8,8,8,8,0,1,285.853,42,592.98
7641,5994,3,7,4,8,8,8,8,8,0,1,286.617,41,596.275
7642,5995,1,6,1,6,6,6,6,6,3,1,286.135,41,156.549
7643,5995,2,6,1,6,6,6,6,6,3,1,286.554,41,172.15
7644,5995,3,6,1,6,6,6,6,6,3,1,286.583,42,160.479
7645,5996,1,11,4,15,15,15,15,15,0,1,286.661,42,27718.1
7646,5996,2,11,4,15,15,15,15,15,0,1,287.05,42,27165.8
7647,5996,3,11,4,15,15,15,15,15,0,1,287.28,42,28494.4
7648,5997,1,3,2,4,4,4,4,4,0,1,286.757,42,180.497
7649,5997,2,3,2,4,4,4,4,4,0,1,286.279,41,171.614
7650,5997,3,3,2,4,4,4,4,4,0,1,287.256,42,166.997
7651,5998,1,6,1,4,4,4,4,4,1,1,286.697,42,485.721
7652,5998,2,6,1,4,4,4,4,4,1,1,288.305,42,475.044
7653,5998,3,6,1,4,4,4,4,4,1,1,287.332,41,467.922
7654,5999,1,7,2,39,39,39,39,39,0,1,286.811,41,164.333
7655,5999,2,7,2,39,39,39,39,39,0,1,286.441,41,189.986
7656,5999,3,7,2,39,39,39,39,39,0,1,287.031,41,169.838
7657,6000,1,5,1,3,3,3,3,3,1,1,287.349,41,283.593
7658,6000,2,5,1,3,3,3,3,3,1,1,286.39,42,281.812
7659,6000,3,5,1,3,3,3,3,3,1,1,287.324,42,286.419
7660,6001,1,6,2,10,10,10,10,10,0,1,286.429,42,548.667
7661,6001,2,6,2,10,10,10,10,10,0,1,287.652,42,553.49
7662,6001,3,6,2,10,10,10,10,10,0,1,286.874,42,674.09
7663,6002,1,5,2,9,9,9,9,9,0,1,286.547,42,208.009
7664,6002,2,5,2,9,9,9,9,9,0,1,286.54,42,207.605
7665,6002,3,5,2,9,9,9,9,9,0,1,286.795,42,207.769
7666,6003,1,6,2,11,11,11,11,11,0,1,285.938,41,311.748
7667,6003,2,6,2,11,11,11,11,11,0,1,286.729,42,309.221
7668,6003,3,6,2,11,11,11,11,11,0,1,286.782,42,314.36
7669,6004,1,7,2,30,30,30,30,30,0,1,286.237,41,150.035
7670,6004,2,7,2,30,30,30,30,30,0,1,286.796,42,151.793
7671,6004,3,7,2,30,30,30,30,30,0,1,287.172,42,150.729
7672,6005,1,6,3,4,4,4,4,4,0,1,286.885,42,285.763
7673,6005,2,6,3,4,4,4,4,4,0,1,286.134,41,285.162
7674,6005,3,6,3,4,4,4,4,4,0,1,286.905,41,281.233
7675,6006,1,7,3,11,11,11,11,11,1,1,286.682,41,267.394
7676,6006,2,7,3,11,11,11,11,11,1,1,286.087,41,270.254
7677,6006,3,7,3,11,11,11,11,11,1,1,286.168,42,287.864
7678,6007,1,5,2,2,2,2,2,2,1,1,285.938,42,274.181
7679,6007,2,5,2,2,2,2,2,2,1,1,286.434,42,275.541
7680,6007,3,5,2,2,2,2,2,2,1,1,286.14,41,276.821
7681,6008,1,4,1,7,7,7,7,7,0,1,285.937,41,266.665
7682,6008,2,4,1,7,7,7,7,7,0,1,286.649,42,266.184
7683,6008,3,4,1,7,7,7,7,7,0,1,286.487,42,266.134
7684,6009,1,6,2,8,8,8,8,8,0,1,286.191,41,708.526
7685,6009,2,6,2,8,8,8,8,8,0,1,286.49,42,686.7
7686,6009,3,6,2,8,8,8,8,8,0,1,286.915,41,683.376
7687,6010,1,8,3,6,6,6,6,6,1,1,286.296,42,225.25
7688,6010,2,8,3,6,6,6,6,6,1,1,286.021,42,226.461
7689,6010,3,8,3,6,6,6,6,6,1,1,285.854,42,230.831
7690,6011,1,6,2,7,7,7,7,7,1,1,286.532,42,156.918
7691,6011,2,6,2,7,7,7,7,7,1,1,286.646,42,154.906
7692,6011,3,6,2,7,7,7,7,7,1,1,285.921,42,172.916
7693,6012,1,5,3,6,6,6,6,6,0,1,285.993,42,169.42
7694,6012,2,5,3,6,6,6,6,6,0,1,288.037,42,174.621
7695,6012,3,5,3,6,6,6,6,6,0,1,286.646,41,177.822
7696,6013,1,7,3,10,10,10,10,10,0,1,286.618,41,307.813
7697,6013,2,7,3,10,10,10,10,10,0,1,286.02,42,311.415
7698,6013,3,7,3,10,10,10,10,10,0,1,286.463,41,308.21
7699,6014,1,4,2,4,4,4,4,4,0,1,286.795,42,175.855
7700,6014,2,4,2,4,4,4,4,4,0,1,286.891,42,174.151
7701,6014,3,4,2,4,4,4,4,4,0,1,286.62,42,173.106
7702,6015,1,7,3,6,6,6,6,6,2,1,286.728,42,166.651
7703,6015,2,7,3,6,6,6,6,6,2,1,286.707,42,164.19
7704,6015,3,7,3,6,6,6,6,6,2,1,286.879,42,169.49
7705,6016,1,8,3,6,6,6,6,6,1,1,287.098,42,592.542
7706,6016,2,8,3,6,6,6,6,6,1,1,287.399,41,599.176
7707,6016,3,8,3,6,6,6,6,6,1,1,286.631,41,607.976
7708,6017,1,5,2,7,7,7,7,7,0,1,287.467,42,305.15
7709,6017,2,5,2,7,7,7,7,7,0,1,287.054,42,390.367
7710,6017,3,5,2,7,7,7,7,7,0,1,286.832,41,306.345
7711,6018,1,8,2,31,31,31,31,31,0,1,288.148,42,156.495
7712,6018,2,8,2,31,31,31,31,31,0,1,286.887,42,156.358
7713,6018,3,8,2,31,31,31,31,31,0,1,286.433,42,154.344
7714,6019,1,5,2,3,3,3,3,3,1,1,287.036,42,147.219
7715,6019,2,5,2,3,3,3,3,3,1,1,286.863,42,147.207
7716,6019,3,5,2,3,3,3,3,3,1,1,286.785,42,148.906
7717,6020,1,3,2,2,2,2,2,2,0,1,287.061,42,158.933
7718,6020,2,3,2,2,2,2,2,2,0,1,287.216,41,156.062
7719,6020,3,3,2,2,2,2,2,2,0,1,286.798,41,156.845
7720,6021,1,9,4,7,7,7,7,7,0,1,287.013,42,1961.83
7721,6021,2,9,4,7,7,7,7,7,0,1,287.189,42,1994.83
7722,6021,3,9,4,7,7,7,7,7,0,1,288.195,42,1993.45
7723,6022,1,4,1,4,4,4,4,4,0,1,287.044,42,221.526
7724,6022,2,4,1,4,4,4,4,4,0,1,286.684,42,224.836
7725,6022,3,4,1,4,4,4,4,4,0,1,286.307,41,223.51
7726,6023,1,5,1,4,4,4,4,4,1,1,286.816,42,616.245
7727,6023,2,5,1,4,4,4,4,4,1,1,286.722,42,618.358
7728,6023,3,5,1,4,4,4,4,4,1,1,286.58,42,609.857
7729,6024,1,8,3,7,7,7,7,7,2,1,286.696,42,182.475
7730,6024,2,8,3,7,7,7,7,7,2,1,286.509,42,181.604
7731,6024,3,8,3,7,7,7,7,7,2,1,286.454,41,180.72
7732,6025,1,9,4,17,17,17,17,17,0,1,286.919,42,8622.35
7733,6025,2,9,4,17,17,17,17,17,0,1,286.391,42,8590.7
7734,6025,3,9,4,17,17,17,17,17,0,1,287.744,41,8680.3
7735,6026,1,4,2,5,5,5,5,5,0,1,286.678,41,168.974
7736,6026,2,4,2,5,5,5,5,5,0,1,286.899,42,167.615
7737,6026,3,4,2,5,5,5,5,5,0,1,286.32,41,167.597
7738,6027,1,9,3,5,5,5,5,5,1,1,287.4,42,367.493
7739,6027,2,9,3,5,5,5,5,5,1,1,287.357,42,405.155
7740,6027,3,9,3,5,5,5,5,5,1,1,286.722,42,370.938
7741,6028,1,4,1,9,9,9,9,9,0,1,286.963,41,162.984
7742,6028,2,4,1,9,9,9,9,9,0,1,286.966,42,164.145
7743,6028,3,4,1,9,9,9,9,9,0,1,286.602,42,163.649
7744,6029,1,4,2,6,6,6,6,6,0,1,287.162,41,148.418
7745,6029,2,4,2,6,6,6,6,6,0,1,286.612,42,149.783
7746,6029,3,4,2,6,6,6,6,6,0,1,286.942,42,149.656
7747,6030,1,5,2,4,4,4,4,4,0,1,286.657,42,214.929
7748,6030,2,5,2,4,4,4,4,4,0,1,287.61,41,199.414
7749,6030,3,5,2,4,4,4,4,4,0,1,286.859,42,199.468
7750,6031,1,5,3,4,4,4,4,4,0,1,286.597,42,283.294
7751,6031,2,5,3,4,4,4,4,4,0,1,287.207,41,282.769
7752,6031,3,5,3,4,4,4,4,4,0,1,286.583,42,279.382
7753,6032,1,8,2,38,38,38,38,38,0,1,287.187,42,155.034
7754,6032,2,8,2,38,38,38,38,38,0,1,287.442,42,160.775
7755,6032,3,8,2,38,38,38,38,38,0,1,286.623,42,158.007
7756,6033,1,5,3,3,3,3,3,3,1,1,286.511,42,147.766
7757,6033,2,5,3,3,3,3,3,3,1,1,286.506,41,148.289
7758,6033,3,5,3,3,3,3,3,3,1,1,286.733,41,148.441
7759,6034,1,9,3,10,10,10,10,10,1,1,286.954,42,359.703
7760,6034,2,9,3,10,10,10,10,10,1,1,286.211,42,363.189
7761,6034,3,9,3,10,10,10,10,10,1,1,286.678,41,362.854
7762,6035,1,5,2,3,3,3,3,3,1,1,286.737,42,515.305
7763,6035,2,5,2,3,3,3,3,3,1,1,286.488,42,505.355
7764,6035,3,5,2,3,3,3,3,3,1,1,286.399,42,498.404
7765,6036,1,7,2,4,4,4,4,4,1,1,286.898,42,163.005
7766,6036,2,7,2,4,4,4,4,4,1,1,286.353,42,166.157
7767,6036,3,7,2,4,4,4,4,4,1,1,286.417,42,163.062
7768,6037,1,6,1,20,20,20,20,20,0,1,286.574,41,150.89
7769,6037,2,6,1,20,20,20,20,20,0,1,287.398,42,148.638
7770,6037,3,6,1,20,20,20,20,20,0,1,286.84,41,149.695
7771,6038,1,7,2,5,5,5,5,5,2,1,286.494,41,159.284
7772,6038,2,7,2,5,5,5,5,5,2,1,286.835,42,159.702
7773,6038,3,7,2,5,5,5,5,5,2,1,286.392,41,160.853
7774,6039,1,3,1,4,4,4,4,4,0,1,286.726,41,160.083
7775,6039,2,3,1,4,4,4,4,4,0,1,285.951,42,159.383
7776,6039,3,3,1,4,4,4,4,4,0,1,286.693,42,162.165
7777,6040,1,7,3,14,14,14,14,14,0,1,286.767,42,733.861
7778,6040,2,7,3,14,14,14,14,14,0,1,287.2,42,725.089
7779,6040,3,7,3,14,14,14,14,14,0,1,286.188,41,732.362
7780,6041,1,6,2,6,6,6,6,6,1,1,286.53,42,157.555
7781,6041,2,6,2,6,6,6,6,6,1,1,286.688,42,152.974
7782,6041,3,6,2,6,6,6,6,6,1,1,286.266,42,155.033
7783,6042,1,10,4,14,14,14,14,14,0,1,286.831,42,18790.3
7784,6042,2,10,4,14,14,14,14,14,0,1,287.426,41,18637.2
7785,6042,3,10,4,14,14,14,14,14,0,1,286.746,42,18616.7
7786,6043,1,10,3,7,7,7,7,7,1,1,286.504,42,832.588
7787,6043,2,10,3,7,7,7,7,7,1,1,286.202,42,812.549
7788,6043,3,10,3,7,7,7,7,7,1,1,286.167,41,812.298
7789,6044,1,6,2,7,7,7,7,7,1,1,286.148,41,155.102
7790,6044,2,6,2,7,7,7,7,7,1,1,286.944,42,154.65
7791,6044,3,6,2,7,7,7,7,7,1,1,286.668,42,157.014
7792,6045,1,8,2,8,8,8,8,8,1,1,286.922,41,572.609
7793,6045,2,8,2,8,8,8,8,8,1,1,286.983,42,561.406
7794,6045,3,8,2,8,8,8,8,8,1,1,287.04,41,561.618
7795,6046,1,6,1,18,18,18,18,18,0,1,287.611,42,167.04
7796,6046,2,6,1,18,18,18,18,18,0,1,286.849,42,149.428
7797,6046,3,6,1,18,18,18,18,18,0,1,286.441,42,150.234
7798,6047,1,6,2,11,11,11,11,11,0,1,286.654,42,226.092
7799,6047,2,6,2,11,11,11,11,11,0,1,286.29,42,226.838
7800,6047,3,6,2,11,11,11,11,11,0,1,286.377,41,224.24
7801,6048,1,5,2,5,5,5,5,5,1,1,286.859,41,2763.88
7802,6048,2,5,2,5,5,5,5,5,1,1,286.448,42,2761.17
7803,6048,3,5,2,5,5,5,5,5,1,1,286.969,42,2742.42
7804,6049,1,6,2,15,15,15,15,15,0,1,286.653,41,228.502
7805,6049,2,6,2,15,15,15,15,15,0,1,286.829,42,226.95
7806,6049,3,6,2,15,15,15,15,15,0,1,286.846,42,226.551
7807,6050,1,5,2,4,4,4,4,4,1,1,286.464,41,304.712
7808,6050,2,5,2,4,4,4,4,4,1,1,286.174,42,323.015
7809,6050,3,5,2,4,4,4,4,4,1,1,286.473,42,312.251
7810,6051,1,7,1,25,25,25,25,25,0,1,286.088,42,149.016
7811,6051,2,7,1,25,25,25,25,25,0,1,287.019,41,150.174
7812,6051,3,7,1,25,25,25,25,25,0,1,286.351,42,147.477
7813,6052,1,7,2,4,4,4,4,4,2,1,286.141,41,156.829
7814,6052,2,7,2,4,4,4,4,4,2,1,286.122,42,155.497
7815,6052,3,5,2,4,4,4,4,4,1,1,286.679,42,149.129
7816,6053,1,5,2,11,11,11,11,11,0,1,286.389,42,184.207
7817,6053,2,5,2,11,11,11,11,11,0,1,286.709,42,186.387
7818,6053,3,5,2,11,11,11,11,11,0,1,286.733,42,185.277
7819,6054,1,5,1,3,3,3,3,3,1,1,287.136,41,196.688
7820,6054,2,5,1,3,3,3,3,3,1,1,286.619,41,196.11
7821,6054,3,5,1,3,3,3,3,3,1,1,287.07,41,196.307
7822,6055,1,6,1,23,23,23,23,23,0,1,286.731,41,149.179
7823,6055,2,6,1,23,23,23,23,23,0,1,286.511,42,163.833
7824,6055,3,6,1,23,23,23,23,23,0,1,286.428,41,150.052
7825,6056,1,6,2,11,11,11,11,11,0,1,286.687,41,204.949
7826,6056,2,6,2,11,11,11,11,11,0,1,287.308,41,204.312
7827,6056,3,6,2,11,11,11,11,11,0,1,286.047,42,203.556
7828,6057,1,6,2,6,6,6,6,6,0,1,286.857,42,711.308
7829,6057,2,6,2,6,6,6,6,6,0,1,286.256,42,706.454
7830,6057,3,6,2,6,6,6,6,6,0,1,286.723,42,713.939
7831,6058,1,3,1,3,3,3,3,3,0,1,286.091,42,160.059
7832,6058,2,3,1,3,3,3,3,3,0,1,287.138,41,156.6
7833,6058,3,3,1,3,3,3,3,3,0,1,286.659,42,159.041
7834,6059,1,4,1,4,4,4,4,4,1,1,286.617,41,147.717
7835,6059,2,4,1,4,4,4,4,4,1,1,286.118,42,144.115
7836,6059,3,5,1,4,4,4,4,4,1,1,286.232,42,145.512
7837,6060,1,9,3,11,11,11,11,11,1,1,286.199,41,8104.27
7838,6060,2,9,3,11,11,11,11,11,1,1,286.557,42,8162.77
7839,6060,3,9,3,11,11,11,11,11,1,1,286.927,42,8203.26
7840,6061,1,6,2,11,11,11,11,11,0,1,286.19,42,155.213
7841,6061,2,6,2,11,11,11,11,11,0,1,286.755,41,155.624
7842,6061,3,6,2,11,11,11,11,11,0,1,286.18,42,154.582
7843,6062,1,10,4,20,20,20,20,20,0,1,286.682,42,15803.7
7844,6062,2,10,4,20,20,20,20,20,0,1,286.447,42,15717.2
7845,6062,3,10,4,20,20,20,20,20,0,1,286.426,41,15912.4
7846,6063,1,4,1,4,4,4,4,4,0,1,286.721,41,174.437
7847,6063,2,4,1,4,4,4,4,4,0,1,286.627,42,175.158
7848,6063,3,4,1,4,4,4,4,4,0,1,286.829,42,175.885
7849,6064,1,6,2,5,5,5,5,5,1,1,286.875,42,197.919
7850,6064,2,6,2,5,5,5,5,5,1,1,286.65,42,194.473
7851,6064,3,6,2,5,5,5,5,5,1,1,286.635,42,195.169
7852,6065,1,7,2,6,6,6,6,6,1,1,286.722,42,1597.83
7853,6065,2,7,2,6,6,6,6,6,1,1,286.465,42,1611.84
7854,6065,3,7,2,6,6,6,6,6,1,1,286.736,42,1609.77
7855,6066,1,9,3,69,69,69,69,69,0,1,286.586,42,253.444
7856,6066,2,9,3,69,69,69,69,69,0,1,286.135,42,235.629
7857,6066,3,9,3,69,69,69,69,69,0,1,286.413,42,232.386
7858,6067,1,4,2,7,7,7,7,7,0,1,286.651,41,175.669
7859,6067,2,4,2,7,7,7,7,7,0,1,286.769,42,169.303
7860,6067,3,4,2,7,7,7,7,7,0,1,286.548,42,170.608
7861,6068,1,7,2,4,4,4,4,4,2,1,286.601,42,159.049
7862,6068,2,7,2,4,4,4,4,4,2,1,286.553,42,160.304
7863,6068,3,7,2,4,4,4,4,4,2,1,287.118,41,159.031
7864,6069,1,7,3,5,5,5,5,5,2,1,286.654,41,162.679
7865,6069,2,7,3,5,5,5,5,5,2,1,286.133,41,160.329
7866,6069,3,7,3,5,5,5,5,5,2,1,285.952,42,161.313
7867,6070,1,6,2,21,21,21,21,21,0,1,286.779,42,148.672
7868,6070,2,6,2,21,21,21,21,21,0,1,285.837,42,148.368
7869,6070,3,6,2,21,21,21,21,21,0,1,286.729,41,152.516
7870,6071,1,6,1,22,22,22,22,22,0,1,286.036,42,164.914
7871,6071,2,6,1,22,22,22,22,22,0,1,286.63,42,148.854
7872,6071,3,6,1,22,22,22,22,22,0,1,286.478,41,150.858
7873,6072,1,5,2,7,7,7,7,7,0,1,286.744,42,165.923
7874,6072,2,5,2,7,7,7,7,7,0,1,286.36,42,167.076
7875,6072,3,5,2,7,7,7,7,7,0,1,286.059,41,164.795
7876,6073,1,5,2,5,5,5,5,5,0,1,286.373,41,191.865
7877,6073,2,5,2,5,5,5,5,5,0,1,286.052,41,194.1
7878,6073,3,5,2,5,5,5,5,5,0,1,286.156,42,189.73
7879,6074,1,4,1,11,11,11,11,11,0,1,286.631,41,152.123
7880,6074,2,4,1,11,11,11,11,11,0,1,286.155,42,154.153
7881,6074,3,4,1,11,11,11,11,11,0,1,286.282,42,152.052
7882,6075,1,9,4,9,9,9,9,9,2,1,286.246,42,304.935
7883,6075,2,9,4,9,9,9,9,9,2,1,285.94,41,310.191
7884,6075,3,9,4,9,9,9,9,9,2,1,286.778,41,304.003
7885,6076,1,5,2,6,6,6,6,6,0,1,286.569,42,750.866
7886,6076,2,5,2,6,6,6,6,6,0,1,286.264,42,711.238
7887,6076,3,5,2,6,6,6,6,6,0,1,286.422,42,720.258
7888,6077,1,3,2,5,5,5,5,5,0,1,286.486,42,150.832
7889,6077,2,3,2,5,5,5,5,5,0,1,286.672,42,155.569
7890,6077,3,3,2,5,5,5,5,5,0,1,286.532,41,149.963
7891,6078,1,7,2,6,6,6,6,6,1,1,287.246,42,173.985
7892,6078,2,7,2,6,6,6,6,6,1,1,286.374,42,172.518
7893,6078,3,7,2,6,6,6,6,6,1,1,286.27,42,173.157
7894,6079,1,4,2,8,8,8,8,8,0,1,286.638,41,162.888
7895,6079,2,4,2,8,8,8,8,8,0,1,286.208,42,163.315
7896,6079,3,4,2,8,8,8,8,8,0,1,287.76,41,162.039
7897,6080,1,7,2,5,5,5,5,5,1,1,286.735,42,166.759
7898,6080,2,7,2,5,5,5,5,5,1,1,286.346,42,167.146
7899,6080,3,7,2,5,5,5,5,5,1,1,286.543,41,168.041
7900,6081,1,8,3,4,4,4,4,4,1,1,285.893,41,18624.9
7901,6081,2,8,3,4,4,4,4,4,1,1,286.044,42,19135.7
7902,6081,3,8,3,4,4,4,4,4,1,1,286.835,41,18680.2
7903,6082,1,5,2,9,9,9,9,9,0,1,285.964,42,223.902
7904,6082,2,5,2,9,9,9,9,9,0,1,286.848,41,203.168
7905,6082,3,5,2,9,9,9,9,9,0,1,286.054,41,204.765
7906,6083,1,14,6,7,7,7,7,7,1,1,286.359,42,39433.0
7907,6083,2,14,6,7,7,7,7,7,1,1,286.325,41,39043.8
7908,6083,3,14,6,7,7,7,7,7,1,1,285.991,41,38375.3
7909,6084,1,6,1,6,6,6,6,6,1,1,285.949,42,152.617
7910,6084,2,6,1,6,6,6,6,6,1,1,286.896,41,150.945
7911,6084,3,6,1,6,6,6,6,6,1,1,288.212,42,155.591
7912,6085,1,7,3,11,11,11,11,11,0,1,286.132,42,736.76
7913,6085,2,7,3,11,11,11,11,11,0,1,285.976,41,741.157
7914,6085,3,7,3,11,11,11,11,11,0,1,287.16,41,750.129
7915,6086,1,4,2,6,6,6,6,6,0,1,286.479,41,309.053
7916,6086,2,4,2,6,6,6,6,6,0,1,286.846,42,309.742
7917,6086,3,4,2,6,6,6,6,6,0,1,287.472,42,309.106
7918,6087,1,8,3,9,9,9,9,9,0,1,286.059,42,547.697
7919,6087,2,8,3,9,9,9,9,9,0,1,286.493,41,550.18
7920,6087,3,8,3,9,9,9,9,9,0,1,285.89,42,553.556
7921,6088,1,17,5,11,11,11,11,11,1,1,286.706,41,43877.3
7922,6088,2,17,5,11,11,11,11,11,1,1,286.332,42,43867.2
7923,6088,3,17,5,11,11,11,11,11,1,1,286.383,42,43028.6
7924,6089,1,4,1,9,9,9,9,9,0,1,286.291,42,167.05
7925,6089,2,4,1,9,9,9,9,9,0,1,285.824,42,149.373
7926,6089,3,4,1,9,9,9,9,9,0,1,285.852,41,149.64
7927,6090,1,6,2,12,12,12,12,12,0,1,286.533,42,699.983
7928,6090,2,6,2,12,12,12,12,12,0,1,285.92,42,699.841
7929,6090,3,6,2,12,12,12,12,12,0,1,286.058,41,706.567
7930,6091,1,7,3,9,9,9,9,9,0,1,286.658,42,1950.24
7931,6091,2,7,3,9,9,9,9,9,0,1,286.611,42,1949.01
7932,6091,3,7,3,9,9,9,9,9,0,1,286.881,42,1987.0
7933,6092,1,7,3,5,5,5,5,5,1,1,286.276,42,574.419
7934,6092,2,7,3,5,5,5,5,5,1,1,285.719,42,572.44
7935,6092,3,7,3,5,5,5,5,5,1,1,286.549,42,567.611
7936,6093,1,5,1,15,15,15,15,15,0,1,286.163,41,155.636
7937,6093,2,5,1,15,15,15,15,15,0,1,287.408,42,168.974
7938,6093,3,5,1,15,15,15,15,15,0,1,286.499,42,155.992
7939,6094,1,8,3,12,12,12,12,12,2,1,286.667,42,186.79
7940,6094,2,8,3,12,12,12,12,12,2,1,286.578,42,187.376
7941,6094,3,8,3,11,11,11,11,11,2,1,286.027,42,190.473
7942,6095,1,5,2,8,8,8,8,8,0,1,285.984,42,293.598
7943,6095,2,5,2,8,8,8,8,8,0,1,286.51,42,285.816
7944,6095,3,5,2,8,8,8,8,8,0,1,286.009,42,287.584
7945,6096,1,6,2,4,4,4,4,4,1,1,286.072,42,157.824
7946,6096,2,6,2,4,4,4,4,4,1,1,286.276,41,154.251
7947,6096,3,6,2,4,4,4,4,4,1,1,286.721,41,154.069
7948,6097,1,5,3,4,4,4,4,4,1,1,285.944,42,150.273
7949,6097,2,5,3,4,4,4,4,4,1,1,286.047,42,149.412
7950,6097,3,5,3,4,4,4,4,4,1,1,286.398,42,150.242
7951,6098,1,10,3,7,7,7,7,7,1,1,286.509,42,14562.3
7952,6098,2,10,3,7,7,7,7,7,1,1,287.09,42,14696.9
7953,6098,3,10,3,7,7,7,7,7,1,1,286.261,42,14742.8
7954,6099,1,3,1,3,3,3,3,3,0,1,286.101,42,163.079
7955,6099,2,3,1,3,3,3,3,3,0,1,286.326,42,159.915
7956,6099,3,3,1,3,3,3,3,3,0,1,286.695,42,159.969
7957,6100,1,7,2,7,7,7,7,7,1,1,286.605,41,6708.81
7958,6100,2,7,2,7,7,7,7,7,1,1,286.775,42,6720.22
7959,6100,3,7,2,7,7,7,7,7,1,1,285.9,41,6530.76
7960,6101,1,7,2,12,12,12,12,12,0,1,286.751,41,524.703
7961,6101,2,7,2,12,12,12,12,12,0,1,286.565,42,531.634
7962,6101,3,7,2,12,12,12,12,12,0,1,286.06,42,526.421
7963,6102,1,5,2,4,4,4,4,4,1,1,286.729,41,293.719
7964,6102,2,5,2,4,4,4,4,4,1,1,285.989,41,299.126
7965,6102,3,5,2,4,4,4,4,4,1,1,286.497,41,297.186
7966,6103,1,7,2,15,15,15,15,15,0,1,286.93,42,654.12
7967,6103,2,7,2,15,15,15,15,15,0,1,286.17,41,661.616
7968,6103,3,7,2,15,15,15,15,15,0,1,286.768,42,652.664
7969,6104,1,6,1,18,18,18,18,18,0,1,286.037,42,163.023
7970,6104,2,6,1,18,18,18,18,18,0,1,287.163,41,148.461
7971,6104,3,6,1,18,18,18,18,18,0,1,285.854,42,148.054
7972,6105,1,4,1,7,7,7,7,7,0,1,285.905,42,150.598
7973,6105,2,4,1,7,7,7,7,7,0,1,286.747,42,147.548
7974,6105,3,4,1,7,7,7,7,7,0,1,286.673,42,156.524
7975,6106,1,5,1,4,4,4,4,4,1,1,286.314,42,286.221
7976,6106,2,5,1,4,4,4,4,4,1,1,285.979,41,280.981
7977,6106,3,5,1,4,4,4,4,4,1,1,286.487,42,291.602
7978,6107,1,8,3,10,10,10,10,10,1,1,286.709,41,637.698
7979,6107,2,8,3,10,10,10,10,10,1,1,286.581,42,636.049
7980,6107,3,8,3,10,10,10,10,10,1,1,286.585,42,638.245
7981,6108,1,8,4,18,18,18,18,18,1,1,286.454,42,214.592
7982,6108,2,8,4,18,18,18,18,18,1,1,286.134,41,220.522
7983,6108,3,8,4,18,18,18,18,18,1,1,286.797,42,218.27
7984,6109,1,7,2,7,7,7,7,7,1,1,286.682,42,284.985
7985,6109,2,7,2,7,7,7,7,7,1,1,286.7,42,270.099
7986,6109,3,7,2,7,7,7,7,7,1,1,285.924,42,270.477
7987,6110,1,9,3,15,15,15,15,15,0,1,286.761,41,6349.42
7988,6110,2,9,3,15,15,15,15,15,0,1,286.069,42,6370.05
7989,6110,3,9,3,15,15,15,15,15,0,1,286.018,41,6285.6
7990,6111,1,6,3,8,8,8,8,8,0,1,286.211,42,572.383
7991,6111,2,6,3,8,8,8,8,8,0,1,286.089,42,573.255
7992,6111,3,6,3,8,8,8,8,8,0,1,285.859,42,575.126
7993,6112,1,6,2,8,8,8,8,8,0,1,286.741,42,276.888
7994,6112,2,6,2,8,8,8,8,8,0,1,286.464,42,294.857
7995,6112,3,6,2,8,8,8,8,8,0,1,286.575,42,278.019
7996,6113,1,9,3,10,10,10,10,10,2,1,286.503,42,286.144
7997,6113,2,9,3,10,10,10,10,10,2,1,286.725,42,288.75
7998,6113,3,9,3,10,10,10,10,10,2,1,286.701,41,285.857
7999,6114,1,5,2,3,3,3,3,3,1,1,286.431,42,694.122
8000,6114,2,6,2,3,3,3,3,3,1,1,285.823,42,2372.31
8001,6114,3,5,2,3,3,3,3,3,1,1,287.287,42,696.955
8002,6115,1,7,3,8,8,8,8,8,1,1,286.307,41,681.65
8003,6115,2,7,3,8,8,8,8,8,1,1,286.514,42,685.721
8004,6115,3,7,3,8,8,8,8,8,1,1,286.957,42,689.223
8005,6116,1,6,2,8,8,8,8,8,0,1,285.784,41,247.938
8006,6116,2,6,2,8,8,8,8,8,0,1,285.946,42,242.113
8007,6116,3,6,2,8,8,8,8,8,0,1,285.952,41,241.723
8008,6117,1,9,3,14,14,14,14,14,0,1,285.857,42,3403.36
8009,6117,2,9,3,14,14,14,14,14,0,1,285.96,42,3324.23
8010,6117,3,9,3,14,14,14,14,14,0,1,286.175,42,3351.97
8011,6118,1,7,2,4,4,4,4,4,1,1,286.415,41,1895.59
8012,6118,2,7,2,4,4,4,4,4,1,1,286.472,42,1889.16
8013,6118,3,7,2,4,4,4,4,4,1,1,286.554,42,1899.62
8014,6119,1,11,5,8,8,8,8,8,0,1,286.821,42,18210.0
8015,6119,2,11,5,8,8,8,8,8,0,1,286.039,42,18575.8
8016,6119,3,11,5,8,8,8,8,8,0,1,287.072,42,18448.9
8017,6120,1,3,1,4,4,4,4,4,0,1,286.429,41,164.587
8018,6120,2,3,1,4,4,4,4,4,0,1,285.847,42,226.698
8019,6120,3,3,1,4,4,4,4,4,0,1,286.9,42,161.59
8020,6121,1,7,2,6,6,6,6,6,1,1,286.573,42,162.559
8021,6121,2,7,2,6,6,6,6,6,1,1,286.492,42,180.573
8022,6121,3,7,2,6,6,6,6,6,1,1,286.071,41,163.87
8023,6122,1,7,2,29,29,29,29,29,0,1,287.654,42,150.497
8024,6122,2,7,2,29,29,29,29,29,0,1,287.36,42,151.403
8025,6122,3,7,2,29,29,29,29,29,0,1,286.249,42,151.98
8026,6123,1,5,2,5,5,5,5,5,0,1,286.646,42,315.006
8027,6123,2,5,2,5,5,5,5,5,0,1,286.128,42,313.845
8028,6123,3,5,2,5,5,5,5,5,0,1,286.496,42,318.766
8029,6124,1,9,3,15,15,15,15,15,0,1,286.741,42,6251.54
8030,6124,2,9,3,15,15,15,15,15,0,1,286.711,42,6211.24
8031,6124,3,9,3,15,15,15,15,15,0,1,286.368,42,6329.62
8032,6125,1,5,2,4,4,4,4,4,1,1,286.706,42,164.752
8033,6125,2,5,2,4,4,4,4,4,1,1,286.031,42,148.42
8034,6125,3,5,2,4,4,4,4,4,1,1,285.821,41,149.395
8035,6126,1,7,2,4,4,4,4,4,1,1,285.793,41,1883.23
8036,6126,2,7,2,4,4,4,4,4,1,1,286.806,41,1891.55
8037,6126,3,7,2,4,4,4,4,4,1,1,286.47,42,1905.84
8038,6127,1,7,3,9,9,9,9,9,0,1,285.686,42,589.207
8039,6127,2,7,3,9,9,9,9,9,0,1,286.208,41,588.527
8040,6127,3,7,3,9,9,9,9,9,0,1,286.578,41,585.968
8041,6128,1,7,2,4,4,4,4,4,1,1,286.771,41,6584.39
8042,6128,2,7,2,4,4,4,4,4,1,1,285.921,41,6568.58
8043,6128,3,7,2,4,4,4,4,4,1,1,286.023,41,6584.42
8044,6129,1,8,3,10,10,10,10,10,0,1,286.592,41,1800.35
8045,6129,2,8,3,10,10,10,10,10,0,1,286.124,41,1784.36
8046,6129,3,8,3,10,10,10,10,10,0,1,286.05,42,1772.27
8047,6130,1,6,2,4,4,4,4,4,2,1,286.582,42,263.755
8048,6130,2,6,2,4,4,4,4,4,2,1,286.215,42,264.856
8049,6130,3,6,2,4,4,4,4,4,2,1,286.548,42,263.508
8050,6131,1,6,2,36,36,36,36,36,0,1,286.514,42,151.516
8051,6131,2,6,2,36,36,36,36,36,0,1,286.645,42,152.089
8052,6131,3,6,2,36,36,36,36,36,0,1,286.14,41,151.927
8053,6132,1,7,2,4,4,4,4,4,1,1,286.337,41,280.911
8054,6132,2,7,2,4,4,4,4,4,1,1,286.882,42,276.54
8055,6132,3,7,2,4,4,4,4,4,1,1,286.307,42,289.636
8056,6133,1,4,2,4,4,4,4,4,0,1,286.674,42,148.586
8057,6133,2,4,2,4,4,4,4,4,0,1,286.575,41,147.234
8058,6133,3,4,2,4,4,4,4,4,0,1,287.042,42,148.247
8059,6134,1,4,2,3,3,3,3,3,0,1,285.957,42,158.97
8060,6134,2,4,2,3,3,3,3,3,0,1,286.473,42,162.789
8061,6134,3,4,2,3,3,3,3,3,0,1,286.661,41,161.421
8062,6135,1,5,2,7,7,7,7,7,0,1,285.918,42,203.809
8063,6135,2,5,2,7,7,7,7,7,0,1,286.679,42,209.066
8064,6135,3,5,2,7,7,7,7,7,0,1,286.388,42,203.472
8065,6136,1,4,1,9,9,9,9,9,0,1,286.543,41,162.334
8066,6136,2,4,1,9,9,9,9,9,0,1,285.886,41,166.412
8067,6136,3,4,1,9,9,9,9,9,0,1,286.055,42,162.41
8068,6137,1,3,1,5,5,5,5,5,0,1,285.862,41,159.956
8069,6137,2,3,1,5,5,5,5,5,0,1,286.026,42,162.193
8070,6137,3,3,1,5,5,5,5,5,0,1,285.811,42,177.875
8071,6138,1,6,2,3,3,3,3,3,1,1,286.77,42,198.288
8072,6138,2,6,2,3,3,3,3,3,1,1,286.143,42,198.573
8073,6138,3,6,2,3,3,3,3,3,1,1,285.869,42,197.405
8074,6139,1,5,2,6,6,6,6,6,0,1,286.773,42,170.921
8075,6139,2,5,2,6,6,6,6,6,0,1,286.517,42,172.159
8076,6139,3,5,2,6,6,6,6,6,0,1,285.986,42,171.248
8077,6140,1,7,2,4,4,4,4,4,1,1,286.293,42,1907.44
8078,6140,2,7,2,4,4,4,4,4,1,1,285.832,42,1914.67
8079,6140,3,7,2,4,4,4,4,4,1,1,286.664,42,1891.77
8080,6141,1,6,2,8,8,8,8,8,0,1,286.553,41,180.02
8081,6141,2,6,2,8,8,8,8,8,0,1,286.03,41,181.21
8082,6141,3,6,2,8,8,8,8,8,0,1,285.999,42,179.305
8083,6142,1,14,5,10,10,10,10,10,0,1,286.222,41,68676.0
8084,6142,2,14,5,10,10,10,10,10,0,1,286.529,42,69544.7
8085,6142,3,14,5,10,10,10,10,10,0,1,286.705,41,69113.4
8086,6143,1,7,2,9,9,9,9,9,0,1,286.406,42,537.261
8087,6143,2,7,2,9,9,9,9,9,0,1,285.972,41,520.844
8088,6143,3,7,2,9,9,9,9,9,0,1,286.699,42,522.563
8089,6144,1,6,2,5,5,5,5,5,1,1,286.649,41,153.431
8090,6144,2,6,2,5,5,5,5,5,1,1,286.281,42,153.278
8091,6144,3,6,2,5,5,5,5,5,1,1,286.06,42,156.144
8092,6145,1,6,2,3,3,3,3,3,1,1,286.285,42,250.307
8093,6145,2,6,2,3,3,3,3,3,1,1,286.555,41,246.077
8094,6145,3,6,2,3,3,3,3,3,1,1,286.118,42,249.697
8095,6146,1,7,2,15,15,15,15,15,0,1,286.543,41,1494.47
8096,6146,2,7,2,15,15,15,15,15,0,1,286.136,41,1504.72
8097,6146,3,7,2,15,15,15,15,15,0,1,286.746,41,1490.94
8098,6147,1,8,2,40,40,40,40,40,0,1,286.048,41,162.466
8099,6147,2,8,2,40,40,40,40,40,0,1,286.748,42,160.769
8100,6147,3,8,2,40,40,40,40,40,0,1,286.488,42,177.343
8101,6148,1,7,2,9,9,9,9,9,0,1,286.926,41,244.19
8102,6148,2,7,2,9,9,9,9,9,0,1,286.903,41,245.887
8103,6148,3,7,2,9,9,9,9,9,0,1,286.061,42,244.336
8104,6149,1,7,2,4,4,4,4,4,1,1,285.918,41,739.058
8105,6149,2,7,2,4,4,4,4,4,1,1,286.581,41,740.711
8106,6149,3,7,2,4,4,4,4,4,1,1,286.524,42,731.488
8107,6150,1,4,1,8,8,8,8,8,0,1,286.119,42,150.304
8108,6150,2,4,1,8,8,8,8,8,0,1,286.071,42,151.275
8109,6150,3,4,1,8,8,8,8,8,0,1,286.471,41,147.863
8110,6151,1,6,3,14,14,14,14,14,0,1,286.534,41,2062.67
8111,6151,2,6,3,14,14,14,14,14,0,1,286.67,41,2041.11
8112,6151,3,6,3,14,14,14,14,14,0,1,286.718,41,2035.32
8113,6152,1,3,1,4,4,4,4,4,0,1,288.038,42,190.923
8114,6152,2,3,1,4,4,4,4,4,0,1,286.594,42,162.474
8115,6152,3,3,1,4,4,4,4,4,0,1,286.21,42,161.516
8116,6153,1,6,2,7,7,7,7,7,0,1,285.98,42,342.391
8117,6153,2,6,2,7,7,7,7,7,0,1,286.641,41,335.786
8118,6153,3,6,2,7,7,7,7,7,0,1,286.095,41,337.226
8119,6154,1,6,2,6,6,6,6,6,0,1,285.89,42,240.358
8120,6154,2,6,2,6,6,6,6,6,0,1,286.576,42,237.171
8121,6154,3,6,2,6,6,6,6,6,0,1,286.651,42,238.727
8122,6155,1,9,4,9,9,9,9,9,0,1,286.423,42,7376.26
8123,6155,2,9,4,9,9,9,9,9,0,1,286.686,42,7432.2
8124,6155,3,9,4,9,9,9,9,9,0,1,286.515,41,7379.97
8125,6156,1,7,3,3,3,3,3,3,1,1,286.018,42,8800.3
8126,6156,2,7,3,3,3,3,3,3,1,1,286.238,42,8745.78
8127,6156,3,7,3,3,3,3,3,3,1,1,286.421,42,8702.52
8128,6157,1,4,1,7,7,7,7,7,0,1,286.185,42,159.979
8129,6157,2,4,1,7,7,7,7,7,0,1,286.47,42,157.332
8130,6157,3,4,1,7,7,7,7,7,0,1,286.729,41,157.834
8131,6158,1,4,2,2,2,2,2,2,1,1,286.792,41,145.526
8132,6158,2,4,2,2,2,2,2,2,1,1,286.404,42,146.533
8133,6158,3,4,2,2,2,2,2,2,1,1,286.537,41,144.635
8134,6159,1,5,2,6,6,6,6,6,0,1,286.408,41,183.714
8135,6159,2,5,2,6,6,6,6,6,0,1,286.722,42,167.188
8136,6159,3,5,2,6,6,6,6,6,0,1,286.58,42,167.539
8137,6160,1,4,2,4,4,4,4,4,0,1,286.046,41,348.466
8138,6160,2,4,2,4,4,4,4,4,0,1,286.409,42,353.31
8139,6160,3,4,2,4,4,4,4,4,0,1,285.9,42,351.189
8140,6161,1,6,2,5,5,5,5,5,1,1,286.223,42,156.393
8141,6161,2,6,2,5,5,5,5,5,1,1,286.653,42,156.08
8142,6161,3,6,2,5,5,5,5,5,1,1,287.052,42,157.037
8143,6162,1,4,1,3,3,3,3,3,1,1,286.488,41,143.445
8144,6162,2,4,1,3,3,3,3,3,1,1,286.074,42,144.826
8145,6162,3,4,1,3,3,3,3,3,1,1,286.647,42,145.532
8146,6163,1,6,2,12,12,12,12,12,0,1,286.049,41,206.975
8147,6163,2,6,2,12,12,12,12,12,0,1,286.308,42,203.021
8148,6163,3,6,2,12,12,12,12,12,0,1,286.695,42,205.285
8149,6164,1,5,2,5,5,5,5,5,0,1,286.349,41,290.795
8150,6164,2,5,2,5,5,5,5,5,0,1,286.705,42,274.248
8151,6164,3,5,2,5,5,5,5,5,0,1,286.79,42,275.599
8152,6165,1,4,1,2,2,2,2,2,1,1,286.729,42,145.312
8153,6165,2,4,1,2,2,2,2,2,1,1,286.68,42,144.873
8154,6165,3,4,1,2,2,2,2,2,1,1,286.587,42,144.012
8155,6166,1,7,3,7,7,7,7,7,1,1,285.928,41,272.474
8156,6166,2,7,3,7,7,7,7,7,1,1,286.648,42,272.57
8157,6166,3,7,3,7,7,7,7,7,1,1,286.788,42,270.671
8158,6167,1,8,4,8,8,8,8,8,2,1,286.673,42,245.525
8159,6167,2,8,4,8,8,8,8,8,2,1,285.846,41,242.371
8160,6167,3,8,4,8,8,8,8,8,2,1,286.308,42,243.85
8161,6168,1,2,1,2,2,2,2,2,0,1,286.481,42,142.844
8162,6168,2,2,1,2,2,2,2,2,0,1,286.343,41,147.824
8163,6168,3,2,1,2,2,2,2,2,0,1,286.609,42,144.168
8164,6169,1,6,3,13,13,13,13,13,0,1,286.093,42,301.907
8165,6169,2,6,3,13,13,13,13,13,0,1,286.621,42,290.694
8166,6169,3,6,3,13,13,13,13,13,0,1,286.662,42,287.06
8167,6170,1,7,2,30,30,30,30,30,0,1,286.603,42,150.127
8168,6170,2,7,2,30,30,30,30,30,0,1,286.101,42,150.853
8169,6170,3,7,2,30,30,30,30,30,0,1,286.506,42,153.986
8170,6171,1,4,2,7,7,7,7,7,0,1,286.02,42,160.574
8171,6171,2,4,2,7,7,7,7,7,0,1,285.996,41,160.105
8172,6171,3,4,2,7,7,7,7,7,0,1,286.006,42,161.906
8173,6172,1,4,1,12,12,12,12,12,0,1,286.583,42,152.007
8174,6172,2,4,1,12,12,12,12,12,0,1,286.194,42,149.586
8175,6172,3,4,1,12,12,12,12,12,0,1,285.938,42,151.822
8176,6173,1,8,3,6,6,6,6,6,1,1,285.824,42,587.574
8177,6173,2,8,3,6,6,6,6,6,1,1,285.887,42,584.151
8178,6173,3,8,3,6,6,6,6,6,1,1,285.892,41,582.897
8179,6174,1,7,2,28,28,28,28,28,0,1,286.998,42,176.106
8180,6174,2,7,2,28,28,28,28,28,0,1,286.813,42,156.381
8181,6174,3,7,2,28,28,28,28,28,0,1,285.791,42,155.59
8182,6175,1,7,2,7,7,7,7,7,1,1,286.499,41,1906.58
8183,6175,2,7,2,7,7,7,7,7,1,1,286.001,42,1933.22
8184,6175,3,7,2,7,7,7,7,7,1,1,286.482,42,1909.49
8185,6176,1,6,2,9,9,9,9,9,0,1,286.16,42,206.014
8186,6176,2,6,2,9,9,9,9,9,0,1,286.592,42,205.811
8187,6176,3,6,2,9,9,9,9,9,0,1,286.641,42,207.698
8188,6177,1,5,2,6,6,6,6,6,0,1,286.404,42,157.185
8189,6177,2,5,2,6,6,6,6,6,0,1,286.698,41,155.976
